date,GDP,ICT_Production,ICT_Investment,CCSI,BSI_Composite,Corporate_Loan_Rate,productivity_index,Exchange_Rate,BSI_6M_MA,GDP_12M_MA,Exchange_Rate_12M_Std,CCSI_3M_Momentum,ICT_Prod_6M_Momentum,Loan_Rate_Lag_3M
1995-01-01,182209.4,3587.3,2645.5,77.04356887473621,88.60032975495356,11.116655402250522,95.7,770.94,81.86491470103145,186751.875,10.272816509009553,11.53392488398903,370.0,11.116655402250522
1995-02-01,182209.4,3587.3,2645.5,83.52626520041488,87.15077980719701,11.393073097216506,95.7,773.7891666666667,81.86491470103145,186751.875,10.272816509009553,11.53392488398903,370.0,11.116655402250522
1995-03-01,182209.4,3587.3,2645.5,80.72355267547324,84.0553214164529,11.207245587611778,95.7,776.6383333333333,81.86491470103145,186751.875,10.272816509009553,11.53392488398903,370.0,11.116655402250522
1995-04-01,183367.46666666667,3698.933333333333,2671.233333333333,88.57749375872524,75.35197882849768,10.973405949246407,95.7,779.4875000000001,81.86491470103145,186751.875,10.272816509009553,11.53392488398903,370.0,11.116655402250522
1995-05-01,184525.53333333333,3810.5666666666666,2696.9666666666667,84.93157712177484,80.25636659860622,11.532689794716443,95.7,782.3366666666667,81.86491470103145,186751.875,10.272816509009553,1.405311921359953,370.0,11.393073097216506
1995-06-01,185683.6,3922.2,2722.7,84.50313747948525,75.77471180048136,11.39574630406661,95.7,785.1858333333333,81.86491470103145,186751.875,10.272816509009553,3.7795848040120035,370.0,11.207245587611778
1995-07-01,186985.4333333333,3957.3,2798.2,79.22048393865582,77.04120668465077,11.422187516454834,95.7,788.0350000000001,79.93839418931432,186751.875,10.272816509009553,-9.357009820069422,370.0,10.973405949246407
1995-08-01,188287.26666666663,3992.4,2873.7,76.53613527878382,73.46415386347991,11.496891227004122,95.7,790.8841666666667,77.65728986536148,186751.875,10.272816509009553,-8.39544184299102,405.0999999999999,11.532689794716443
1995-09-01,189589.1,4027.5,2949.2,77.88734874551596,73.02403899783027,11.64262875917878,95.7,793.7333333333333,75.81874279559104,186751.875,10.272816509009553,-6.615788733969282,440.1999999999998,11.39574630406661
1995-10-01,190787.2,4061.5,2947.2666666666664,74.8492737583796,78.97969244234596,11.714319905040062,95.7,796.5825,76.42336173123242,186751.875,10.272816509009553,-4.371210180276222,362.56666666666706,11.422187516454834
1995-11-01,191985.3,4095.5,2945.333333333333,81.71745412053998,73.02838190195675,11.582099209775304,95.7,799.4316666666666,75.21869761512417,186751.875,10.272816509009553,5.181318841756166,284.9333333333334,11.496891227004122
1995-12-01,193183.4,4129.5,2943.4,86.12748951169304,72.96470138274671,11.14,95.7,802.2808333333334,74.75036254550173,186751.875,10.272816509009553,8.240140766177078,207.30000000000018,11.64262875917878
1996-01-01,194476.7333333333,4182.566666666667,3017.133333333333,80.37482423932917,69.89324973662806,11.14,95.7,805.13,73.55903638749794,187774.15277777778,10.272816509009603,5.525550480949576,225.26666666666642,11.714319905040062
1996-02-01,195770.06666666665,4235.633333333333,3090.866666666667,79.28234670036252,76.35472492370354,11.21,95.7,817.5008333333333,74.04079823086855,188904.20833333334,11.841231030379332,-2.4351074201774594,243.23333333333312,11.582099209775304
1996-03-01,197063.4,4288.7,3164.6,77.98065249137517,81.67019739710865,11.11,95.7,829.8716666666667,75.48182463074828,190142.04166666666,14.73136944010343,-8.146837020317875,261.1999999999998,11.14
1996-04-01,198328.46666666667,4325.733333333334,3216.333333333333,80.6057359366332,82.41680287769508,10.91,95.7,842.2425000000001,76.05467636997314,191388.79166666666,18.41835332842804,0.23091169730402328,264.2333333333336,11.14
1996-05-01,199593.53333333333,4362.766666666666,3268.0666666666666,76.43046055101273,87.93426061447848,11.1,95.7,854.6133333333333,78.53898948872676,192644.45833333334,22.49601582242971,-2.851886149349795,267.2666666666664,11.21
1996-06-01,200858.6,4399.8,3319.8,71.29315147814026,83.78999759023463,11.15,95.7,866.9841666666666,80.34320552330807,193909.04166666666,26.69430087806573,-6.6875010132349075,270.3000000000002,11.11
1996-07-01,202094.36666666667,4424.266666666666,3361.166666666667,75.82250386195437,87.46989384381521,10.85,95.7,879.355,83.27264620783927,195168.11944444446,30.817643254024816,-4.783232074678821,241.69999999999982,10.91
1996-08-01,203330.13333333333,4448.733333333334,3402.5333333333333,71.4460807273371,79.12278419990031,10.86,95.7,891.7258333333334,83.73398942053872,196421.69166666668,34.7033213501461,-4.984379823675624,213.10000000000036,11.1
1996-09-01,204565.9,4473.2,3443.9,75.48280554990072,87.8586115129872,10.88,95.7,904.0966666666668,84.76539177318516,197669.75833333333,38.197778730403975,4.189654071760458,184.5,11.15
1996-10-01,205763.56666666665,4532.033333333333,3462.2333333333336,76.57114057235603,90.12199136917856,10.89,95.7,916.4675,86.04958985509906,198917.78888888887,41.14073359497086,0.7486367104016551,206.29999999999927,10.85
1996-11-01,206961.2333333333,4590.866666666667,3480.5666666666666,76.13174346557629,96.71629969443396,10.7,95.7,928.8383333333334,87.51326303509164,200165.78333333333,43.350339702416,4.685662738239188,228.10000000000036,10.86
1996-12-01,208158.9,4649.7,3498.9,76.57450233973007,106.03021128182324,10.94,95.7,941.2091666666668,91.21996531702308,201413.74166666667,44.603673903553116,1.0916967898293564,249.89999999999964,10.88
1997-01-01,208493.76666666663,4571.433333333333,3529.333333333333,78.57756847064203,104.47189679855435,11.25,95.7,953.58,94.05363247614628,202581.82777777777,44.603673903553236,2.006427898286006,147.16666666666697,10.89
1997-02-01,208828.63333333333,4493.166666666666,3559.7666666666664,79.12418297620418,102.23357632488116,11.21,95.7,990.3625,97.90543116364307,203670.04166666663,48.38534049210693,2.9924395106278894,44.433333333332484,10.7
1997-03-01,209163.5,4414.9,3590.2,73.74194296563937,104.77360458861048,11.33,95.7,1027.145,100.72459667624696,204678.3833333333,55.41483037399726,-2.8325593740907067,-58.30000000000018,10.94
1997-04-01,211610.26666666663,4575.666666666666,3611.0666666666666,74.15185701948484,102.73567865995504,11.34,95.7,1063.9275,102.82687789137638,205785.19999999995,64.63545565879318,-4.425711451157198,43.63333333333321,11.25
1997-05-01,214057.03333333333,4736.433333333333,3631.933333333333,74.59578937527137,101.53863945569336,11.24,95.7,1100.71,103.63060118491961,206990.49166666667,75.06089014862094,-4.528393600932816,145.5666666666666,11.21
1997-06-01,216503.8,4897.2,3652.8,77.0769066862819,107.34833084321193,11.26,95.7,1137.4925,103.85028777848437,208294.2583333333,85.93649384351403,3.334963720642534,247.5,11.33
1997-07-01,217209.63333333333,4983.366666666667,3655.033333333333,72.79396722586891,103.08531999697924,11.31,95.7,1174.275,103.61919164488853,209553.86388888885,96.68804425258108,-1.357889793615925,411.9333333333334,11.34
1997-08-01,217915.46666666665,5069.533333333333,3657.266666666667,72.93093710716454,108.91931731602914,11.52,95.7,1211.0575,104.73348181007987,210769.30833333332,106.84355314709131,-1.6648522681068272,576.3666666666668,11.24
1997-09-01,218621.3,5155.7,3659.5,71.53848969632733,112.5395242603248,11.71,95.7,1247.84,106.02780175536559,211940.59166666665,115.97331999840415,-5.53841698995457,740.8000000000002,11.26
1997-10-01,218175.76666666663,5099.466666666666,3625.6666666666665,75.76771692715276,118.36644038125743,11.62,95.7,1284.6225,108.63292870891598,212974.94166666665,123.64512784384367,2.9737497012838503,523.8000000000002,11.31
1997-11-01,217730.2333333333,5043.233333333334,3591.833333333333,77.56130998366947,117.33728310888696,12.17,95.7,1321.405,111.26603598444825,213872.3583333333,129.3836104041156,4.630372876504936,306.8000000000002,11.52
1997-12-01,217284.7,4987.0,3558.0,73.7,108.17649050581818,14.98,95.7,1358.1875,111.40406259488263,214632.84166666667,132.62118978975522,2.161510303672671,89.80000000000018,11.71
1998-01-01,212421.76666666663,5124.0,3382.333333333333,73.7,110.48777290348492,17.44,95.7,1394.97,112.6378047459669,214960.17500000002,132.62118978975528,-2.067716927152759,140.6333333333332,11.62
1998-02-01,207558.8333333333,5261.0,3206.6666666666665,73.7,109.9213011814761,17.09,95.7,1377.7766666666666,112.80480205687473,214854.3583333333,125.8800875449964,-3.8613099836694715,191.46666666666715,12.17
1998-03-01,202695.9,5398.0,3031.0,73.7,112.53175153819237,17.14,95.7,1360.5833333333337,112.803506603186,214315.3916666667,114.53770359730633,0.0,242.30000000000018,14.98
1998-04-01,202168.7,5453.3,3059.866666666667,73.7,111.02524771425512,17.19,95.7,1343.39,111.57997449201893,213528.59444444443,100.16724334024667,0.0,353.83333333333394,17.44
1998-05-01,201641.5,5508.599999999999,3088.733333333333,73.7,116.38277291718066,17.04,95.7,1326.1966666666667,111.42088946006788,212493.96666666665,84.16039577399448,0.0,465.3666666666659,17.09
1998-06-01,201114.3,5563.9,3117.6,73.7,109.46954791595236,16.52,95.7,1309.003333333333,111.63639902842358,211211.50833333333,68.03196258634247,0.0,576.8999999999996,17.14
1998-07-01,202426.13333333333,5765.366666666667,3284.233333333333,73.7,103.33416727543394,15.51,95.7,1291.81,110.44413142374843,209979.55000000002,53.83449262182673,0.0,641.3666666666668,17.19
1998-08-01,203737.96666666665,5966.833333333333,3450.866666666667,73.7,106.51092192864104,14.95,95.7,1274.6166666666668,109.87573488160923,208798.09166666665,44.59269186234293,0.0,705.833333333333,17.04
1998-09-01,205049.8,6168.3,3617.5,73.7,111.68827420733496,14.18,95.7,1257.4233333333334,109.73515532646634,207667.13333333333,43.1637552450718,0.0,770.3000000000002,16.52
1998-10-01,206753.5,6264.833333333333,3579.233333333333,73.7,115.7810400363466,12.81,95.7,1240.23,110.52778738014825,206715.27777777778,48.51005738572865,0.0,811.5333333333328,15.51
1998-11-01,208457.2,6361.366666666667,3540.9666666666667,73.7,119.37874105402577,11.62,95.7,1223.0366666666669,111.02711540295577,205942.525,56.19339194842548,0.0,852.7666666666673,14.95
1998-12-01,210160.9,6457.9,3502.7,73.7,115.08775733635478,10.96,95.7,1205.8433333333337,111.96348363968951,205348.875,61.99144492948051,0.0,894.0,14.18
1999-01-01,212336.6,6512.366666666667,3559.5,73.7,108.12480155128095,10.64,95.7,1188.65,112.761922685664,205341.77777777775,61.991444929480366,0.0,747.0,12.81
1999-02-01,214512.3,6566.833333333333,3616.3,73.7,105.67505439426714,10.21,95.7,1183.8558333333335,112.62261142993503,205921.23333333337,60.35368961429121,0.0,600.0,11.62
1999-03-01,216688.0,6621.3,3673.1,73.7,101.68780841823944,9.84,95.7,1179.0616666666667,110.95586713175244,207087.24166666667,57.45911644282239,0.0,453.0,10.96
1999-04-01,219821.5,6861.366666666667,3927.4,73.7,101.71181783264412,9.28,95.7,1174.2675,108.61099676446871,208558.30833333335,53.596853741593414,0.0,596.5333333333338,10.64
1999-05-01,222955.0,7101.433333333333,4181.7,73.7,101.84358997252625,8.68,95.7,1169.4733333333334,105.68847158421879,210334.43333333335,49.00545432799662,0.0,740.0666666666666,10.21
1999-06-01,226088.5,7341.5,4436.0,73.7,107.9554962672428,8.55,95.7,1164.6791666666668,104.49976140603344,212415.61666666667,43.89813296190729,0.0,883.6000000000004,9.84
1999-07-01,228253.2,7511.3,4601.633333333333,73.7,106.03348486973272,8.41,95.7,1159.885,104.1512086257754,214567.87222222218,38.48284938592078,0.0,998.9333333333334,9.28
1999-08-01,230417.9,7681.099999999999,4767.266666666666,73.7,107.01321639533283,8.39,95.7,1155.0908333333332,104.37423562595302,216791.20000000004,32.98438502108367,0.0,1114.2666666666664,8.68
1999-09-01,232582.6,7850.9,4932.9,73.7,112.2486308042494,8.41,95.7,1150.2966666666666,106.134372690288,219085.59999999998,27.676019302722494,0.0,1229.5999999999995,8.55
1999-10-01,234658.2333333333,8033.333333333333,5321.766666666666,73.7,113.50406302066608,8.26,95.7,1145.5025,108.09974688829168,221410.99444444443,22.928471488827586,0.0,1171.9666666666662,8.41
1999-11-01,236733.86666666667,8215.766666666666,5710.633333333333,73.7,111.1002886939944,8.13,95.7,1140.7083333333333,109.64253000853637,223767.38333333333,19.26259912519805,0.0,1114.333333333333,8.39
1999-12-01,238809.5,8398.2,6099.5,73.7,110.81929407580974,8.17,95.7,1135.9141666666665,110.11982964329752,226154.76666666663,17.28561373979287,0.0,1056.7000000000007,8.41
2000-01-01,240397.36666666667,8697.533333333335,6358.9,73.7,101.76021897057988,8.22,95.7,1131.12,109.40761866010537,228493.1638888889,17.285613739792804,0.0,1186.2333333333345,8.26
2000-02-01,241985.2333333333,8996.866666666667,6618.3,73.7,105.40629169098004,8.24,95.7,1144.4425,109.1397978760466,230782.57499999998,15.468977250488356,0.0,1315.7666666666673,8.13
2000-03-01,243573.1,9296.2,6877.7,73.7,99.90197467512364,8.44,95.7,1157.765,107.08202185452564,233023.0,13.44734110392649,0.0,1445.300000000001,8.17
2000-04-01,244824.03333333333,9548.366666666669,6996.033333333333,73.7,97.15672156782789,8.2,95.7,1171.0875,104.35746494571926,235106.54444444444,13.001804281850003,0.0,1515.0333333333356,8.22
2000-05-01,246074.96666666667,9800.533333333336,7114.366666666667,73.7,98.8794464451154,8.24,95.7,1184.41,102.32065790423944,237033.20833333334,15.318209672809868,0.0,1584.76666666667,8.24
2000-06-01,247325.9,10052.7,7232.7,73.7,95.3914989404301,8.21,95.7,1197.7324999999998,99.74935871500948,238802.99166666667,19.834933229020283,0.0,1654.5,8.44
2000-07-01,249589.66666666663,10172.866666666669,7316.933333333333,73.7,101.0602616868042,8.15,95.7,1211.0549999999998,99.63269916771354,240581.03055555557,25.421465228847655,0.0,1475.333333333334,8.2
2000-08-01,251853.4333333333,10293.033333333336,7401.166666666666,73.7,102.10959651509506,8.02,95.7,1224.3775,99.08324997173271,242367.32499999995,31.29026359045195,0.0,1296.1666666666697,8.24
2000-09-01,254117.2,10413.2,7485.4,73.7,92.49486490784057,8.09,95.7,1237.7,97.84873167718554,244161.875,36.91813880282076,0.0,1117.0,8.21
2000-10-01,253835.8,10480.566666666668,7515.2,73.7,96.09897047154192,8.13,95.7,1251.0225,97.67243982780455,245760.00555555554,41.88045508490665,0.0,932.1999999999989,8.15
2000-11-01,253554.4,10547.933333333332,7545.0,73.7,99.20934113559834,8.11,95.7,1264.345,97.72742227621836,247161.71666666667,45.753130208137506,0.0,747.399999999996,8.02
2000-12-01,253273.0,10615.3,7574.8,73.7,98.8230216261454,8.11,95.7,1277.6675,98.29934272383758,248367.00833333333,48.03495686737091,0.0,562.5999999999985,8.09
2001-01-01,254122.26666666663,10937.133333333331,7854.333333333333,73.7,102.63158944031532,8.23,95.7,1290.99,98.5612306827561,249510.75,48.03495686737082,0.0,764.2666666666628,8.13
2001-02-01,254971.53333333333,11258.966666666664,8133.866666666667,73.7,101.60768265920947,8.05,95.7,1287.628333333333,98.47757837344183,250592.94166666665,45.91599999579225,0.0,965.933333333327,8.11
2001-03-01,255820.8,11580.8,8413.4,73.7,99.26345008742014,8.02,95.7,1284.2666666666669,99.60567590337176,251613.58333333328,42.290601572087844,0.0,1167.5999999999985,8.11
2001-04-01,257106.63333333333,11462.866666666669,8405.066666666666,73.7,96.80873925033718,7.85,95.7,1280.905,99.72397069983765,252637.1333333333,37.599521854500075,0.0,982.3000000000011,8.23
2001-05-01,258392.46666666665,11344.933333333332,8396.733333333334,73.7,97.31794260462752,7.74,95.7,1277.5433333333333,99.40873761134252,253663.59166666665,32.20299110765362,0.0,797.0,8.05
2001-06-01,259678.3,11227.0,8388.4,73.7,98.88264761638447,7.61,95.7,1274.1816666666666,99.41867527638236,254692.95833333334,26.435475426040323,0.0,611.7000000000007,8.02
2001-07-01,260780.7333333333,11126.0,8192.1,73.7,100.9182609905219,7.55,95.7,1270.8200000000002,99.13312053475012,255625.5472222222,20.6613171904947,0.0,188.8666666666686,7.85
2001-08-01,261883.16666666663,11025.0,7995.8,73.7,110.87938002693508,7.29,95.7,1267.4583333333337,100.67840342937104,256461.3583333333,15.372301581527866,0.0,-233.9666666666635,7.74
2001-09-01,262985.6,10924.0,7799.5,73.7,112.77064409502572,7.12,95.7,1264.0966666666668,102.92960243063864,257200.39166666663,11.381672610019088,0.0,-656.7999999999993,7.61
2001-10-01,264318.0333333333,11479.966666666667,8095.933333333333,73.7,113.117227527669,6.93,95.7,1260.735,105.64768381019394,258073.91111111105,9.818192787467881,0.0,17.099999999998545,7.55
2001-11-01,265650.4666666667,12035.933333333332,8392.366666666667,73.7,113.24694821312944,6.78,95.7,1257.3733333333334,108.3025180782776,259081.91666666663,10.67804354490573,0.0,691.0,7.29
2001-12-01,266982.9,12591.9,8688.8,73.7,110.51041386419412,6.69,95.7,1254.0116666666668,110.2404791195792,260224.4083333333,12.120661537690717,0.0,1364.8999999999996,7.12
2002-01-01,269461.9,12723.733333333334,8964.433333333332,73.7,113.93293598489274,6.69,95.7,1250.65,112.40959161864102,261502.7111111111,12.120661537690749,0.0,1597.7333333333336,6.93
2002-02-01,271940.9,12855.566666666666,9240.066666666668,73.7,112.58999563490404,6.59,95.7,1245.75,112.69469421996916,262916.825,12.340137997088348,0.0,1830.5666666666657,6.78
2002-03-01,274419.9,12987.4,9515.7,73.7,117.9978110950574,6.57,95.7,1240.85,113.56588871997447,264466.75,12.743570831522309,0.0,2063.3999999999996,6.69
2002-04-01,276161.1666666667,13161.933333333332,9517.7,73.7,118.36519279956003,6.58,95.7,1235.95,114.44054959862297,266054.6277777778,13.286989763292718,0.0,1681.9666666666653,6.69
2002-05-01,277902.43333333335,13336.466666666667,9519.7,73.7,118.7903964299606,6.46,95.7,1231.05,115.3644576347615,267680.4583333333,13.924181228918739,0.0,1300.5333333333347,6.59
2002-06-01,279643.7,13511.0,9521.7,73.7,121.4543435368434,6.47,95.7,1226.15,117.18844591353637,269344.2416666667,14.610767513584303,0.0,919.1000000000004,6.57
2002-07-01,281374.9666666667,13524.666666666666,9535.333333333334,73.7,126.34878370415385,6.48,95.7,1221.25,119.25775386674655,271060.42777777783,15.305926810155293,0.0,800.9333333333325,6.58
2002-08-01,283106.23333333334,13538.333333333334,9548.966666666667,73.7,128.44875957826892,6.41,95.7,1216.35,121.90088119064069,272829.01666666666,15.972415154746539,0.0,682.7666666666682,6.46
2002-09-01,284837.5,13552.0,9562.6,73.7,125.87222253629348,6.46,95.7,1211.45,123.21328309751338,274650.00833333336,16.575630607933576,0.0,564.6000000000004,6.47
2002-10-01,285734.1666666667,13798.8,9582.133333333331,73.7,122.75510498727824,6.44,95.7,1206.55,123.94493512879974,276434.68611111114,17.08219344497595,0.0,636.8666666666668,6.48
2002-11-01,286630.8333333333,14045.6,9601.666666666668,73.7,117.86286460630332,6.41,95.7,1201.65,123.79034649152352,278183.05,17.458217906014163,0.0,709.1333333333332,6.41
2002-12-01,287527.5,14292.4,9621.2,73.7,120.21280673702836,6.41,95.7,1196.75,123.58342369155436,279895.10000000003,17.667201249778493,0.0,781.3999999999996,6.46
2003-01-01,287012.5,14331.0,9392.366666666669,73.7,120.278167169926,6.35,95.7,1191.85,122.57165426918304,281357.64999999997,17.667201249778625,0.0,806.3333333333339,6.44
2003-02-01,286497.5,14369.6,9163.533333333336,73.7,116.578024034546,6.24,95.7,1187.8408333333332,120.59319834522923,282570.7,17.54511466674314,0.0,831.2666666666664,6.41
2003-03-01,285982.5,14408.2,8934.7,73.7,120.54860800187018,6.37,95.7,1183.8316666666665,119.70592925615868,283534.25,17.324405142055273,0.0,856.2000000000007,6.41
2003-04-01,286045.5333333333,14451.133333333331,8983.933333333334,73.7,124.1724836934753,6.31,95.7,1179.8225,119.94215904052487,284357.9472222222,17.026675837889567,0.0,652.3333333333321,6.35
2003-05-01,286108.56666666665,14494.066666666668,9033.166666666666,73.7,127.70517815822632,6.18,95.7,1175.8133333333333,121.58254463251204,285041.7916666667,16.672696298832005,0.0,448.46666666666715,6.24
2003-06-01,286171.6,14537.0,9082.4,73.7,127.09030868951228,6.18,95.7,1171.8041666666666,122.72879495792601,285585.7833333333,16.283181519431714,0.0,244.60000000000036,6.37
2003-07-01,287696.9666666667,14819.633333333331,9210.533333333333,73.7,128.51535727225908,6.14,95.7,1167.795,124.1016599749815,286112.6166666667,15.87938491149737,0.0,488.6333333333314,6.31
2003-08-01,289222.3333333333,15102.266666666666,9338.666666666666,73.7,132.03148042608782,5.99,95.7,1163.7858333333334,126.6772360402385,286622.2916666667,15.483504244966564,0.0,732.6666666666661,6.18
2003-09-01,290747.7,15384.9,9466.8,73.7,137.8048390138297,5.95,95.7,1159.7766666666666,129.55327454223175,287114.80833333335,15.118847559101406,0.0,976.6999999999989,6.18
2003-10-01,293218.93333333335,15692.866666666669,9347.533333333333,73.7,141.4267981234591,5.99,95.7,1155.7675,132.4289936138957,287738.53888888884,14.809664821053092,0.0,1241.7333333333372,6.14
2003-11-01,295690.1666666667,16000.833333333332,9228.266666666666,73.7,145.1492470576052,6.11,95.7,1151.7583333333332,135.33633843045885,288493.48333333334,14.580536924356014,0.0,1506.7666666666646,5.99
2003-12-01,298161.4,16308.8,9109.0,73.7,150.5707683495326,6.18,95.7,1147.7491666666667,139.2497483737956,289379.64166666666,14.45525598855439,0.0,1771.7999999999993,5.95
2004-01-01,299575.7,16577.266666666666,8898.366666666667,73.7,146.29288759789102,6.23,95.7,1143.74,142.21267009473425,290426.575,14.455255988554358,0.0,1757.633333333335,5.99
2004-02-01,300990.0,16845.733333333334,8687.733333333334,73.7,138.61992714042,6.11,95.7,1133.7725,143.31074454712294,291634.2833333334,15.355808513158241,0.0,1743.4666666666672,6.11
2004-03-01,302404.3,17114.2,8477.1,73.7,133.37595142307265,6.13,95.7,1123.805,142.5725966153301,293002.76666666666,17.02913960931442,0.0,1729.300000000001,6.18
2004-04-01,303244.9,17278.433333333334,8458.2,73.7,124.82180573678518,6.01,95.7,1113.8375,139.8050978842178,294436.0472222222,19.24605971578385,0.0,1585.5666666666657,6.23
2004-05-01,304085.5,17442.666666666668,8439.3,73.7,128.9513974694852,5.95,95.7,1103.87,137.10545628619778,295934.125,21.77909462607813,0.0,1441.8333333333358,6.11
2004-06-01,304926.1,17606.9,8420.4,73.7,133.11359988209395,6.08,95.7,1093.9025,134.19592820829135,297497.0,24.441824326123257,0.0,1298.1000000000022,6.13
2004-07-01,305186.1333333333,17552.8,8408.8,73.7,127.92489075921472,5.97,95.7,1083.935,131.13459540184527,298954.43055555556,27.086440821729745,0.0,975.5333333333328,6.01
2004-08-01,305446.1666666667,17498.7,8397.2,73.7,128.5424731627507,5.86,95.7,1073.9675,129.4550197389004,300306.4166666667,29.590129575370426,0.0,652.9666666666672,5.95
2004-09-01,305706.2,17444.6,8385.6,73.7,126.6985532979113,5.77,95.7,1064.0,128.3421200513735,301552.9583333333,31.84210800749975,0.0,330.3999999999978,6.08
2004-10-01,306541.43333333335,17656.333333333332,8480.633333333333,73.7,124.72797794597672,5.73,95.7,1054.0325,128.32648208623877,302663.1666666667,33.73291232033299,0.0,377.8999999999978,5.97
2004-11-01,307376.6666666667,17868.066666666666,8575.666666666668,73.7,118.16074034818962,5.63,95.7,1044.065,126.52803923268952,303637.0416666667,35.14445221879855,0.0,425.3999999999978,5.86
2004-12-01,308211.9,18079.8,8670.7,73.7,117.76456201711908,5.54,95.7,1034.0975,123.96986625519368,304474.5833333333,35.93833233818931,0.0,472.8999999999978,5.77
2005-01-01,309173.63333333336,18272.1,8780.266666666666,73.7,112.99018691931352,5.64,95.7,1024.13,121.48074894854348,305274.4111111111,35.93833233818917,0.0,719.2999999999993,5.73
2005-02-01,310135.36666666664,18464.4,8889.833333333334,73.7,114.54330924316793,5.63,95.7,1018.3758333333334,119.14755496194635,306036.52499999997,35.370138243980215,0.0,965.7000000000007,5.63
2005-03-01,311097.1,18656.7,8999.4,73.7,119.34126818098622,5.65,95.7,1012.6216666666668,117.92134077579219,306760.925,34.35213292214357,0.0,1212.1000000000022,5.54
2005-04-01,313041.4333333333,18797.566666666666,9001.233333333334,73.7,117.38867042192685,5.66,95.7,1006.8675,116.6981228551172,307577.3027777778,32.98303117349165,0.0,1141.2333333333336,5.64
2005-05-01,314985.76666666666,18938.43333333333,9003.066666666666,73.7,112.19109826930756,5.57,95.7,1001.1133333333336,115.70318250863686,308485.6583333333,31.351606544698807,0.0,1070.366666666665,5.63
2005-06-01,316930.1,19079.3,9004.9,73.7,106.4571537394907,5.6,95.7,995.3591666666669,113.81861446236546,309485.99166666664,29.54375412871167,0.0,999.5,5.65
2005-07-01,318413.1666666666,19270.366666666665,9033.166666666666,73.7,100.66918945545756,5.58,95.7,989.605,111.76511488505615,310588.2444444444,27.648501994922146,0.0,998.2666666666664,5.66
2005-08-01,319896.23333333334,19461.43333333333,9061.433333333334,73.7,96.32267500860404,5.53,95.7,983.8508333333334,108.72834251262883,311792.4166666667,25.76361526101128,0.0,997.0333333333292,5.57
2005-09-01,321379.3,19652.5,9089.7,73.7,96.52652606899068,5.67,95.7,978.0966666666668,104.9258854939629,313098.50833333336,24.000437326351463,0.0,995.7999999999993,5.6
2005-10-01,322608.5,19865.733333333334,9131.033333333336,73.7,98.92784053326096,5.75,95.7,972.3425,101.84908051251858,314437.43055555556,22.48597484174057,0.0,1068.1666666666679,5.58
2005-11-01,323837.7,20078.966666666667,9172.366666666669,73.7,96.79886338695118,5.75,95.7,966.5883333333334,99.28370803212584,315809.1833333333,21.35788408835318,0.0,1140.5333333333365,5.53
2005-12-01,325066.9,20292.2,9213.7,73.7,87.57965598519598,5.8,95.7,960.8341666666668,96.13745840641006,317213.76666666666,20.746942964233337,0.0,1212.9000000000015,5.67
2006-01-01,326789.4,20448.533333333333,9134.966666666667,73.7,89.8854844806963,5.85,95.7,955.08,94.34017424394987,318681.7472222222,20.746942964233128,0.0,1178.1666666666679,5.75
2006-02-01,328511.9,20604.86666666667,9056.233333333334,73.7,91.08437371687636,5.94,95.7,952.92,93.4671240286619,320213.125,20.2689593015775,0.0,1143.433333333338,5.75
2006-03-01,330234.4,20761.2,8977.5,73.7,92.19277921178124,5.99,95.7,950.76,92.74483288579368,321807.89999999997,19.42016116338269,0.0,1108.7000000000007,5.8
2006-04-01,331028.8666666667,20906.63333333333,9212.366666666669,73.7,90.24477516503626,5.92,95.7,948.6,91.2976553244229,323306.85277777776,18.284039902371767,0.0,1040.8999999999978,5.85
2006-05-01,331823.3333333333,21052.066666666666,9447.233333333334,73.7,99.95794143734066,5.99,95.7,946.44,91.82416833282115,324709.98333333334,16.931288252390058,0.0,973.0999999999985,5.94
2006-06-01,332617.8,21197.5,9682.1,73.7,103.9728613595243,6.09,95.7,944.28,94.55636922854252,326017.2916666667,15.42692907049483,0.0,905.2999999999993,5.99
2006-07-01,334355.4666666667,21410.166666666668,9741.733333333334,73.7,109.1375715793334,6.16,95.7,942.12,97.7650504116487,327345.8166666667,13.83633074556322,0.0,961.633333333335,5.92
2006-08-01,336093.1333333333,21622.83333333333,9801.366666666669,73.7,112.26132105307316,6.2,95.7,939.96,101.29454163434816,328695.55833333335,12.23176764624248,0.0,1017.9666666666599,5.99
2006-09-01,337830.8,21835.5,9861.0,73.7,110.4946143768129,6.21,95.7,937.8,104.34484749518678,330066.51666666666,10.70070674940884,0.0,1074.2999999999993,6.09
2006-10-01,338766.0333333333,21876.9,9918.5,73.7,113.83655453072836,6.18,95.7,935.64,108.27681072280213,331412.97777777776,9.35534773960247,0.0,970.2666666666701,6.16
2006-11-01,339701.26666666666,21918.3,9976.0,73.7,111.09885901011742,6.16,95.7,933.48,110.13363031826492,332734.9416666667,8.336228333941843,0.0,866.2333333333336,6.2
2006-12-01,340636.5,21959.7,10033.5,73.7,108.34631430653738,6.3,95.7,931.32,110.8625391427671,334032.4083333334,7.787990754999828,0.0,762.2000000000007,6.21
2007-01-01,342649.3333333333,22089.533333333333,10055.5,73.7,112.09942749294376,6.39,95.7,929.16,111.35618179503551,335354.06944444444,7.7879907549996386,0.0,679.366666666665,6.18
2007-02-01,344662.1666666667,22219.36666666667,10077.5,73.7,108.26333971840184,6.43,95.7,943.6766666666666,110.68985157259029,336699.925,6.914270334548553,0.0,596.5333333333401,6.16
2007-03-01,346675.0,22349.2,10099.5,73.7,112.48446562195042,6.41,95.7,958.1933333333332,111.02149344677986,338069.97500000003,8.160235330952464,0.0,513.7000000000007,6.3
2007-04-01,348631.2,22540.86666666667,10129.8,73.7,105.96051852313444,6.37,95.7,972.71,109.70882077884755,339536.8361111111,12.199669601419574,0.0,663.9666666666672,6.39
2007-05-01,350587.4,22732.533333333333,10160.1,73.7,107.61829581561496,6.51,95.7,987.2266666666666,109.12872691309714,341100.50833333336,17.71229595354862,0.0,814.2333333333336,6.43
2007-06-01,352543.6,22924.2,10190.4,73.7,114.21016172070702,6.47,95.7,1001.7433333333332,110.10603481545873,342760.99166666664,23.8289590868252,0.0,964.5,6.41
2007-07-01,353935.1333333333,23251.033333333333,10233.133333333331,73.7,108.7305244136796,6.46,95.7,1016.26,109.54455096891472,344392.6305555555,30.083575106054123,0.0,1161.5,6.37
2007-08-01,355326.6666666667,23577.86666666667,10275.866666666669,73.7,111.96792051971194,6.59,95.7,1030.7766666666666,110.16198110246641,345995.425,36.14690266662648,0.0,1358.5,6.51
2007-09-01,356718.2,23904.7,10318.6,73.7,100.921142478842,6.74,95.7,1045.2933333333333,108.234760578615,347569.375,41.72739700252189,0.0,1555.5,6.47
2007-10-01,359059.56666666665,24157.666666666668,10349.733333333334,73.7,91.87415713025426,6.82,95.7,1059.81,105.88703367980162,349260.5027777778,46.526728478142736,0.0,1616.7999999999993,6.46
2007-11-01,361400.93333333335,24410.63333333333,10380.866666666669,73.7,91.19232437764236,6.82,95.7,1074.3266666666666,103.14937177347286,351068.80833333335,50.20580910206152,0.0,1678.0999999999985,6.59
2007-12-01,363742.3,24663.6,10412.0,73.7,91.60049406254652,7.16,95.7,1088.8433333333332,99.38109383044612,352994.2916666667,52.34058601548628,0.0,1739.3999999999978,6.74
2008-01-01,364656.4666666667,24792.5,10460.2,73.7,92.40213022788149,7.26,95.7,1103.36,96.65969479947977,354828.21944444446,52.34058601548651,0.0,1541.4666666666672,6.82
2008-02-01,365570.6333333333,24921.4,10508.4,73.7,95.50532143075284,6.93,95.7,1117.7758333333331,93.91592828465325,356570.5916666666,52.32660917578903,0.0,1343.5333333333328,6.82
2008-03-01,366484.8,25050.3,10556.6,73.7,92.5915659299543,6.92,95.7,1132.1916666666666,92.5276655265053,358221.40833333327,52.30120189790497,0.0,1145.5999999999985,7.16
2008-04-01,366929.4666666667,25154.1,10449.3,73.7,91.36360933799352,6.91,95.7,1146.6074999999998,92.44257422779516,359746.26388888893,52.26690237643649,0.0,996.4333333333307,7.26
2008-05-01,367374.1333333333,25257.9,10342.0,73.7,85.33333333333333,6.96,95.7,1161.0233333333333,91.46607572041034,361145.15833333327,52.22624551951832,0.0,847.2666666666701,6.93
2008-06-01,367818.8,25361.7,10234.7,73.7,85.33333333333333,7.04,95.7,1175.4391666666666,90.42154893220813,362418.0916666666,52.18176664281785,0.0,698.1000000000022,6.92
2008-07-01,368632.56666666665,25544.233333333334,10252.766666666666,73.7,90.0,7.12,95.7,1189.855,90.02119389422789,363642.8777777778,52.13600394607863,0.0,751.7333333333336,6.91
2008-08-01,369446.3333333333,25726.766666666663,10270.833333333334,92.3,84.0,7.3,95.7,1204.2708333333333,88.10364032243575,364819.51666666666,52.091499768661116,18.599999999999994,805.3666666666613,6.96
2008-09-01,370260.1,25909.3,10288.9,91.0,81.66666666666667,7.44,95.7,1218.6866666666665,86.28282377855447,365948.0083333333,52.050800612908326,17.299999999999997,859.0,7.04
2008-10-01,366096.1333333333,25570.766666666663,10278.7,78.2,77.0,7.8,95.7,1233.1025,83.88888888888889,366534.3888888888,52.01645592148948,4.5,416.66666666666424,7.12
2008-11-01,361932.1666666667,25232.233333333334,10268.5,73.2,65.33333333333333,7.51,95.7,1247.5183333333332,80.55555555555556,366578.6583333334,51.991015597273915,-19.099999999999994,-25.66666666666788,7.3
2008-12-01,357768.2,24893.7,10258.3,68.0,56.0,6.87,95.7,1261.9341666666664,75.66666666666667,366080.81666666665,51.9770262618796,-23.0,-468.0,7.44
2009-01-01,358082.7,25171.466666666667,9813.733333333334,75.3,51.66666666666666,5.94,95.7,1276.35,69.27777777777777,365533.0027777778,51.9770262618797,-2.9000000000000057,-372.7666666666664,7.8
2009-02-01,358397.2,25449.233333333334,9369.166666666666,77.0,60.0,5.56,95.7,1266.3208333333332,65.27777777777777,364935.21666666673,48.97971738667074,3.799999999999997,-277.5333333333292,7.51
2009-03-01,358711.7,25727.0,8924.6,73.3,69.33333333333333,5.48,95.7,1256.2916666666663,63.22222222222222,364287.4583333333,44.03830877225604,5.299999999999997,-182.29999999999927,6.87
2009-04-01,360328.13333333336,25849.766666666663,9077.666666666666,93.9,76.0,5.43,95.7,1246.2624999999998,63.05555555555555,363737.3472222222,37.96164268164309,18.60000000000001,279.0,5.94
2009-05-01,361944.56666666665,25972.533333333333,9230.733333333334,105.2,76.66666666666667,5.43,95.7,1236.2333333333331,64.94444444444444,363284.8833333333,31.549759062581312,28.200000000000003,740.2999999999993,5.56
2009-06-01,363561.0,26095.3,9383.8,107.8,73.33333333333333,5.53,95.7,1226.2041666666669,67.83333333333333,362930.06666666665,25.813705884476693,34.5,1201.5999999999985,5.48
2009-07-01,367258.0,26434.466666666667,9516.033333333333,110.2,75.0,5.53,95.7,1216.175,71.72222222222221,362815.51944444445,22.15573869102123,16.299999999999997,1263.0,5.43
2009-08-01,370955.0,26773.63333333333,9648.266666666666,118.4,77.0,5.6,95.7,1206.1458333333333,74.55555555555556,362941.2416666667,21.879755550909213,13.200000000000003,1324.3999999999978,5.43
2009-09-01,374652.0,27112.8,9780.5,117.9,86.66666666666667,5.78,95.7,1196.1166666666666,77.44444444444444,363307.23333333334,24.748230054820656,10.100000000000009,1385.7999999999993,5.53
2009-10-01,375566.76666666666,27407.033333333333,10128.833333333334,123.1,89.33333333333333,5.84,95.7,1186.0875,79.66666666666667,364096.4527777778,29.112801882676273,12.899999999999991,1557.26666666667,5.53
2009-11-01,376481.5333333333,27701.266666666663,10477.166666666666,118.2,83.66666666666667,5.84,95.7,1176.0583333333334,80.83333333333333,365308.89999999997,33.35008118847889,-0.20000000000000284,1728.73333333333,5.6
2009-12-01,377396.3,27995.5,10825.5,116.6,90.66666666666669,5.79,95.7,1166.0291666666667,83.72222222222223,366944.575,36.16067466684575,-1.3000000000000114,1900.2000000000007,5.78
2010-01-01,380343.7,28258.666666666668,10712.8,117.2,87.0,5.92,95.7,1156.0,85.72222222222223,368799.65833333327,36.160674666845615,-5.8999999999999915,1824.2000000000007,5.84
2010-02-01,383291.1,28521.83333333333,10600.1,114.7,86.66666666666667,5.83,95.7,1151.9991666666667,87.33333333333333,370874.14999999997,35.35765310184912,-3.5,1748.199999999997,5.84
2010-03-01,386238.5,28785.0,10487.4,114.6,89.66666666666667,5.74,95.7,1147.9983333333334,87.83333333333333,373168.05,33.93007887405088,-2.0,1672.2000000000007,5.79
2010-04-01,388318.6666666667,29104.033333333333,10605.666666666666,114.2,88.66666666666667,5.51,95.7,1143.9975,87.72222222222223,375500.5944444444,32.01797205923058,-3.0,1697.0,5.92
2010-05-01,390398.8333333333,29423.066666666666,10723.933333333334,114.3,94.0,5.48,95.7,1139.996666666667,89.44444444444446,377871.7833333334,29.740694497547267,-0.4000000000000057,1721.800000000003,5.83
2010-06-01,392479.0,29742.1,10842.2,116.1,99.66666666666669,5.4,95.7,1135.9958333333334,90.94444444444446,380281.6166666667,27.208784429418476,1.5,1746.5999999999985,5.74
2010-07-01,393809.2,29982.366666666665,10858.5,116.0,96.33333333333331,5.45,95.7,1131.995,92.5,382494.21666666673,24.53402489195951,1.7999999999999972,1723.699999999997,5.51
2010-08-01,395139.4,30222.63333333333,10874.8,113.6,92.33333333333331,5.57,95.7,1127.9941666666666,93.44444444444444,384509.5833333333,21.84030806023852,-0.7000000000000028,1700.800000000003,5.48
2010-09-01,396469.6,30462.9,10891.1,112.5,92.33333333333331,5.51,95.7,1123.993333333333,93.8888888888889,386327.71666666673,19.276851322424466,-3.5999999999999943,1677.9000000000015,5.4
2010-10-01,398335.06666666665,30585.06666666667,10928.033333333333,112.1,97.0,5.41,95.7,1119.9925,95.27777777777777,388225.075,17.03224457990141,-3.9000000000000057,1481.0333333333365,5.45
2010-11-01,400200.5333333333,30707.233333333334,10964.966666666667,115.4,98.66666666666669,5.4,95.7,1115.9916666666668,96.05555555555556,390201.6583333334,15.337321567687548,1.8000000000000114,1284.1666666666679,5.57
2010-12-01,402066.0,30829.4,11001.9,114.2,96.33333333333331,5.52,95.7,1111.9908333333333,95.5,392257.4666666666,14.425209727928527,1.7000000000000028,1087.300000000003,5.51
2011-01-01,403345.6,31220.2,11400.766666666666,112.7,90.66666666666669,5.71,95.7,1107.99,94.55555555555556,394174.2916666667,14.42520972792838,0.6000000000000085,1237.8333333333358,5.41
2011-02-01,404625.2,31611.0,11799.633333333331,110.3,90.33333333333331,5.81,95.13333333333334,1109.5541666666668,94.22222222222223,395952.1333333333,13.725990199060883,-5.1000000000000085,1388.3666666666686,5.4
2011-03-01,405904.8,32001.8,12198.5,98.9,92.66666666666669,5.96,94.56666666666666,1111.118333333333,94.27777777777779,397590.99166666664,12.5421792958866,-15.299999999999997,1538.8999999999978,5.52
2011-04-01,406492.1,32055.1,12330.0,101.1,96.66666666666669,5.8,94.0,1112.6825,94.22222222222223,399105.4444444445,11.029983650535124,-11.600000000000009,1470.0333333333292,5.71
2011-05-01,407079.4,32108.4,12461.5,104.9,96.66666666666669,5.83,93.83333333333331,1114.246666666667,93.8888888888889,400495.49166666664,9.323167295612407,-5.3999999999999915,1401.1666666666679,5.81
2011-06-01,407666.7,32161.7,12593.0,102.4,93.66666666666669,5.89,93.66666666666669,1115.8108333333334,93.44444444444446,401761.1333333333,7.5589089604236746,3.5,1332.2999999999993,5.96
2011-07-01,408295.2333333333,32134.166666666668,12569.333333333334,102.9,89.0,5.98,93.5,1117.375,93.16666666666669,402968.3027777777,5.911677591403196,1.8000000000000114,913.9666666666672,5.8
2011-08-01,408923.76666666666,32106.63333333333,12545.666666666666,98.1,86.0,5.92,93.93333333333334,1118.9391666666666,92.44444444444446,404117.0,4.646144859809455,-6.800000000000011,495.6333333333314,5.83
2011-09-01,409552.3,32079.1,12522.0,97.3,87.33333333333333,5.87,94.36666666666666,1120.503333333333,91.55555555555556,405207.2249999999,4.108325058415684,-5.1000000000000085,77.29999999999927,5.89
2011-10-01,410467.8333333333,32150.43333333333,12253.033333333333,100.0,89.0,5.86,94.8,1122.0675,90.27777777777779,406218.2888888889,4.386376392170229,-2.9000000000000057,95.33333333333212,5.98
2011-11-01,411383.3666666667,32221.766666666663,11984.066666666668,104.8,88.0,5.9,93.36666666666666,1123.631666666667,88.83333333333333,407150.19166666665,5.067761531948662,6.700000000000003,113.36666666666133,5.92
2011-12-01,412298.9,32293.1,11715.1,98.5,88.0,5.81,91.93333333333334,1125.1958333333332,87.8888888888889,408002.93333333335,5.639683120060895,1.2000000000000028,131.39999999999782,5.87
2012-01-01,413612.8333333334,32250.466666666667,12109.8,97.1,86.0,5.83,90.5,1126.76,87.3888888888889,408858.5361111111,5.639683120061092,-2.9000000000000057,116.29999999999927,5.86
2012-02-01,414926.76666666666,32207.83333333333,12504.5,101.6,89.66666666666667,5.74,91.4,1124.1166666666666,88.0,409717.0,5.167209027338069,-3.200000000000003,101.19999999999709,5.9
2012-03-01,416240.7,32165.2,12899.2,102.1,91.66666666666669,5.79,92.3,1121.4733333333334,88.72222222222223,410578.325,4.483161455067712,3.5999999999999943,86.10000000000218,5.81
2012-04-01,416826.4666666667,32535.8,12796.933333333334,106.6,90.66666666666669,5.76,93.2,1118.83,89.0,411439.52222222224,3.8481221972158552,9.5,385.3666666666686,5.83
2012-05-01,417412.2333333333,32906.4,12694.666666666666,106.9,90.66666666666669,5.74,92.7,1116.1866666666667,89.44444444444446,412300.59166666673,3.581793467622865,5.300000000000011,684.6333333333387,5.74
2012-06-01,417998.0,33277.0,12592.4,100.8,89.66666666666667,5.67,92.2,1113.5433333333333,89.72222222222223,413161.5333333334,3.919046329428354,-1.2999999999999972,983.9000000000015,5.79
2012-07-01,418619.2,33289.96666666667,12449.433333333332,99.4,84.33333333333333,5.53,91.7,1110.9,89.44444444444446,414021.8638888889,4.773781167188642,-7.199999999999989,1039.5,5.76
2012-08-01,419240.4,33302.933333333334,12306.466666666667,99.8,82.33333333333333,5.36,93.56666666666666,1108.256666666667,88.22222222222223,414881.5833333333,5.89123507379424,-7.1000000000000085,1095.1000000000058,5.74
2012-09-01,419861.6,33315.9,12163.5,97.8,82.33333333333333,5.3,95.43333333333334,1105.6133333333332,86.66666666666667,415740.6916666667,7.063600405933397,-3.0,1150.7000000000007,5.67
2012-10-01,420903.56666666665,33701.200000000004,12144.933333333332,99.1,82.33333333333333,5.08,97.3,1102.97,85.27777777777779,416610.3361111111,8.144337703717877,-0.30000000000001137,1165.400000000005,5.53
2012-11-01,421945.5333333333,34086.5,12126.366666666669,99.3,78.66666666666667,5.05,96.36666666666666,1100.3266666666666,83.27777777777779,417490.51666666666,9.010392562602275,-0.5,1180.0999999999985,5.36
2012-12-01,422987.5,34471.8,12107.8,98.2,76.66666666666667,5.01,95.43333333333334,1097.6833333333334,81.1111111111111,418381.23333333334,9.530673871489679,0.4000000000000057,1194.800000000003,5.3
2013-01-01,424105.8,34567.86666666667,12132.9,101.8,69.66666666666667,5.04,94.5,1095.04,78.66666666666667,419255.64722222224,9.530673871489514,2.700000000000003,1277.9000000000015,5.08
2013-02-01,425224.1,34663.933333333334,12158.0,101.1,89.0,5.03,94.83333333333331,1091.5466666666666,79.77777777777777,420113.7583333333,9.650947420401598,1.7999999999999972,1361.0,5.05
2013-03-01,426342.4,34760.0,12183.1,104.2,89.0,4.86,95.16666666666669,1088.0533333333333,80.88888888888889,420955.56666666665,9.8714171738633,6.0,1444.0999999999985,5.01
2013-04-01,427948.3,35101.5,12037.1,101.6,91.33333333333331,4.82,95.5,1084.56,82.38888888888889,421882.3861111111,10.168735606682938,-0.20000000000000284,1400.2999999999956,5.04
2013-05-01,429554.2,35443.0,11891.1,104.2,92.33333333333331,4.73,95.86666666666666,1081.0666666666666,84.66666666666666,422894.2166666666,10.518556570341078,3.1000000000000085,1356.5,5.03
2013-06-01,431160.1,35784.5,11745.1,105.1,88.66666666666667,4.7,96.23333333333332,1077.5733333333333,86.66666666666667,423991.0583333333,10.897105456196202,0.8999999999999915,1312.699999999997,4.86
2013-07-01,432601.6333333333,35464.433333333334,12054.366666666669,104.8,88.0,4.69,96.6,1074.08,89.72222222222221,425156.26111111115,11.281952525073029,3.200000000000003,896.5666666666657,4.82
2013-08-01,434043.1666666667,35144.36666666667,12363.633333333331,105.0,87.33333333333333,4.61,97.5,1070.5866666666666,89.44444444444444,426389.825,11.65214451152193,0.7999999999999972,480.4333333333343,4.73
2013-09-01,435484.7,34824.3,12672.9,101.4,89.33333333333333,4.59,98.4,1067.0933333333332,89.5,427691.75,11.987907501429973,-3.6999999999999886,64.30000000000291,4.7
2013-10-01,436756.56666666665,35163.86666666667,12728.633333333331,106.7,92.33333333333331,4.56,99.3,1063.6,89.66666666666667,429012.8333333333,12.27008303258266,1.9000000000000057,62.36666666666861,4.69
2013-11-01,438028.43333333335,35503.433333333334,12784.366666666669,108.3,92.0,4.58,98.26666666666668,1060.1066666666666,89.6111111111111,430353.07499999995,12.479374427883693,3.299999999999997,60.4333333333343,4.61
2013-12-01,439300.3,35843.0,12840.1,107.5,88.66666666666667,4.67,97.23333333333332,1056.6133333333332,89.6111111111111,431712.47500000003,12.595392455628863,6.099999999999994,58.5,4.59
2014-01-01,440423.5,36178.9,12742.933333333334,110.2,87.66666666666667,4.62,96.2,1053.12,89.55555555555554,433072.2833333334,12.595392455628664,3.5,714.4666666666672,4.56
2014-02-01,441546.7,36514.8,12645.766666666666,109.2,87.0,4.58,96.96666666666668,1059.6533333333332,89.5,434432.5,11.488918976973068,0.9000000000000057,1370.4333333333343,4.58
2014-03-01,442669.9,36850.7,12548.6,109.7,92.0,4.57,97.73333333333332,1066.1866666666665,89.94444444444444,435793.125,9.938591246237376,2.200000000000003,2026.3999999999942,4.67
2014-04-01,444070.7333333333,37092.76666666666,12691.733333333334,109.7,96.33333333333331,4.51,98.5,1072.7199999999998,90.61111111111113,437136.6611111111,8.630923028472761,-0.5,1928.8999999999942,4.62
2014-05-01,445471.5666666667,37334.833333333336,12834.866666666669,105.3,91.0,4.5,97.86666666666666,1079.253333333333,90.44444444444446,438463.10833333334,8.371687414645784,-3.9000000000000057,1831.4000000000015,4.58
2014-06-01,446872.4,37576.9,12978.0,108.1,90.0,4.53,97.23333333333332,1085.7866666666666,90.66666666666667,439772.46666666673,9.58754410787199,-1.6000000000000085,1733.9000000000015,4.57
2014-07-01,447256.1,36847.43333333333,12964.8,105.6,89.33333333333333,4.54,96.6,1092.32,90.94444444444444,440993.6722222222,11.907943193990356,-4.1000000000000085,668.5333333333256,4.51
2014-08-01,447639.8,36117.96666666667,12951.6,107.5,89.66666666666667,4.35,97.53333333333332,1098.8533333333332,91.38888888888887,442126.7249999999,14.729170763510878,2.200000000000003,-396.83333333333576,4.5
2014-09-01,448023.5,35388.5,12938.4,108.4,89.0,4.28,98.46666666666668,1105.3866666666663,90.88888888888887,443171.625,17.607621857449736,0.30000000000001137,-1462.199999999997,4.53
2014-10-01,448818.7333333333,35810.86666666667,13025.333333333334,105.6,91.66666666666669,4.14,99.4,1111.92,90.11111111111113,444176.8055555555,20.226919556563097,0.0,-1281.8999999999942,4.54
2014-11-01,449613.9666666667,36233.23333333333,13112.266666666666,103.4,90.33333333333331,4.02,98.2,1118.4533333333334,90.0,445142.26666666666,22.31071624263702,-4.099999999999994,-1101.6000000000058,4.35
2014-12-01,450409.2,36655.6,13199.2,101.7,89.33333333333333,4.07,97.0,1124.986666666667,89.8888888888889,446068.0083333333,23.556268333036073,-6.700000000000003,-921.3000000000029,4.28
2015-01-01,451707.06666666665,36871.5,13192.233333333334,103.2,88.33333333333333,4.02,95.8,1131.52,89.72222222222223,447008.3055555555,23.55626833303634,-2.3999999999999915,24.066666666672972,4.14
2015-02-01,453004.93333333335,37087.4,13185.266666666666,103.9,86.33333333333333,4.02,95.63333333333333,1133.9275,89.16666666666667,447963.1583333334,23.007843772464092,0.5,969.4333333333343,4.02
2015-03-01,454302.8,37303.3,13178.3,102.0,89.66666666666667,3.81,95.46666666666668,1136.335,89.27777777777777,448932.56666666665,22.03427579050413,0.29999999999999716,1914.800000000003,4.07
2015-04-01,454954.06666666665,37165.76666666667,13206.5,104.9,93.66666666666669,3.67,95.3,1138.7425,89.6111111111111,449839.5111111111,20.731415084402197,1.7000000000000028,1354.9000000000015,4.02
2015-05-01,455605.3333333333,37028.23333333333,13234.7,106.3,92.0,3.71,95.33333333333331,1141.15,89.8888888888889,450683.9916666667,19.180260695778276,2.3999999999999915,795.0,4.02
2015-06-01,456256.6,36890.7,13262.9,98.8,86.33333333333333,3.61,95.36666666666667,1143.5575,89.3888888888889,451466.0083333333,17.455165034444704,-3.200000000000003,235.09999999999854,3.81
2015-07-01,458512.9,37047.53333333333,13206.566666666666,100.9,90.66666666666669,3.54,95.4,1145.965,89.77777777777777,452404.075,15.630737965120323,-4.0,176.03333333333285,3.67
2015-08-01,460769.2,37204.36666666666,13150.233333333334,102.2,90.66666666666669,3.57,96.13333333333334,1148.3725,90.5,453498.1916666667,13.789395891681922,-4.099999999999994,116.96666666665988,3.71
2015-09-01,463025.5,37361.2,13093.9,103.5,92.33333333333331,3.56,96.86666666666666,1150.78,90.94444444444446,454748.3583333334,12.030998934163136,4.700000000000003,57.89999999999418,3.61
2015-10-01,464218.3333333333,37934.9,13044.933333333332,106.1,92.66666666666669,3.57,97.6,1153.1875,90.77777777777777,456031.6583333334,10.484199921590793,5.199999999999989,769.1333333333314,3.54
2015-11-01,465411.1666666667,38508.6,12995.966666666667,106.7,94.0,3.56,97.13333333333333,1155.595,91.1111111111111,457348.09166666673,9.3112951153341,4.5,1480.3666666666686,3.57
2015-12-01,466604.0,39082.3,12947.0,103.3,92.33333333333331,3.62,96.66666666666669,1158.0025,92.1111111111111,458697.6583333334,8.680364695697504,-0.20000000000000284,2191.600000000006,3.56
2016-01-01,467202.76666666666,39442.03333333333,12920.766666666666,100.6,90.33333333333331,3.57,96.2,1160.41,92.05555555555554,459988.96666666673,8.680364695697651,-5.5,2394.5,3.57
2016-02-01,467801.5333333333,39801.76666666667,12894.533333333333,98.3,87.66666666666667,3.57,96.63333333333334,1157.9158333333337,91.55555555555554,461222.01666666666,8.096305541803789,-8.400000000000006,2597.4000000000087,3.56
2016-03-01,468400.3,40161.5,12868.3,100.6,90.0,3.6,97.06666666666666,1155.4216666666666,91.16666666666667,462396.80833333335,7.167631374486335,-2.700000000000003,2800.300000000003,3.62
2016-04-01,470357.3666666666,40359.93333333333,12970.233333333334,102.3,93.66666666666669,3.55,97.5,1152.9275,91.33333333333333,463680.4166666667,6.09531501144153,1.7000000000000028,2425.0333333333256,3.57
2016-05-01,472314.43333333335,40558.36666666667,13072.166666666666,99.8,89.33333333333333,3.55,97.73333333333332,1150.4333333333334,90.55555555555554,465072.8416666666,5.110933329586719,1.5,2049.76666666667,3.57
2016-06-01,474271.5,40756.8,13174.1,99.3,93.33333333333331,3.41,97.96666666666668,1147.9391666666668,90.72222222222221,466574.0833333333,4.51960794037116,-1.2999999999999972,1674.5,3.6
2016-07-01,474882.8666666666,40640.4,13169.5,101.6,92.0,3.37,98.2,1145.4450000000002,91.0,467938.24722222215,4.595867860286141,-0.7000000000000028,1198.3666666666686,3.55
2016-08-01,475494.2333333333,40524.0,13164.9,102.6,92.66666666666669,3.38,98.6,1142.950833333333,91.83333333333333,469165.33333333326,5.307396411725549,2.799999999999997,722.2333333333299,3.55
2016-09-01,476105.6,40407.6,13160.3,102.5,93.66666666666669,3.37,99.0,1140.4566666666667,92.44444444444446,470255.3416666666,6.35889112989328,3.200000000000003,246.09999999999854,3.41
2016-10-01,477328.3,40720.4,13189.433333333332,102.8,95.66666666666669,3.38,99.4,1137.9625,92.77777777777777,471347.8388888889,7.46326262538505,1.2000000000000028,360.4666666666744,3.37
2016-11-01,478551.0,41033.2,13218.566666666668,95.9,92.66666666666669,3.45,98.23333333333332,1135.4683333333332,93.33333333333333,472442.82499999995,8.40523032162562,-6.699999999999989,474.8333333333285,3.38
2016-12-01,479773.7,41346.0,13247.7,94.2,92.0,3.54,97.06666666666668,1132.9741666666666,93.11111111111113,473540.3,8.992845806237133,-8.299999999999997,589.1999999999971,3.37
2017-01-01,481578.5,41379.73333333333,13557.733333333334,93.2,91.33333333333331,3.55,95.9,1130.48,93.0,474738.27777777775,8.992845806236918,-9.599999999999994,739.3333333333285,3.38
2017-02-01,483383.3,41413.46666666667,13867.766666666666,94.4,89.66666666666667,3.49,97.5,1127.9883333333332,92.5,476036.7583333333,8.992499140890443,-1.5,889.4666666666672,3.45
2017-03-01,485188.1,41447.2,14177.8,97.0,91.66666666666669,3.53,99.1,1125.496666666667,92.16666666666667,477435.74166666664,8.99186885867663,2.799999999999997,1039.5999999999985,3.54
2017-04-01,486376.1333333333,41547.1,14216.266666666666,101.8,96.66666666666669,3.42,100.7,1123.005,92.33333333333333,478770.63888888893,8.99101797869549,8.599999999999994,826.6999999999971,3.55
2017-05-01,487564.1666666667,41647.0,14254.733333333334,109.2,94.33333333333331,3.45,100.1,1120.513333333333,92.6111111111111,480041.44999999995,8.990009508331417,14.799999999999997,613.8000000000029,3.49
2017-06-01,488752.2,41746.9,14293.2,112.6,99.0,3.45,99.5,1118.0216666666663,93.77777777777777,481248.175,8.98890645650234,15.599999999999994,400.90000000000146,3.53
2017-07-01,490992.3,42286.03333333333,14515.5,112.7,97.0,3.44,98.9,1115.53,94.72222222222223,482590.6277777778,8.987771842499992,10.900000000000006,906.3000000000029,3.42
2017-08-01,493232.4,42825.16666666667,14737.8,111.3,96.0,3.44,102.4,1113.0383333333334,95.77777777777779,484068.80833333335,8.986668700418928,2.0999999999999943,1411.7000000000044,3.45
2017-09-01,495472.5,43364.3,14960.1,108.9,98.66666666666669,3.48,105.9,1110.5466666666666,96.94444444444444,485682.7166666666,8.985660079168193,-3.6999999999999886,1917.1000000000058,3.45
2017-10-01,495088.1,43711.8,15085.5,110.5,99.33333333333331,3.45,109.4,1108.0549999999998,97.3888888888889,487162.69999999995,8.984809038059606,-2.200000000000003,2164.7000000000044,3.44
2017-11-01,494703.7,44059.3,15210.9,113.9,96.33333333333331,3.54,106.1,1105.5633333333333,97.72222222222221,488508.7583333333,8.984178637965618,2.6000000000000085,2412.300000000003,3.44
2017-12-01,494319.3,44406.8,15336.3,112.3,98.66666666666669,3.64,102.8,1103.0716666666667,97.66666666666667,489720.8916666666,8.983831928045664,3.3999999999999915,2659.9000000000015,3.48
2018-01-01,496741.56666666665,44898.16666666667,15364.666666666666,111.6,96.33333333333331,3.68,99.5,1100.58,97.55555555555554,490984.48055555555,8.983831928045417,1.0999999999999943,2612.1333333333387,3.45
2018-02-01,499163.8333333333,45389.53333333333,15393.033333333333,109.8,95.0,3.69,100.63333333333334,1106.0408333333332,97.38888888888887,492299.52499999997,8.134152996196486,-4.1000000000000085,2564.3666666666613,3.54
2018-03-01,501586.1,45880.9,15421.4,109.7,95.0,3.66,101.76666666666668,1111.5016666666666,96.77777777777777,493666.02499999997,7.0215048381954865,-2.5999999999999943,2516.5999999999985,3.64
2018-04-01,502889.6333333333,46278.46666666667,15412.3,108.7,100.66666666666669,3.64,102.9,1116.9625,97.0,495042.14999999997,6.282715280892196,-2.8999999999999915,2566.6666666666642,3.68
2018-05-01,504193.1666666667,46676.03333333333,15403.2,109.6,101.66666666666669,3.66,103.43333333333334,1122.4233333333332,97.8888888888889,496427.9000000001,6.56922824885884,-0.20000000000000284,2616.73333333333,3.69
2018-06-01,505496.7,47073.6,15394.1,106.9,100.66666666666669,3.63,103.96666666666668,1127.8841666666665,98.22222222222223,497823.27499999997,7.996936859335403,-2.799999999999997,2666.7999999999956,3.66
2018-07-01,506360.9,47711.566666666666,15453.466666666667,102.1,97.33333333333331,3.64,104.5,1133.3449999999998,98.3888888888889,499103.9916666667,10.128637855803557,-6.6000000000000085,2813.399999999994,3.64
2018-08-01,507225.1,48349.53333333333,15512.833333333334,100.1,98.66666666666669,3.62,105.1,1138.805833333333,99.00000000000001,500270.05,12.526895237575275,-9.5,2960.0,3.66
2018-09-01,508089.3,48987.5,15572.2,101.0,98.33333333333331,3.62,105.7,1144.2666666666669,99.55555555555556,501321.45,14.897354698753208,-5.900000000000006,3106.5999999999985,3.63
2018-10-01,509036.26666666666,48430.96666666667,15608.066666666668,100.2,98.33333333333331,3.65,106.3,1149.7275,99.16666666666667,502483.79722222226,17.021094395932444,-1.8999999999999915,2152.5,3.64
2018-11-01,509983.2333333333,47874.43333333333,15643.933333333332,96.6,97.66666666666669,3.69,104.83333333333331,1155.1883333333333,98.5,503757.0916666666,18.695240569876404,-3.5,1198.3999999999942,3.62
2018-12-01,510930.2,47317.9,15679.8,97.8,98.0,3.77,103.36666666666667,1160.6491666666666,98.05555555555554,505141.3333333333,19.689314590103447,-3.200000000000003,244.3000000000029,3.62
2019-01-01,511074.8,47432.43333333333,15617.866666666669,98.5,96.0,3.81,101.9,1166.11,97.83333333333333,506335.7694444444,19.689314590103663,-1.7000000000000028,-279.13333333333867,3.65
2019-02-01,511219.4,47546.96666666667,15555.933333333332,100.6,94.66666666666669,3.78,101.9,1167.2683333333332,97.16666666666667,507340.39999999997,19.123715620460466,4.0,-802.5666666666657,3.69
2019-03-01,511364.0,47661.5,15494.0,100.8,98.0,3.71,101.9,1168.4266666666665,97.11111111111113,508155.22500000003,18.127532557749046,3.0,-1326.0,3.77
2019-04-01,513611.8,48283.86666666667,15591.433333333332,102.8,100.66666666666669,3.71,101.9,1169.585,97.5,509048.73888888885,16.801685829627004,4.299999999999997,-147.09999999999854,3.81
2019-05-01,515859.6,48906.23333333333,15688.866666666669,98.9,97.33333333333331,3.67,102.2,1170.743333333333,97.44444444444446,510020.94166666665,15.228178567217793,-1.6999999999999886,1031.800000000003,3.78
2019-06-01,518107.4,49528.6,15786.3,98.6,97.66666666666669,3.58,102.5,1171.9016666666666,97.3888888888889,511071.8333333333,13.478932631697894,-2.200000000000003,2210.699999999997,3.71
2019-07-01,518460.2333333333,50313.333333333336,15863.166666666666,96.9,100.33333333333331,3.52,102.8,1173.06,98.11111111111113,512080.11111111107,11.622378536444298,-5.8999999999999915,2880.9000000000087,3.71
2019-08-01,518813.0666666667,51098.066666666666,15940.033333333333,93.3,93.0,3.32,104.56666666666666,1174.2183333333332,97.83333333333333,513045.7750000001,9.730395321826718,-5.6000000000000085,3551.0999999999985,3.67
2019-09-01,519165.9,51882.8,16016.9,98.0,86.0,3.42,106.33333333333331,1175.3766666666666,95.83333333333333,513968.82499999995,7.888721087208036,-0.5999999999999943,4221.300000000003,3.58
2019-10-01,520892.3,51505.1,15958.566666666666,99.7,86.33333333333333,3.28,108.1,1176.535,93.44444444444444,514956.82777777774,6.216091797774237,2.799999999999997,3221.23333333333,3.52
2019-11-01,522618.7,51127.4,15900.233333333334,102.0,94.66666666666669,3.29,103.96666666666668,1177.6933333333334,93.0,516009.78333333327,4.8958067907444045,8.700000000000003,2221.1666666666715,3.32
2019-12-01,524345.1,50749.7,15841.9,101.6,91.33333333333331,3.36,99.83333333333331,1178.8516666666667,91.94444444444444,517127.6916666667,4.176430227455309,3.5999999999999943,1221.0999999999985,3.42
2020-01-01,522100.7333333333,51470.86666666666,15744.766666666666,105.4,105.33333333333331,3.32,95.7,1180.01,92.77777777777777,518046.5194444444,4.176430227455638,5.700000000000003,1157.5333333333256,3.28
2020-02-01,519856.3666666666,52192.03333333333,15647.633333333331,97.9,97.66666666666669,3.19,96.76666666666668,1177.06,93.55555555555554,518766.26666666666,3.7537026474106026,-4.099999999999994,1093.9666666666672,3.29
2020-03-01,517612.0,52913.2,15550.5,79.3,94.33333333333331,2.94,97.83333333333334,1174.11,94.94444444444444,519286.93333333335,3.2484691908184615,-22.299999999999997,1030.3999999999942,3.36
2020-04-01,512895.06666666665,52455.23333333333,15601.666666666666,71.5,74.33333333333333,2.77,98.9,1171.16,92.94444444444444,519227.2055555556,3.037929418514981,-33.900000000000006,950.1333333333314,3.32
2020-05-01,508178.13333333336,51997.26666666667,15652.833333333334,78.4,82.0,2.83,98.66666666666669,1168.21,90.83333333333333,518587.0833333333,3.4281354691691606,-19.5,869.8666666666686,3.19
2020-06-01,503461.2,51539.3,15704.0,82.7,78.0,2.75,98.43333333333334,1165.26,88.6111111111111,517366.56666666665,4.3574172295039455,3.4000000000000057,789.6000000000058,2.94
2020-07-01,507179.13333333336,52028.53333333333,15708.6,85.1,94.66666666666669,2.74,98.2,1162.31,86.83333333333333,516426.47500000003,5.57063472825244,13.599999999999994,557.6666666666715,2.77
2020-08-01,510897.06666666665,52517.76666666667,15713.2,89.1,89.0,2.68,101.23333333333332,1159.36,85.38888888888887,515766.8083333333,6.871507224208052,10.699999999999989,325.7333333333372,2.83
2020-09-01,514615.0,53007.0,15717.8,80.3,93.66666666666669,2.7,104.26666666666668,1156.41,85.27777777777779,515387.56666666665,8.130660809698878,-2.4000000000000057,93.80000000000291,2.75
2020-10-01,517336.1,53834.46666666667,15851.033333333333,92.6,88.0,2.68,107.3,1153.46,87.55555555555556,515091.21666666673,9.246540524955348,7.5,1379.2333333333372,2.74
2020-11-01,520057.2,54661.93333333333,15984.266666666666,99.0,93.66666666666669,2.72,105.8,1150.51,89.5,514877.7583333333,10.1202495143067,9.900000000000006,2664.666666666657,2.68
2020-12-01,522778.3,55489.4,16117.5,90.8,95.0,2.73,104.3,1147.56,92.33333333333333,514747.1916666667,10.636376262634641,10.5,3950.0999999999985,2.7
2021-01-01,525429.2333333333,55989.63333333333,16711.9,95.2,89.66666666666667,2.69,102.8,1144.61,91.5,515024.5666666667,10.63637626263433,2.6000000000000085,3961.0999999999985,2.68
2021-02-01,528080.1666666666,56489.86666666667,17306.3,97.4,92.66666666666669,2.69,102.43333333333334,1156.9091666666666,92.11111111111113,515709.8833333333,9.355509001081055,-1.5999999999999943,3972.0999999999985,2.72
2021-03-01,530731.1,56990.1,17900.7,100.6,89.66666666666667,2.74,102.06666666666666,1169.2083333333333,91.44444444444446,516803.1416666666,8.729281004730208,9.799999999999997,3983.0999999999985,2.73
2021-04-01,533194.0333333333,57840.86666666667,17775.933333333334,102.5,98.0,2.68,101.7,1181.5075,93.11111111111113,518494.72222222225,10.415168167989428,7.299999999999997,4006.4000000000015,2.69
2021-05-01,535656.9666666667,58691.63333333333,17651.166666666668,105.7,94.66666666666669,2.67,102.5,1193.8066666666666,93.27777777777779,520784.625,14.251338811979608,8.299999999999997,4029.7000000000044,2.69
2021-06-01,538119.9,59542.4,17526.4,111.1,86.0,2.72,103.3,1206.1058333333333,91.77777777777779,523672.85000000003,19.189951413263127,10.5,4053.0,2.74
2021-07-01,538115.8,59552.93333333333,17485.833333333336,103.6,88.33333333333333,2.69,104.1,1218.405,91.55555555555556,526250.9055555555,24.5264284176321,1.0999999999999943,3563.2999999999956,2.68
2021-08-01,538111.7,59563.46666666667,17445.266666666666,102.9,86.33333333333333,2.78,104.43333333333332,1230.7041666666669,90.5,528518.7916666666,29.83310893206687,-2.799999999999997,3073.5999999999985,2.67
2021-09-01,538107.6,59574.0,17404.7,104.2,86.0,2.88,104.76666666666668,1243.003333333333,89.8888888888889,530476.5083333333,34.78692030408592,-6.8999999999999915,2583.9000000000015,2.72
2021-10-01,540893.1666666666,60408.16666666666,17523.066666666666,107.4,84.66666666666667,2.94,105.1,1255.3025,87.66666666666667,532439.5972222221,39.0869751535934,3.8000000000000114,2567.2999999999884,2.69
2021-11-01,543678.7333333334,61242.333333333336,17641.433333333334,108.3,86.66666666666667,3.12,104.7,1267.6016666666667,86.33333333333333,534408.0583333333,42.40671594220402,5.3999999999999915,2550.7000000000044,2.78
2021-12-01,546464.3,62076.5,17759.8,104.4,87.0,3.14,104.3,1279.9008333333334,86.5,536381.8916666666,44.34527606214984,0.20000000000000284,2534.0999999999985,2.88
2022-01-01,547158.1333333334,62138.9,17898.033333333333,105.0,86.66666666666667,3.3,103.9,1292.2,86.22222222222223,538192.6333333334,44.34527606215027,-2.4000000000000057,2585.9666666666744,2.94
2022-02-01,547851.9666666667,62201.3,18036.266666666663,103.6,84.66666666666667,3.37,103.76666666666668,1293.3441666666668,85.94444444444446,539840.2833333333,42.891442117805035,-4.700000000000003,2637.8333333333358,3.12
2022-03-01,548545.8,62263.7,18174.5,103.8,84.33333333333333,3.39,103.63333333333334,1294.4883333333337,85.66666666666667,541324.8416666667,40.34765947520216,-0.6000000000000085,2689.699999999997,3.14
2022-04-01,550163.1333333334,62991.73333333333,18200.93333333333,104.4,91.33333333333331,3.45,103.5,1295.6325000000002,86.77777777777777,542738.9333333333,36.98018515200942,-0.5999999999999943,2583.566666666673,3.3
2022-05-01,551780.4666666667,63719.76666666667,18227.366666666665,103.2,105.0,3.6,103.53333333333332,1296.7766666666666,89.83333333333333,544082.5583333335,33.00118560677292,-0.3999999999999915,2477.4333333333343,3.37
2022-06-01,553397.8,64447.8,18253.8,96.7,104.66666666666669,3.84,103.56666666666666,1297.9208333333331,92.77777777777779,545355.7166666667,28.59215004273602,-7.099999999999994,2371.300000000003,3.39
2022-07-01,554308.6333333334,64099.43333333333,18368.13333333333,85.9,104.66666666666669,4.12,103.6,1299.065,95.77777777777779,546705.1194444444,23.919057796755396,-18.5,1960.5333333333256,3.45
2022-08-01,555219.4666666667,63751.066666666666,18482.466666666667,88.7,102.66666666666669,4.46,104.36666666666666,1300.2091666666668,98.77777777777779,548130.7666666667,19.1452829445918,-14.5,1549.7666666666628,3.6
2022-09-01,556130.3,63402.7,18596.8,91.5,97.0,4.66,105.13333333333334,1301.3533333333337,100.8888888888889,549632.6583333333,14.44815952202703,-5.200000000000003,1139.0,3.84
2022-10-01,555448.5,62622.33333333333,18686.166666666668,88.8,104.66666666666669,5.27,105.9,1302.4975,103.11111111111113,550845.6027777778,10.053072542820903,2.8999999999999915,-369.40000000000146,4.12
2022-11-01,554766.7000000001,61841.96666666667,18775.533333333333,86.4,98.0,5.67,103.93333333333334,1303.6416666666669,101.94444444444446,551769.6000000001,6.336498003247874,-2.299999999999997,-1877.800000000003,4.46
2022-12-01,554084.9,61061.6,18864.9,90.0,98.66666666666669,5.56,101.96666666666668,1304.7858333333334,100.94444444444446,552404.65,4.125351584431081,-1.5,-3386.2000000000044,4.66
2023-01-01,554742.0666666667,61228.76666666666,18812.06666666667,90.6,101.33333333333331,5.47,100.0,1305.93,100.3888888888889,553036.6444444444,4.1253515844313275,1.7999999999999972,-2870.6666666666642,5.27
2023-02-01,555399.2333333334,61395.93333333333,18759.233333333334,90.0,101.0,5.36,102.03333333333332,1305.93,100.11111111111113,553665.5833333334,3.9772479741005227,3.5999999999999943,-2355.1333333333387,5.67
2023-03-01,556056.4,61563.1,18706.4,91.9,106.0,5.25,104.06666666666666,1305.93,101.61111111111113,554291.4666666667,3.719541677988024,1.9000000000000057,-1839.5999999999985,5.56
2023-04-01,557326.1333333333,62699.53333333333,18654.3,95.1,102.0,5.09,106.1,1305.93,101.16666666666667,554888.3833333333,3.3800923424006086,4.5,77.20000000000437,5.47
2023-05-01,558595.8666666667,63835.96666666667,18602.2,98.1,98.33333333333331,5.2,106.46666666666668,1305.93,101.22222222222223,555456.3333333334,2.9809612488360298,8.099999999999994,1994.0,5.36
2023-06-01,559865.6,64972.4,18550.1,100.8,97.0,5.32,106.83333333333331,1305.93,100.94444444444444,555995.3166666667,2.540930696495722,8.899999999999991,3910.800000000003,5.25
2023-07-01,561324.9,66262.23333333334,18573.233333333334,103.5,97.0,5.25,107.2,1305.93,100.22222222222223,556580.0055555556,2.0770500135866525,8.400000000000006,5033.466666666674,5.09
2023-08-01,562784.2,67552.06666666667,18596.366666666665,103.4,98.0,5.21,109.13333333333334,1305.93,99.72222222222223,557210.4,1.60579092658168,5.300000000000011,6156.133333333339,5.2
2023-09-01,564243.5,68841.9,18619.5,99.8,97.0,5.27,111.06666666666666,1305.93,98.22222222222223,557886.5,1.1441666669875823,-1.0,7278.799999999996,5.32
2023-10-01,565166.4333333333,69185.0,18512.733333333334,98.2,96.33333333333331,5.33,113.0,1305.93,97.27777777777777,558696.3277777778,0.7111929026643634,-5.299999999999997,6485.466666666667,5.25
2023-11-01,566089.3666666667,69528.09999999999,18405.966666666667,97.2,97.0,5.36,110.1,1305.93,97.05555555555556,559639.8833333334,0.3302924676111022,-6.200000000000003,5692.133333333324,5.21
2023-12-01,567012.3,69871.2,18299.2,99.7,99.66666666666669,5.29,107.2,1305.93,97.5,560717.1666666666,0.0,-0.09999999999999432,4898.799999999996,5.27
2024-01-01,569230.6333333334,70016.0,18321.63333333333,101.6,101.0,5.22,104.3,1305.93,98.16666666666667,561924.5472222223,0.0,3.3999999999999915,3753.766666666663,5.33
2024-02-01,571448.9666666667,70160.8,18344.066666666666,101.9,99.0,5.03,105.56666666666666,1305.93,98.33333333333333,563262.025,0.0,4.700000000000003,2608.733333333337,5.36
2024-03-01,573667.3,70305.6,18366.5,100.7,94.33333333333331,4.96,106.83333333333331,1305.93,97.8888888888889,564729.6,0.0,1.0,1463.7000000000116,5.29
2024-04-01,573230.5666666667,70410.7,18232.066666666666,100.7,101.33333333333331,4.88,108.1,1305.93,98.72222222222223,566054.9694444444,0.0,-0.8999999999999915,1225.699999999997,5.22
2024-05-01,572793.8333333334,70515.8,18097.63333333333,98.4,99.33333333333331,4.9,107.4,1305.93,99.1111111111111,567238.1333333334,0.0,-3.5,987.7000000000116,5.03
2024-06-01,572357.1,70620.9,17963.2,100.9,99.66666666666669,4.88,106.7,1305.93,99.1111111111111,568279.0916666667,0.0,0.20000000000000284,749.6999999999971,4.96
2024-07-01,572526.7666666666,70875.13333333333,18106.566666666666,103.7,97.66666666666669,4.78,106.0,1305.93,98.55555555555556,569212.5805555555,0.0,3.0,859.1333333333314,4.88
2024-08-01,572696.4333333333,71129.36666666667,18249.93333333333,100.8,99.0,4.67,107.4,1305.93,98.55555555555556,570038.6,0.0,2.3999999999999915,968.5666666666657,4.9
2024-09-01,572866.1,71383.6,18393.3,100.0,95.66666666666669,4.77,108.8,1305.93,98.77777777777779,570757.15,0.0,-0.9000000000000057,1078.0,4.88
2024-10-01,573014.6666666666,71655.7,18320.166666666668,101.8,95.66666666666669,4.71,110.2,1305.93,97.83333333333336,571411.1694444445,0.0,-1.9000000000000057,1245.0,4.78
2024-11-01,573163.2333333334,71927.8,18247.033333333333,100.7,97.66666666666669,4.76,109.33333333333331,1305.93,97.55555555555559,572000.6583333333,0.0,-0.09999999999999432,1412.0,4.67
2024-12-01,573311.8,72199.9,18173.9,88.2,96.33333333333331,4.62,108.46666666666668,1305.93,97.00000000000001,572525.6166666667,0.0,-11.799999999999997,1579.0,4.77
2025-01-01,572893.7666666667,72502.8,18237.13333333333,91.2,93.66666666666669,4.5,107.6,1305.93,96.33333333333336,572830.8777777777,0.0,-10.599999999999994,1627.6666666666715,4.71
2025-02-01,572475.7333333333,72805.7,18300.366666666665,95.2,95.33333333333331,4.43,107.6,1305.93,95.72222222222223,572916.4416666667,0.0,-5.5,1676.3333333333285,4.76
2025-03-01,572057.7,73108.6,18363.6,93.4,98.0,4.32,107.6,1305.93,96.11111111111113,572782.3083333333,0.0,5.200000000000003,1725.0,4.62
2025-04-01,573344.5666666667,74291.06666666667,18618.966666666667,93.8,97.33333333333331,4.14,107.6,1305.93,96.3888888888889,572791.8083333333,0.0,2.5999999999999943,2635.3666666666686,4.5
2025-05-01,574631.4333333333,75473.53333333334,18874.33333333333,101.8,96.66666666666669,4.16,107.6,1305.93,96.22222222222223,572944.9416666667,0.0,6.599999999999994,3545.733333333337,4.43
2025-06-01,575918.3,76656.0,19129.7,108.7,96.66666666666669,4.06,107.6,1305.93,96.27777777777779,573241.7083333334,0.0,15.299999999999997,4456.100000000006,4.32
2025-07-01,575918.3,76656.0,19129.7,110.8,96.66666666666669,4.04,107.6,1305.93,96.77777777777779,573524.3361111111,0.0,17.0,4153.199999999997,4.14
2025-08-01,575918.3,76656.0,19129.7,111.4,99.66666666666669,4.04,107.6,1305.93,97.50000000000001,573792.8250000001,0.0,9.600000000000009,3850.300000000003,4.16
2025-09-01,575918.3,76656.0,19129.7,111.4,99.66666666666669,4.04,107.6,1305.93,97.77777777777779,574047.175,0.0,2.700000000000003,3547.399999999994,4.06
2025-10-01,575918.3,76656.0,19129.7,111.4,99.66666666666669,4.04,107.6,1305.93,98.16666666666669,574289.1444444444,0.0,0.6000000000000085,2364.9333333333343,4.04
2025-11-01,575918.3,76656.0,19129.7,111.4,99.66666666666669,4.04,107.6,1305.93,98.66666666666669,574518.7333333333,0.0,0.0,1182.4666666666599,4.04
2025-12-01,575918.3,76656.0,19129.7,111.4,99.66666666666669,4.04,107.6,1305.93,99.16666666666669,574735.9416666668,0.0,0.0,0.0,4.04
