도메인,날짜,계절조정지수 (2020=100),원지수 (2020=100),계절조정지수 (2020=100)_lag_1,계절조정지수 (2020=100)_lag_3,계절조정지수 (2020=100)_lag_6,계절조정지수 (2020=100)_lag_12,원지수 (2020=100)_lag_1,원지수 (2020=100)_lag_3,원지수 (2020=100)_lag_6,원지수 (2020=100)_lag_12
전기기기 및 장치,1995-02-01,60.9,50.6,,,,,,,,
전기기기 및 장치,1995-03-01,79.4,85.7,60.9,,,,50.6,,,
전기기기 및 장치,1995-04-01,55.6,56.5,79.4,,,,85.7,,,
전기기기 및 장치,1995-05-01,78.4,75.4,55.6,60.9,,,56.5,50.6,,
전기기기 및 장치,1995-06-01,81.4,86.3,78.4,79.4,,,75.4,85.7,,
전기기기 및 장치,1995-07-01,87.5,78.7,81.4,55.6,,,86.3,56.5,,
전기기기 및 장치,1995-08-01,74.4,78.0,87.5,78.4,60.9,,78.7,75.4,50.6,
전기기기 및 장치,1995-09-01,68.0,69.0,74.4,81.4,79.4,,78.0,86.3,85.7,
전기기기 및 장치,1995-10-01,69.5,69.9,68.0,87.5,55.6,,69.0,78.7,56.5,
전기기기 및 장치,1995-11-01,75.0,78.7,69.5,74.4,78.4,,69.9,78.0,75.4,
전기기기 및 장치,1995-12-01,76.5,84.0,75.0,68.0,81.4,,78.7,69.0,86.3,
전기기기 및 장치,1996-01-01,68.1,66.9,76.5,69.5,87.5,,84.0,69.9,78.7,
전기기기 및 장치,1996-02-01,66.2,55.6,68.1,75.0,74.4,60.9,66.9,78.7,78.0,50.6
전기기기 및 장치,1996-03-01,69.6,73.6,66.2,76.5,68.0,79.4,55.6,84.0,69.0,85.7
전기기기 및 장치,1996-04-01,76.2,77.5,69.6,68.1,69.5,55.6,73.6,66.9,69.9,56.5
전기기기 및 장치,1996-05-01,71.8,68.9,76.2,66.2,75.0,78.4,77.5,55.6,78.7,75.4
전기기기 및 장치,1996-06-01,64.2,68.0,71.8,69.6,76.5,81.4,68.9,73.6,84.0,86.3
전기기기 및 장치,1996-07-01,85.6,78.4,64.2,76.2,68.1,87.5,68.0,77.5,66.9,78.7
전기기기 및 장치,1996-08-01,79.1,82.9,85.6,71.8,66.2,74.4,78.4,68.9,55.6,78.0
전기기기 및 장치,1996-09-01,80.0,77.0,79.1,64.2,69.6,68.0,82.9,68.0,73.6,69.0
전기기기 및 장치,1996-10-01,81.2,84.8,80.0,85.6,76.2,69.5,77.0,78.4,77.5,69.9
전기기기 및 장치,1996-11-01,58.5,61.5,81.2,79.1,71.8,75.0,84.8,82.9,68.9,78.7
전기기기 및 장치,1996-12-01,61.7,67.5,58.5,80.0,64.2,76.5,61.5,77.0,68.0,84.0
전기기기 및 장치,1997-01-01,86.6,85.7,61.7,81.2,85.6,68.1,67.5,84.8,78.4,66.9
전기기기 및 장치,1997-02-01,75.9,62.9,86.6,58.5,79.1,66.2,85.7,61.5,82.9,55.6
전기기기 및 장치,1997-03-01,79.5,84.0,75.9,61.7,80.0,69.6,62.9,67.5,77.0,73.6
전기기기 및 장치,1997-04-01,83.0,86.2,79.5,86.6,81.2,76.2,84.0,85.7,84.8,77.5
전기기기 및 장치,1997-05-01,85.9,80.6,83.0,75.9,58.5,71.8,86.2,62.9,61.5,68.9
전기기기 및 장치,1997-06-01,81.6,85.8,85.9,79.5,61.7,64.2,80.6,84.0,67.5,68.0
전기기기 및 장치,1997-07-01,78.4,71.4,81.6,83.0,86.6,85.6,85.8,86.2,85.7,78.4
전기기기 및 장치,1997-08-01,77.1,79.4,78.4,85.9,75.9,79.1,71.4,80.6,62.9,82.9
전기기기 및 장치,1997-09-01,81.4,81.1,77.1,81.6,79.5,80.0,79.4,85.8,84.0,77.0
전기기기 및 장치,1997-10-01,49.0,50.8,81.4,78.4,83.0,81.2,81.1,71.4,86.2,84.8
전기기기 및 장치,1997-11-01,50.9,52.4,49.0,77.1,85.9,58.5,50.8,79.4,80.6,61.5
전기기기 및 장치,1997-12-01,75.7,81.9,50.9,81.4,81.6,61.7,52.4,81.1,85.8,67.5
전기기기 및 장치,1998-01-01,50.6,48.1,75.7,49.0,78.4,86.6,81.9,50.8,71.4,85.7
전기기기 및 장치,1998-02-01,56.3,48.4,50.6,50.9,77.1,75.9,48.1,52.4,79.4,62.9
전기기기 및 장치,1998-03-01,51.2,55.3,56.3,75.7,81.4,79.5,48.4,81.9,81.1,84.0
전기기기 및 장치,1998-04-01,33.7,35.7,51.2,50.6,49.0,83.0,55.3,48.1,50.8,86.2
전기기기 및 장치,1998-05-01,34.3,32.0,33.7,56.3,50.9,85.9,35.7,48.4,52.4,80.6
전기기기 및 장치,1998-06-01,36.3,37.9,34.3,51.2,75.7,81.6,32.0,55.3,81.9,85.8
전기기기 및 장치,1998-07-01,34.3,31.1,36.3,33.7,50.6,78.4,37.9,35.7,48.1,71.4
전기기기 및 장치,1998-08-01,37.0,38.1,34.3,34.3,56.3,77.1,31.1,32.0,48.4,79.4
전기기기 및 장치,1998-09-01,35.7,35.8,37.0,36.3,51.2,81.4,38.1,37.9,55.3,81.1
전기기기 및 장치,1998-10-01,39.9,42.3,35.7,34.3,33.7,49.0,35.8,31.1,35.7,50.8
전기기기 및 장치,1998-11-01,30.2,31.2,39.9,37.0,34.3,50.9,42.3,38.1,32.0,52.4
전기기기 및 장치,1998-12-01,33.8,36.8,30.2,35.7,36.3,75.7,31.2,35.8,37.9,81.9
전기기기 및 장치,1999-01-01,35.3,34.8,33.8,39.9,34.3,50.6,36.8,42.3,31.1,48.1
전기기기 및 장치,1999-02-01,66.5,54.7,35.3,30.2,37.0,56.3,34.8,31.2,38.1,48.4
전기기기 및 장치,1999-03-01,57.2,61.9,66.5,33.8,35.7,51.2,54.7,36.8,35.8,55.3
전기기기 및 장치,1999-04-01,51.0,53.0,57.2,35.3,39.9,33.7,61.9,34.8,42.3,35.7
전기기기 및 장치,1999-05-01,62.4,56.9,51.0,66.5,30.2,34.3,53.0,54.7,31.2,32.0
전기기기 및 장치,1999-06-01,54.9,59.1,62.4,57.2,33.8,36.3,56.9,61.9,36.8,37.9
전기기기 및 장치,1999-07-01,56.1,50.6,54.9,51.0,35.3,34.3,59.1,53.0,34.8,31.1
전기기기 및 장치,1999-08-01,52.3,55.3,56.1,62.4,66.5,37.0,50.6,56.9,54.7,38.1
전기기기 및 장치,1999-09-01,54.5,54.1,52.3,54.9,57.2,35.7,55.3,59.1,61.9,35.8
전기기기 및 장치,1999-10-01,54.0,57.2,54.5,56.1,51.0,39.9,54.1,50.6,53.0,42.3
전기기기 및 장치,1999-11-01,52.5,55.5,54.0,52.3,62.4,30.2,57.2,55.3,56.9,31.2
전기기기 및 장치,1999-12-01,61.8,66.5,52.5,54.5,54.9,33.8,55.5,54.1,59.1,36.8
전기기기 및 장치,2000-01-01,66.0,62.7,61.8,54.0,56.1,35.3,66.5,57.2,50.6,34.8
전기기기 및 장치,2000-02-01,57.3,51.6,66.0,52.5,52.3,66.5,62.7,55.5,55.3,54.7
전기기기 및 장치,2000-03-01,58.4,62.4,57.3,61.8,54.5,57.2,51.6,66.5,54.1,61.9
전기기기 및 장치,2000-04-01,61.5,60.9,58.4,66.0,54.0,51.0,62.4,62.7,57.2,53.0
전기기기 및 장치,2000-05-01,49.5,48.3,61.5,57.3,52.5,62.4,60.9,51.6,55.5,56.9
전기기기 및 장치,2000-06-01,54.3,54.5,49.5,58.4,61.8,54.9,48.3,62.4,66.5,59.1
전기기기 및 장치,2000-07-01,56.2,49.9,54.3,61.5,66.0,56.1,54.5,60.9,62.7,50.6
전기기기 및 장치,2000-08-01,57.3,61.6,56.2,49.5,57.3,52.3,49.9,48.3,51.6,55.3
전기기기 및 장치,2000-09-01,58.1,56.8,57.3,54.3,58.4,54.5,61.6,54.5,62.4,54.1
전기기기 및 장치,2000-10-01,59.7,62.5,58.1,56.2,61.5,54.0,56.8,49.9,60.9,57.2
전기기기 및 장치,2000-11-01,61.5,64.4,59.7,57.3,49.5,52.5,62.5,61.6,48.3,55.5
전기기기 및 장치,2000-12-01,53.9,56.9,61.5,58.1,54.3,61.8,64.4,56.8,54.5,66.5
전기기기 및 장치,2001-01-01,55.3,51.8,53.9,59.7,56.2,66.0,56.9,62.5,49.9,62.7
전기기기 및 장치,2001-02-01,48.1,42.3,55.3,61.5,57.3,57.3,51.8,64.4,61.6,51.6
전기기기 및 장치,2001-03-01,52.7,56.2,48.1,53.9,58.1,58.4,42.3,56.9,56.8,62.4
전기기기 및 장치,2001-04-01,52.2,53.6,52.7,55.3,59.7,61.5,56.2,51.8,62.5,60.9
전기기기 및 장치,2001-05-01,51.3,52.1,52.2,48.1,61.5,49.5,53.6,42.3,64.4,48.3
전기기기 및 장치,2001-06-01,67.6,68.0,51.3,52.7,53.9,54.3,52.1,56.2,56.9,54.5
전기기기 및 장치,2001-07-01,52.8,47.0,67.6,52.2,55.3,56.2,68.0,53.6,51.8,49.9
전기기기 및 장치,2001-08-01,55.4,59.3,52.8,51.3,48.1,57.3,47.0,52.1,42.3,61.6
전기기기 및 장치,2001-09-01,54.6,53.7,55.4,67.6,52.7,58.1,59.3,68.0,56.2,56.8
전기기기 및 장치,2001-10-01,54.1,58.5,54.6,52.8,52.2,59.7,53.7,47.0,53.6,62.5
전기기기 및 장치,2001-11-01,44.0,45.8,54.1,55.4,51.3,61.5,58.5,59.3,52.1,64.4
전기기기 및 장치,2001-12-01,53.3,56.5,44.0,54.6,67.6,53.9,45.8,53.7,68.0,56.9
전기기기 및 장치,2002-01-01,81.4,78.4,53.3,54.1,52.8,55.3,56.5,58.5,47.0,51.8
전기기기 및 장치,2002-02-01,56.5,48.5,81.4,44.0,55.4,48.1,78.4,45.8,59.3,42.3
전기기기 및 장치,2002-03-01,68.2,69.9,56.5,53.3,54.6,52.7,48.5,56.5,53.7,56.2
전기기기 및 장치,2002-04-01,58.8,62.7,68.2,81.4,54.1,52.2,69.9,78.4,58.5,53.6
전기기기 및 장치,2002-05-01,48.9,51.8,58.8,56.5,44.0,51.3,62.7,48.5,45.8,52.1
전기기기 및 장치,2002-06-01,68.7,64.4,48.9,68.2,53.3,67.6,51.8,69.9,56.5,68.0
전기기기 및 장치,2002-07-01,57.0,51.0,68.7,58.8,81.4,52.8,64.4,62.7,78.4,47.0
전기기기 및 장치,2002-08-01,58.5,62.0,57.0,48.9,56.5,55.4,51.0,51.8,48.5,59.3
전기기기 및 장치,2002-09-01,68.0,66.8,58.5,68.7,68.2,54.6,62.0,64.4,69.9,53.7
전기기기 및 장치,2002-10-01,51.5,55.8,68.0,57.0,58.8,54.1,66.8,51.0,62.7,58.5
전기기기 및 장치,2002-11-01,60.8,62.9,51.5,58.5,48.9,44.0,55.8,62.0,51.8,45.8
전기기기 및 장치,2002-12-01,58.2,59.6,60.8,68.0,68.7,53.3,62.9,66.8,64.4,56.5
전기기기 및 장치,2003-01-01,56.5,54.5,58.2,51.5,57.0,81.4,59.6,55.8,51.0,78.4
전기기기 및 장치,2003-02-01,36.6,32.6,56.5,60.8,58.5,56.5,54.5,62.9,62.0,48.5
전기기기 및 장치,2003-03-01,75.2,76.8,36.6,58.2,68.0,68.2,32.6,59.6,66.8,69.9
전기기기 및 장치,2003-04-01,60.8,64.8,75.2,56.5,51.5,58.8,76.8,54.5,55.8,62.7
전기기기 및 장치,2003-05-01,59.2,58.5,60.8,36.6,60.8,48.9,64.8,32.6,62.9,51.8
전기기기 및 장치,2003-06-01,78.7,76.9,59.2,75.2,58.2,68.7,58.5,76.8,59.6,64.4
전기기기 및 장치,2003-07-01,56.6,52.8,78.7,60.8,56.5,57.0,76.9,64.8,54.5,51.0
전기기기 및 장치,2003-08-01,63.2,64.1,56.6,59.2,36.6,58.5,52.8,58.5,32.6,62.0
전기기기 및 장치,2003-09-01,58.0,57.2,63.2,78.7,75.2,68.0,64.1,76.9,76.8,66.8
전기기기 및 장치,2003-10-01,60.2,65.0,58.0,56.6,60.8,51.5,57.2,52.8,64.8,55.8
전기기기 및 장치,2003-11-01,56.8,56.4,60.2,63.2,59.2,60.8,65.0,64.1,58.5,62.9
전기기기 및 장치,2003-12-01,49.0,54.1,56.8,58.0,78.7,58.2,56.4,57.2,76.9,59.6
전기기기 및 장치,2004-01-01,56.8,53.0,49.0,60.2,56.6,56.5,54.1,65.0,52.8,54.5
전기기기 및 장치,2004-02-01,60.6,53.9,56.8,56.8,63.2,36.6,53.0,56.4,64.1,32.6
전기기기 및 장치,2004-03-01,58.7,62.0,60.6,49.0,58.0,75.2,53.9,54.1,57.2,76.8
전기기기 및 장치,2004-04-01,50.9,52.3,58.7,56.8,60.2,60.8,62.0,53.0,65.0,64.8
전기기기 및 장치,2004-05-01,64.8,62.0,50.9,60.6,56.8,59.2,52.3,53.9,56.4,58.5
전기기기 및 장치,2004-06-01,53.9,56.9,64.8,58.7,49.0,78.7,62.0,62.0,54.1,76.9
전기기기 및 장치,2004-07-01,52.9,49.7,53.9,50.9,56.8,56.6,56.9,52.3,53.0,52.8
전기기기 및 장치,2004-08-01,62.2,64.9,52.9,64.8,60.6,63.2,49.7,62.0,53.9,64.1
전기기기 및 장치,2004-09-01,53.3,50.9,62.2,53.9,58.7,58.0,64.9,56.9,62.0,57.2
전기기기 및 장치,2004-10-01,54.6,60.7,53.3,52.9,50.9,60.2,50.9,49.7,52.3,65.0
전기기기 및 장치,2004-11-01,53.3,54.6,54.6,62.2,64.8,56.8,60.7,64.9,62.0,56.4
전기기기 및 장치,2004-12-01,57.4,63.5,53.3,53.3,53.9,49.0,54.6,50.9,56.9,54.1
전기기기 및 장치,2005-01-01,44.2,42.2,57.4,54.6,52.9,56.8,63.5,60.7,49.7,53.0
전기기기 및 장치,2005-02-01,56.3,50.8,44.2,53.3,62.2,60.6,42.2,54.6,64.9,53.9
전기기기 및 장치,2005-03-01,62.2,65.0,56.3,57.4,53.3,58.7,50.8,63.5,50.9,62.0
전기기기 및 장치,2005-04-01,56.1,55.8,62.2,44.2,54.6,50.9,65.0,42.2,60.7,52.3
전기기기 및 장치,2005-05-01,57.9,59.1,56.1,56.3,53.3,64.8,55.8,50.8,54.6,62.0
전기기기 및 장치,2005-06-01,58.2,61.1,57.9,62.2,57.4,53.9,59.1,65.0,63.5,56.9
전기기기 및 장치,2005-07-01,61.6,58.7,58.2,56.1,44.2,52.9,61.1,55.8,42.2,49.7
전기기기 및 장치,2005-08-01,55.3,54.7,61.6,57.9,56.3,62.2,58.7,59.1,50.8,64.9
전기기기 및 장치,2005-09-01,61.9,62.7,55.3,58.2,62.2,53.3,54.7,61.1,65.0,50.9
전기기기 및 장치,2005-10-01,61.7,59.6,61.9,61.6,56.1,54.6,62.7,58.7,55.8,60.7
전기기기 및 장치,2005-11-01,59.9,59.3,61.7,55.3,57.9,53.3,59.6,54.7,59.1,54.6
전기기기 및 장치,2005-12-01,63.5,70.7,59.9,61.9,58.2,57.4,59.3,62.7,61.1,63.5
전기기기 및 장치,2006-01-01,58.6,55.4,63.5,61.7,61.6,44.2,70.7,59.6,58.7,42.2
전기기기 및 장치,2006-02-01,61.3,54.5,58.6,59.9,55.3,56.3,55.4,59.3,54.7,50.8
전기기기 및 장치,2006-03-01,54.9,57.4,61.3,63.5,61.9,62.2,54.5,70.7,62.7,65.0
전기기기 및 장치,2006-04-01,64.9,65.7,54.9,58.6,61.7,56.1,57.4,55.4,59.6,55.8
전기기기 및 장치,2006-05-01,64.2,66.9,64.9,61.3,59.9,57.9,65.7,54.5,59.3,59.1
전기기기 및 장치,2006-06-01,60.5,63.5,64.2,54.9,63.5,58.2,66.9,57.4,70.7,61.1
전기기기 및 장치,2006-07-01,54.0,51.7,60.5,64.9,58.6,61.6,63.5,65.7,55.4,58.7
전기기기 및 장치,2006-08-01,57.9,57.2,54.0,64.2,61.3,55.3,51.7,66.9,54.5,54.7
전기기기 및 장치,2006-09-01,59.0,60.2,57.9,60.5,54.9,61.9,57.2,63.5,57.4,62.7
전기기기 및 장치,2006-10-01,67.3,65.8,59.0,54.0,64.9,61.7,60.2,51.7,65.7,59.6
전기기기 및 장치,2006-11-01,63.8,63.3,67.3,57.9,64.2,59.9,65.8,57.2,66.9,59.3
전기기기 및 장치,2006-12-01,60.8,67.6,63.8,59.0,60.5,63.5,63.3,60.2,63.5,70.7
전기기기 및 장치,2007-01-01,65.5,63.6,60.8,67.3,54.0,58.6,67.6,65.8,51.7,55.4
전기기기 및 장치,2007-02-01,68.8,59.4,65.5,63.8,57.9,61.3,63.6,63.3,57.2,54.5
전기기기 및 장치,2007-03-01,59.4,60.9,68.8,60.8,59.0,54.9,59.4,67.6,60.2,57.4
전기기기 및 장치,2007-04-01,64.6,66.7,59.4,65.5,67.3,64.9,60.9,63.6,65.8,65.7
전기기기 및 장치,2007-05-01,61.5,65.3,64.6,68.8,63.8,64.2,66.7,59.4,63.3,66.9
전기기기 및 장치,2007-06-01,66.9,67.4,61.5,59.4,60.8,60.5,65.3,60.9,67.6,63.5
전기기기 및 장치,2007-07-01,66.8,64.2,66.9,64.6,65.5,54.0,67.4,66.7,63.6,51.7
전기기기 및 장치,2007-08-01,70.3,69.4,66.8,61.5,68.8,57.9,64.2,65.3,59.4,57.2
전기기기 및 장치,2007-09-01,71.2,72.1,70.3,66.9,59.4,59.0,69.4,67.4,60.9,60.2
전기기기 및 장치,2007-10-01,72.1,70.8,71.2,66.8,64.6,67.3,72.1,64.2,66.7,65.8
전기기기 및 장치,2007-11-01,75.2,75.1,72.1,70.3,61.5,63.8,70.8,69.4,65.3,63.3
전기기기 및 장치,2007-12-01,84.0,91.4,75.2,71.2,66.9,60.8,75.1,72.1,67.4,67.6
전기기기 및 장치,2008-01-01,68.2,65.8,84.0,72.1,66.8,65.5,91.4,70.8,64.2,63.6
전기기기 및 장치,2008-02-01,73.6,65.1,68.2,75.2,70.3,68.8,65.8,75.1,69.4,59.4
전기기기 및 장치,2008-03-01,72.8,74.8,73.6,84.0,71.2,59.4,65.1,91.4,72.1,60.9
전기기기 및 장치,2008-04-01,78.0,80.3,72.8,68.2,72.1,64.6,74.8,65.8,70.8,66.7
전기기기 및 장치,2008-05-01,80.1,81.6,78.0,73.6,75.2,61.5,80.3,65.1,75.1,65.3
전기기기 및 장치,2008-06-01,76.5,78.6,80.1,72.8,84.0,66.9,81.6,74.8,91.4,67.4
전기기기 및 장치,2008-07-01,74.0,72.9,76.5,78.0,68.2,66.8,78.6,80.3,65.8,64.2
전기기기 및 장치,2008-08-01,80.6,77.8,74.0,80.1,73.6,70.3,72.9,81.6,65.1,69.4
전기기기 및 장치,2008-09-01,74.6,75.5,80.6,76.5,72.8,71.2,77.8,78.6,74.8,72.1
전기기기 및 장치,2008-10-01,73.5,72.3,74.6,74.0,78.0,72.1,75.5,72.9,80.3,70.8
전기기기 및 장치,2008-11-01,67.8,66.6,73.5,80.6,80.1,75.2,72.3,77.8,81.6,75.1
전기기기 및 장치,2008-12-01,68.4,77.4,67.8,74.6,76.5,84.0,66.6,75.5,78.6,91.4
전기기기 및 장치,2009-01-01,79.1,74.2,68.4,73.5,74.0,68.2,77.4,72.3,72.9,65.8
전기기기 및 장치,2009-02-01,74.0,65.8,79.1,67.8,80.6,73.6,74.2,66.6,77.8,65.1
전기기기 및 장치,2009-03-01,80.7,84.6,74.0,68.4,74.6,72.8,65.8,77.4,75.5,74.8
전기기기 및 장치,2009-04-01,68.7,69.1,80.7,79.1,73.5,78.0,84.6,74.2,72.3,80.3
전기기기 및 장치,2009-05-01,65.1,65.0,68.7,74.0,67.8,80.1,69.1,65.8,66.6,81.6
전기기기 및 장치,2009-06-01,77.5,83.0,65.1,80.7,68.4,76.5,65.0,84.6,77.4,78.6
전기기기 및 장치,2009-07-01,56.4,55.7,77.5,68.7,79.1,74.0,83.0,69.1,74.2,72.9
전기기기 및 장치,2009-08-01,58.8,57.8,56.4,65.1,74.0,80.6,55.7,65.0,65.8,77.8
전기기기 및 장치,2009-09-01,75.2,76.1,58.8,77.5,80.7,74.6,57.8,83.0,84.6,75.5
전기기기 및 장치,2009-10-01,66.8,65.8,75.2,56.4,68.7,73.5,76.1,55.7,69.1,72.3
전기기기 및 장치,2009-11-01,69.8,70.3,66.8,58.8,65.1,67.8,65.8,57.8,65.0,66.6
전기기기 및 장치,2009-12-01,77.2,87.2,69.8,75.2,77.5,68.4,70.3,76.1,83.0,77.4
전기기기 및 장치,2010-01-01,78.5,74.0,77.2,66.8,56.4,79.1,87.2,65.8,55.7,74.2
전기기기 및 장치,2010-02-01,77.9,67.3,78.5,69.8,58.8,74.0,74.0,70.3,57.8,65.8
전기기기 및 장치,2010-03-01,77.9,81.8,77.9,77.2,75.2,80.7,67.3,87.2,76.1,84.6
전기기기 및 장치,2010-04-01,83.5,85.5,77.9,78.5,66.8,68.7,81.8,74.0,65.8,69.1
전기기기 및 장치,2010-05-01,75.4,78.3,83.5,77.9,69.8,65.1,85.5,67.3,70.3,65.0
전기기기 및 장치,2010-06-01,80.9,84.9,75.4,77.9,77.2,77.5,78.3,81.8,87.2,83.0
전기기기 및 장치,2010-07-01,88.7,88.0,80.9,83.5,78.5,56.4,84.9,85.5,74.0,55.7
전기기기 및 장치,2010-08-01,82.6,81.0,88.7,75.4,77.9,58.8,88.0,78.3,67.3,57.8
전기기기 및 장치,2010-09-01,82.6,85.4,82.6,80.9,77.9,75.2,81.0,84.9,81.8,76.1
전기기기 및 장치,2010-10-01,81.6,79.1,82.6,88.7,83.5,66.8,85.4,88.0,85.5,65.8
전기기기 및 장치,2010-11-01,89.7,90.6,81.6,82.6,75.4,69.8,79.1,81.0,78.3,70.3
전기기기 및 장치,2010-12-01,87.9,101.2,89.7,82.6,80.9,77.2,90.6,85.4,84.9,87.2
전기기기 및 장치,2011-01-01,86.3,82.1,87.9,81.6,88.7,78.5,101.2,79.1,88.0,74.0
전기기기 및 장치,2011-02-01,82.8,73.5,86.3,89.7,82.6,77.9,82.1,90.6,81.0,67.3
전기기기 및 장치,2011-03-01,92.1,96.9,82.8,87.9,82.6,77.9,73.5,101.2,85.4,81.8
전기기기 및 장치,2011-04-01,90.5,90.4,92.1,86.3,81.6,83.5,96.9,82.1,79.1,85.5
전기기기 및 장치,2011-05-01,94.0,95.3,90.5,82.8,89.7,75.4,90.4,73.5,90.6,78.3
전기기기 및 장치,2011-06-01,94.2,98.8,94.0,92.1,87.9,80.9,95.3,96.9,101.2,84.9
전기기기 및 장치,2011-07-01,94.1,92.0,94.2,90.5,86.3,88.7,98.8,90.4,82.1,88.0
전기기기 및 장치,2011-08-01,91.3,89.1,94.1,94.0,82.8,82.6,92.0,95.3,73.5,81.0
전기기기 및 장치,2011-09-01,87.6,87.9,91.3,94.2,92.1,82.6,89.1,98.8,96.9,85.4
전기기기 및 장치,2011-10-01,88.8,87.3,87.6,94.1,90.5,81.6,87.9,92.0,90.4,79.1
전기기기 및 장치,2011-11-01,95.3,96.4,88.8,91.3,94.0,89.7,87.3,89.1,95.3,90.6
전기기기 및 장치,2011-12-01,92.6,102.4,95.3,87.6,94.2,87.9,96.4,87.9,98.8,101.2
전기기기 및 장치,2012-01-01,90.5,86.6,92.6,88.8,94.1,86.3,102.4,87.3,92.0,82.1
전기기기 및 장치,2012-02-01,99.6,87.4,90.5,95.3,91.3,82.8,86.6,96.4,89.1,73.5
전기기기 및 장치,2012-03-01,84.6,89.5,99.6,92.6,87.6,92.1,87.4,102.4,87.9,96.9
전기기기 및 장치,2012-04-01,86.9,86.6,84.6,90.5,88.8,90.5,89.5,86.6,87.3,90.4
전기기기 및 장치,2012-05-01,93.5,94.3,86.9,99.6,95.3,94.0,86.6,87.4,96.4,95.3
전기기기 및 장치,2012-06-01,96.8,101.6,93.5,84.6,92.6,94.2,94.3,89.5,102.4,98.8
전기기기 및 장치,2012-07-01,102.3,100.6,96.8,86.9,90.5,94.1,101.6,86.6,86.6,92.0
전기기기 및 장치,2012-08-01,94.0,91.3,102.3,93.5,99.6,91.3,100.6,94.3,87.4,89.1
전기기기 및 장치,2012-09-01,103.8,102.7,94.0,96.8,84.6,87.6,91.3,101.6,89.5,87.9
전기기기 및 장치,2012-10-01,101.6,101.5,103.8,102.3,86.9,88.8,102.7,100.6,86.6,87.3
전기기기 및 장치,2012-11-01,103.4,104.9,101.6,94.0,93.5,95.3,101.5,91.3,94.3,96.4
전기기기 및 장치,2012-12-01,83.7,91.2,103.4,103.8,96.8,92.6,104.9,102.7,101.6,102.4
전기기기 및 장치,2013-01-01,106.5,101.5,83.7,101.6,102.3,90.5,91.2,101.5,100.6,86.6
전기기기 및 장치,2013-02-01,99.1,86.6,106.5,103.4,94.0,99.6,101.5,104.9,91.3,87.4
전기기기 및 장치,2013-03-01,102.0,106.1,99.1,83.7,103.8,84.6,86.6,91.2,102.7,89.5
전기기기 및 장치,2013-04-01,105.7,105.2,102.0,106.5,101.6,86.9,106.1,101.5,101.5,86.6
전기기기 및 장치,2013-05-01,109.5,110.0,105.7,99.1,103.4,93.5,105.2,86.6,104.9,94.3
전기기기 및 장치,2013-06-01,106.4,109.2,109.5,102.0,83.7,96.8,110.0,106.1,91.2,101.6
전기기기 및 장치,2013-07-01,108.2,108.5,106.4,105.7,106.5,102.3,109.2,105.2,101.5,100.6
전기기기 및 장치,2013-08-01,113.0,107.0,108.2,109.5,99.1,94.0,108.5,110.0,86.6,91.3
전기기기 및 장치,2013-09-01,102.4,105.2,113.0,106.4,102.0,103.8,107.0,109.2,106.1,102.7
전기기기 및 장치,2013-10-01,117.8,118.3,102.4,108.2,105.7,101.6,105.2,108.5,105.2,101.5
전기기기 및 장치,2013-11-01,116.6,116.4,117.8,113.0,109.5,103.4,118.3,107.0,110.0,104.9
전기기기 및 장치,2013-12-01,89.6,102.1,116.6,102.4,106.4,83.7,116.4,105.2,109.2,91.2
전기기기 및 장치,2014-01-01,100.4,94.6,89.6,117.8,108.2,106.5,102.1,118.3,108.5,101.5
전기기기 및 장치,2014-02-01,109.0,95.7,100.4,116.6,113.0,99.1,94.6,116.4,107.0,86.6
전기기기 및 장치,2014-03-01,108.1,115.1,109.0,89.6,102.4,102.0,95.7,102.1,105.2,106.1
전기기기 및 장치,2014-04-01,107.7,109.4,108.1,100.4,117.8,105.7,115.1,94.6,118.3,105.2
전기기기 및 장치,2014-05-01,108.7,106.5,107.7,109.0,116.6,109.5,109.4,95.7,116.4,110.0
전기기기 및 장치,2014-06-01,104.6,109.4,108.7,108.1,89.6,106.4,106.5,115.1,102.1,109.2
전기기기 및 장치,2014-07-01,101.7,102.1,104.6,107.7,100.4,108.2,109.4,109.4,94.6,108.5
전기기기 및 장치,2014-08-01,103.3,97.5,101.7,108.7,109.0,113.0,102.1,106.5,95.7,107.0
전기기기 및 장치,2014-09-01,114.7,114.9,103.3,104.6,108.1,102.4,97.5,109.4,115.1,105.2
전기기기 및 장치,2014-10-01,109.2,115.1,114.7,101.7,107.7,117.8,114.9,102.1,109.4,118.3
전기기기 및 장치,2014-11-01,105.0,105.4,109.2,103.3,108.7,116.6,115.1,97.5,106.5,116.4
전기기기 및 장치,2014-12-01,102.7,117.6,105.0,114.7,104.6,89.6,105.4,114.9,109.4,102.1
전기기기 및 장치,2015-01-01,119.4,110.8,102.7,109.2,101.7,100.4,117.6,115.1,102.1,94.6
전기기기 및 장치,2015-02-01,123.6,107.5,119.4,105.0,103.3,109.0,110.8,105.4,97.5,95.7
전기기기 및 장치,2015-03-01,122.1,129.7,123.6,102.7,114.7,108.1,107.5,117.6,114.9,115.1
전기기기 및 장치,2015-04-01,113.8,115.5,122.1,119.4,109.2,107.7,129.7,110.8,115.1,109.4
전기기기 및 장치,2015-05-01,110.0,107.5,113.8,123.6,105.0,108.7,115.5,107.5,105.4,106.5
전기기기 및 장치,2015-06-01,122.9,128.2,110.0,122.1,102.7,104.6,107.5,129.7,117.6,109.4
전기기기 및 장치,2015-07-01,112.8,113.3,122.9,113.8,119.4,101.7,128.2,115.5,110.8,102.1
전기기기 및 장치,2015-08-01,102.7,98.6,112.8,110.0,123.6,103.3,113.3,107.5,107.5,97.5
전기기기 및 장치,2015-09-01,108.2,108.3,102.7,122.9,122.1,114.7,98.6,128.2,129.7,114.9
전기기기 및 장치,2015-10-01,112.5,114.1,108.2,112.8,113.8,109.2,108.3,113.3,115.5,115.1
전기기기 및 장치,2015-11-01,107.6,110.9,112.5,102.7,110.0,105.0,114.1,98.6,107.5,105.4
전기기기 및 장치,2015-12-01,112.1,129.2,107.6,108.2,122.9,102.7,110.9,108.3,128.2,117.6
전기기기 및 장치,2016-01-01,105.7,98.1,112.1,112.5,112.8,119.4,129.2,114.1,113.3,110.8
전기기기 및 장치,2016-02-01,116.1,98.4,105.7,107.6,102.7,123.6,98.1,110.9,98.6,107.5
전기기기 및 장치,2016-03-01,121.4,128.6,116.1,112.1,108.2,122.1,98.4,129.2,108.3,129.7
전기기기 및 장치,2016-04-01,102.2,103.7,121.4,105.7,112.5,113.8,128.6,98.1,114.1,115.5
전기기기 및 장치,2016-05-01,103.7,103.1,102.2,116.1,107.6,110.0,103.7,98.4,110.9,107.5
전기기기 및 장치,2016-06-01,113.3,117.8,103.7,121.4,112.1,122.9,103.1,128.6,129.2,128.2
전기기기 및 장치,2016-07-01,106.1,104.4,113.3,102.2,105.7,112.8,117.8,103.7,98.1,113.3
전기기기 및 장치,2016-08-01,103.2,98.9,106.1,103.7,116.1,102.7,104.4,103.1,98.4,98.6
전기기기 및 장치,2016-09-01,103.3,105.5,103.2,113.3,121.4,108.2,98.9,117.8,128.6,108.3
전기기기 및 장치,2016-10-01,111.8,111.5,103.3,106.1,102.2,112.5,105.5,104.4,103.7,114.1
전기기기 및 장치,2016-11-01,113.8,117.9,111.8,103.2,103.7,107.6,111.5,98.9,103.1,110.9
전기기기 및 장치,2016-12-01,117.7,139.7,113.8,103.3,113.3,112.1,117.9,105.5,117.8,129.2
전기기기 및 장치,2017-01-01,105.0,98.0,117.7,111.8,106.1,105.7,139.7,111.5,104.4,98.1
전기기기 및 장치,2017-02-01,112.0,99.6,105.0,113.8,103.2,116.1,98.0,117.9,98.9,98.4
전기기기 및 장치,2017-03-01,122.6,129.4,112.0,117.7,103.3,121.4,99.6,139.7,105.5,128.6
전기기기 및 장치,2017-04-01,124.9,121.6,122.6,105.0,111.8,102.2,129.4,98.0,111.5,103.7
전기기기 및 장치,2017-05-01,117.4,116.2,124.9,112.0,113.8,103.7,121.6,99.6,117.9,103.1
전기기기 및 장치,2017-06-01,123.3,127.9,117.4,122.6,117.7,113.3,116.2,129.4,139.7,117.8
전기기기 및 장치,2017-07-01,113.5,111.8,123.3,124.9,105.0,106.1,127.9,121.6,98.0,104.4
전기기기 및 장치,2017-08-01,121.8,116.7,113.5,117.4,112.0,103.2,111.8,116.2,99.6,98.9
전기기기 및 장치,2017-09-01,129.0,129.4,121.8,123.3,122.6,103.3,116.7,127.9,129.4,105.5
전기기기 및 장치,2017-10-01,105.5,107.1,129.0,113.5,124.9,111.8,129.4,111.8,121.6,111.5
전기기기 및 장치,2017-11-01,113.3,118.2,105.5,121.8,117.4,113.8,107.1,116.7,116.2,117.9
전기기기 및 장치,2017-12-01,116.4,131.3,113.3,129.0,123.3,117.7,118.2,129.4,127.9,139.7
전기기기 및 장치,2018-01-01,118.0,110.5,116.4,105.5,113.5,105.0,131.3,107.1,111.8,98.0
전기기기 및 장치,2018-02-01,111.7,96.0,118.0,113.3,121.8,112.0,110.5,118.2,116.7,99.6
전기기기 및 장치,2018-03-01,113.4,116.8,111.7,116.4,129.0,122.6,96.0,131.3,129.4,129.4
전기기기 및 장치,2018-04-01,109.3,110.7,113.4,118.0,105.5,124.9,116.8,110.5,107.1,121.6
전기기기 및 장치,2018-05-01,115.9,116.7,109.3,111.7,113.3,117.4,110.7,96.0,118.2,116.2
전기기기 및 장치,2018-06-01,111.5,113.0,115.9,113.4,116.4,123.3,116.7,116.8,131.3,127.9
전기기기 및 장치,2018-07-01,111.9,112.7,111.5,109.3,118.0,113.5,113.0,110.7,110.5,111.8
전기기기 및 장치,2018-08-01,112.6,108.0,111.9,115.9,111.7,121.8,112.7,116.7,96.0,116.7
전기기기 및 장치,2018-09-01,109.6,107.1,112.6,111.5,113.4,129.0,108.0,113.0,116.8,129.4
전기기기 및 장치,2018-10-01,110.0,113.0,109.6,111.9,109.3,105.5,107.1,112.7,110.7,107.1
전기기기 및 장치,2018-11-01,105.6,111.1,110.0,112.6,115.9,113.3,113.0,108.0,116.7,118.2
전기기기 및 장치,2018-12-01,98.4,114.8,105.6,109.6,111.5,116.4,111.1,107.1,113.0,131.3
전기기기 및 장치,2019-01-01,107.4,98.4,98.4,110.0,111.9,118.0,114.8,113.0,112.7,110.5
전기기기 및 장치,2019-02-01,96.9,82.4,107.4,105.6,112.6,111.7,98.4,111.1,108.0,96.0
전기기기 및 장치,2019-03-01,96.4,98.9,96.9,98.4,109.6,113.4,82.4,114.8,107.1,116.8
전기기기 및 장치,2019-04-01,103.6,104.8,96.4,107.4,110.0,109.3,98.9,98.4,113.0,110.7
전기기기 및 장치,2019-05-01,109.4,107.6,103.6,96.9,105.6,115.9,104.8,82.4,111.1,116.7
전기기기 및 장치,2019-06-01,104.3,103.2,109.4,96.4,98.4,111.5,107.6,98.9,114.8,113.0
전기기기 및 장치,2019-07-01,102.0,102.7,104.3,103.6,107.4,111.9,103.2,104.8,98.4,112.7
전기기기 및 장치,2019-08-01,100.9,94.9,102.0,109.4,96.9,112.6,102.7,107.6,82.4,108.0
전기기기 및 장치,2019-09-01,99.6,99.2,100.9,104.3,96.4,109.6,94.9,103.2,98.9,107.1
전기기기 및 장치,2019-10-01,97.8,100.2,99.6,102.0,103.6,110.0,99.2,102.7,104.8,113.0
전기기기 및 장치,2019-11-01,98.7,102.8,97.8,100.9,109.4,105.6,100.2,94.9,107.6,111.1
전기기기 및 장치,2019-12-01,97.5,117.6,98.7,99.6,104.3,98.4,102.8,99.2,103.2,114.8
전기기기 및 장치,2020-01-01,103.1,95.4,97.5,97.8,102.0,107.4,117.6,100.2,102.7,98.4
전기기기 및 장치,2020-02-01,103.8,86.2,103.1,98.7,100.9,96.9,95.4,102.8,94.9,82.4
전기기기 및 장치,2020-03-01,100.4,104.6,103.8,97.5,99.6,96.4,86.2,117.6,99.2,98.9
전기기기 및 장치,2020-04-01,107.4,108.3,100.4,103.1,97.8,103.6,104.6,95.4,100.2,104.8
전기기기 및 장치,2020-05-01,93.9,90.3,107.4,103.8,98.7,109.4,108.3,86.2,102.8,107.6
전기기기 및 장치,2020-06-01,97.3,100.0,93.9,100.4,97.5,104.3,90.3,104.6,117.6,103.2
전기기기 및 장치,2020-07-01,103.3,103.7,97.3,107.4,103.1,102.0,100.0,108.3,95.4,102.7
전기기기 및 장치,2020-08-01,97.8,90.2,103.3,93.9,103.8,100.9,103.7,90.3,86.2,94.9
전기기기 및 장치,2020-09-01,104.4,103.8,97.8,97.3,100.4,99.6,90.2,100.0,104.6,99.2
전기기기 및 장치,2020-10-01,88.5,90.5,104.4,103.3,107.4,97.8,103.8,103.7,108.3,100.2
전기기기 및 장치,2020-11-01,99.3,104.2,88.5,97.8,93.9,98.7,90.5,90.2,90.3,102.8
전기기기 및 장치,2020-12-01,100.7,122.8,99.3,104.4,97.3,97.5,104.2,103.8,100.0,117.6
전기기기 및 장치,2021-01-01,102.5,92.3,100.7,88.5,103.3,103.1,122.8,90.5,103.7,95.4
전기기기 및 장치,2021-02-01,106.5,89.8,102.5,99.3,97.8,103.8,92.3,104.2,90.2,86.2
전기기기 및 장치,2021-03-01,105.8,109.6,106.5,100.7,104.4,100.4,89.8,122.8,103.8,104.6
전기기기 및 장치,2021-04-01,117.1,115.3,105.8,102.5,88.5,107.4,109.6,92.3,90.5,108.3
전기기기 및 장치,2021-05-01,111.5,107.2,117.1,106.5,99.3,93.9,115.3,89.8,104.2,90.3
전기기기 및 장치,2021-06-01,145.3,149.0,111.5,105.8,100.7,97.3,107.2,109.6,122.8,100.0
전기기기 및 장치,2021-07-01,121.8,119.5,145.3,117.1,102.5,103.3,149.0,115.3,92.3,103.7
전기기기 및 장치,2021-08-01,142.7,137.4,121.8,111.5,106.5,97.8,119.5,107.2,89.8,90.2
전기기기 및 장치,2021-09-01,120.8,120.3,142.7,145.3,105.8,104.4,137.4,149.0,109.6,103.8
전기기기 및 장치,2021-10-01,105.0,107.2,120.8,121.8,117.1,88.5,120.3,119.5,115.3,90.5
전기기기 및 장치,2021-11-01,120.7,130.4,105.0,142.7,111.5,99.3,107.2,137.4,107.2,104.2
전기기기 및 장치,2021-12-01,138.6,174.6,120.7,120.8,145.3,100.7,130.4,120.3,149.0,122.8
전기기기 및 장치,2022-01-01,113.4,100.9,138.6,105.0,121.8,102.5,174.6,107.2,119.5,92.3
전기기기 및 장치,2022-02-01,116.6,98.9,113.4,120.7,142.7,106.5,100.9,130.4,137.4,89.8
전기기기 및 장치,2022-03-01,112.6,116.0,116.6,138.6,120.8,105.8,98.9,174.6,120.3,109.6
전기기기 및 장치,2022-04-01,110.0,108.0,112.6,113.4,105.0,117.1,116.0,100.9,107.2,115.3
전기기기 및 장치,2022-05-01,117.5,113.0,110.0,116.6,120.7,111.5,108.0,98.9,130.4,107.2
전기기기 및 장치,2022-06-01,112.7,115.5,117.5,112.6,138.6,145.3,113.0,116.0,174.6,149.0
전기기기 및 장치,2022-07-01,117.9,115.5,112.7,110.0,113.4,121.8,115.5,108.0,100.9,119.5
전기기기 및 장치,2022-08-01,128.0,123.5,117.9,117.5,116.6,142.7,115.5,113.0,98.9,137.4
전기기기 및 장치,2022-09-01,117.2,115.9,128.0,112.7,112.6,120.8,123.5,115.5,116.0,120.3
전기기기 및 장치,2022-10-01,120.0,118.5,117.2,117.9,110.0,105.0,115.9,115.5,108.0,107.2
전기기기 및 장치,2022-11-01,128.9,140.1,120.0,128.0,117.5,120.7,118.5,123.5,113.0,130.4
전기기기 및 장치,2022-12-01,131.5,160.3,128.9,117.2,112.7,138.6,140.1,115.9,115.5,174.6
전기기기 및 장치,2023-01-01,115.2,104.8,131.5,120.0,117.9,113.4,160.3,118.5,115.5,100.9
전기기기 및 장치,2023-02-01,119.6,98.4,115.2,128.9,128.0,116.6,104.8,140.1,123.5,98.9
전기기기 및 장치,2023-03-01,116.7,119.8,119.6,131.5,117.2,112.6,98.4,160.3,115.9,116.0
전기기기 및 장치,2023-04-01,112.4,109.9,116.7,115.2,120.0,110.0,119.8,104.8,118.5,108.0
전기기기 및 장치,2023-05-01,121.1,116.3,112.4,119.6,128.9,117.5,109.9,98.4,140.1,113.0
전기기기 및 장치,2023-06-01,120.3,120.6,121.1,116.7,131.5,112.7,116.3,119.8,160.3,115.5
전기기기 및 장치,2023-07-01,122.3,119.9,120.3,112.4,115.2,117.9,120.6,109.9,104.8,115.5
전기기기 및 장치,2023-08-01,131.5,126.7,122.3,121.1,119.6,128.0,119.9,116.3,98.4,123.5
전기기기 및 장치,2023-09-01,117.8,115.2,131.5,120.3,116.7,117.2,126.7,120.6,119.8,115.9
전기기기 및 장치,2023-10-01,125.9,128.5,117.8,122.3,112.4,120.0,115.2,119.9,109.9,118.5
전기기기 및 장치,2023-11-01,125.9,137.6,125.9,131.5,121.1,128.9,128.5,126.7,116.3,140.1
전기기기 및 장치,2023-12-01,124.6,153.1,125.9,117.8,120.3,131.5,137.6,115.2,120.6,160.3
전기기기 및 장치,2024-01-01,118.8,107.4,124.6,125.9,122.3,115.2,153.1,128.5,119.9,104.8
전기기기 및 장치,2024-02-01,116.3,95.4,118.8,125.9,131.5,119.6,107.4,137.6,126.7,98.4
전기기기 및 장치,2024-03-01,121.4,121.7,116.3,124.6,117.8,116.7,95.4,153.1,115.2,119.8
전기기기 및 장치,2024-04-01,124.5,124.0,121.4,118.8,125.9,112.4,121.7,107.4,128.5,109.9
전기기기 및 장치,2024-05-01,121.2,121.1,124.5,116.3,125.9,121.1,124.0,95.4,137.6,116.3
전기기기 및 장치,2024-06-01,126.6,127.1,121.2,121.4,124.6,120.3,121.1,121.7,153.1,120.6
전기기기 및 장치,2024-07-01,114.9,114.9,126.6,124.5,118.8,122.3,127.1,124.0,107.4,119.9
전기기기 및 장치,2024-08-01,112.6,108.6,114.9,121.2,116.3,131.5,114.9,121.1,95.4,126.7
전기기기 및 장치,2024-09-01,116.2,113.6,112.6,126.6,121.4,117.8,108.6,127.1,121.7,115.2
전기기기 및 장치,2024-10-01,116.4,118.7,116.2,114.9,124.5,125.9,113.6,114.9,124.0,128.5
전기기기 및 장치,2024-11-01,114.7,125.7,116.4,112.6,121.2,125.9,118.7,108.6,121.1,137.6
전기기기 및 장치,2024-12-01,131.1,162.2,114.7,116.2,126.6,124.6,125.7,113.6,127.1,153.1
전기기기 및 장치,2025-01-01,101.1,88.4,131.1,116.4,114.9,118.8,162.2,118.7,114.9,107.4
전기기기 및 장치,2025-02-01,124.2,106.6,101.1,114.7,112.6,116.3,88.4,125.7,108.6,95.4
전기기기 및 장치,2025-03-01,142.0,145.4,124.2,131.1,116.2,121.4,106.6,162.2,113.6,121.7
전기기기 및 장치,2025-04-01,124.8,119.0,142.0,101.1,116.4,124.5,145.4,88.4,118.7,124.0
전기기기 및 장치,2025-05-01,115.0,112.5,124.8,124.2,114.7,121.2,119.0,106.6,125.7,121.1
전기기기 및 장치,2025-06-01,125.8,129.0,115.0,142.0,131.1,126.6,112.5,145.4,162.2,127.1
전기기기 및 장치,2025-07-01,126.6,126.3,125.8,124.8,101.1,114.9,129.0,119.0,88.4,114.9
컴퓨터사무용기계,1995-02-01,15.7,15.3,,,,,,,,
컴퓨터사무용기계,1995-03-01,16.0,18.0,15.7,,,,15.3,,,
컴퓨터사무용기계,1995-04-01,17.2,17.9,16.0,,,,18.0,,,
컴퓨터사무용기계,1995-05-01,18.6,18.8,17.2,15.7,,,17.9,15.3,,
컴퓨터사무용기계,1995-06-01,19.7,19.4,18.6,16.0,,,18.8,18.0,,
컴퓨터사무용기계,1995-07-01,19.7,18.4,19.7,17.2,,,19.4,17.9,,
컴퓨터사무용기계,1995-08-01,18.5,17.5,19.7,18.6,15.7,,18.4,18.8,15.3,
컴퓨터사무용기계,1995-09-01,19.2,17.1,18.5,19.7,16.0,,17.5,19.4,18.0,
컴퓨터사무용기계,1995-10-01,19.4,18.4,19.2,19.7,17.2,,17.1,18.4,17.9,
컴퓨터사무용기계,1995-11-01,20.2,20.5,19.4,18.5,18.6,,18.4,17.5,18.8,
컴퓨터사무용기계,1995-12-01,20.6,23.4,20.2,19.2,19.7,,20.5,17.1,19.4,
컴퓨터사무용기계,1996-01-01,18.2,18.5,20.6,19.4,19.7,,23.4,18.4,18.4,
컴퓨터사무용기계,1996-02-01,25.4,24.7,18.2,20.2,18.5,15.7,18.5,20.5,17.5,15.3
컴퓨터사무용기계,1996-03-01,23.2,25.8,25.4,20.6,19.2,16.0,24.7,23.4,17.1,18.0
컴퓨터사무용기계,1996-04-01,24.1,25.0,23.2,18.2,19.4,17.2,25.8,18.5,18.4,17.9
컴퓨터사무용기계,1996-05-01,24.1,24.2,24.1,25.4,20.2,18.6,25.0,24.7,20.5,18.8
컴퓨터사무용기계,1996-06-01,25.0,24.5,24.1,23.2,20.6,19.7,24.2,25.8,23.4,19.4
컴퓨터사무용기계,1996-07-01,23.6,22.3,25.0,24.1,18.2,19.7,24.5,25.0,18.5,18.4
컴퓨터사무용기계,1996-08-01,26.2,24.8,23.6,24.1,25.4,18.5,22.3,24.2,24.7,17.5
컴퓨터사무용기계,1996-09-01,24.0,20.9,26.2,25.0,23.2,19.2,24.8,24.5,25.8,17.1
컴퓨터사무용기계,1996-10-01,24.5,23.5,24.0,23.6,24.1,19.4,20.9,22.3,25.0,18.4
컴퓨터사무용기계,1996-11-01,23.8,24.2,24.5,26.2,24.1,20.2,23.5,24.8,24.2,20.5
컴퓨터사무용기계,1996-12-01,25.8,29.4,23.8,24.0,25.0,20.6,24.2,20.9,24.5,23.4
컴퓨터사무용기계,1997-01-01,25.0,25.4,25.8,24.5,23.6,18.2,29.4,23.5,22.3,18.5
컴퓨터사무용기계,1997-02-01,23.9,22.8,25.0,23.8,26.2,25.4,25.4,24.2,24.8,24.7
컴퓨터사무용기계,1997-03-01,24.8,27.7,23.9,25.8,24.0,23.2,22.8,29.4,20.9,25.8
컴퓨터사무용기계,1997-04-01,24.8,26.2,24.8,25.0,24.5,24.1,27.7,25.4,23.5,25.0
컴퓨터사무용기계,1997-05-01,25.5,25.2,24.8,23.9,23.8,24.1,26.2,22.8,24.2,24.2
컴퓨터사무용기계,1997-06-01,24.6,24.1,25.5,24.8,25.8,25.0,25.2,27.7,29.4,24.5
컴퓨터사무용기계,1997-07-01,25.3,23.8,24.6,24.8,25.0,23.6,24.1,26.2,25.4,22.3
컴퓨터사무용기계,1997-08-01,24.3,22.6,25.3,25.5,23.9,26.2,23.8,25.2,22.8,24.8
컴퓨터사무용기계,1997-09-01,23.9,21.2,24.3,24.6,24.8,24.0,22.6,24.1,27.7,20.9
컴퓨터사무용기계,1997-10-01,25.8,24.9,23.9,25.3,24.8,24.5,21.2,23.8,26.2,23.5
컴퓨터사무용기계,1997-11-01,25.2,25.2,25.8,24.3,25.5,23.8,24.9,22.6,25.2,24.2
컴퓨터사무용기계,1997-12-01,24.0,27.5,25.2,23.9,24.6,25.8,25.2,21.2,24.1,29.4
컴퓨터사무용기계,1998-01-01,24.1,23.4,24.0,25.8,25.3,25.0,27.5,24.9,23.8,25.4
컴퓨터사무용기계,1998-02-01,23.1,22.6,24.1,25.2,24.3,23.9,23.4,25.2,22.6,22.8
컴퓨터사무용기계,1998-03-01,18.9,21.5,23.1,24.0,23.9,24.8,22.6,27.5,21.2,27.7
컴퓨터사무용기계,1998-04-01,17.5,18.6,18.9,24.1,25.8,24.8,21.5,23.4,24.9,26.2
컴퓨터사무용기계,1998-05-01,16.4,16.1,17.5,23.1,25.2,25.5,18.6,22.6,25.2,25.2
컴퓨터사무용기계,1998-06-01,14.6,14.3,16.4,18.9,24.0,24.6,16.1,21.5,27.5,24.1
컴퓨터사무용기계,1998-07-01,16.4,15.4,14.6,17.5,24.1,25.3,14.3,18.6,23.4,23.8
컴퓨터사무용기계,1998-08-01,15.8,14.7,16.4,16.4,23.1,24.3,15.4,16.1,22.6,22.6
컴퓨터사무용기계,1998-09-01,20.4,18.8,15.8,14.6,18.9,23.9,14.7,14.3,21.5,21.2
컴퓨터사무용기계,1998-10-01,20.4,19.4,20.4,16.4,17.5,25.8,18.8,15.4,18.6,24.9
컴퓨터사무용기계,1998-11-01,25.4,25.3,20.4,15.8,16.4,25.2,19.4,14.7,16.1,25.2
컴퓨터사무용기계,1998-12-01,25.8,30.1,25.4,20.4,14.6,24.0,25.3,18.8,14.3,27.5
컴퓨터사무용기계,1999-01-01,30.4,30.2,25.8,20.4,16.4,24.1,30.1,19.4,15.4,23.4
컴퓨터사무용기계,1999-02-01,31.1,29.1,30.4,25.4,15.8,23.1,30.2,25.3,14.7,22.6
컴퓨터사무용기계,1999-03-01,30.7,35.2,31.1,25.8,20.4,18.9,29.1,30.1,18.8,21.5
컴퓨터사무용기계,1999-04-01,37.9,39.8,30.7,30.4,20.4,17.5,35.2,30.2,19.4,18.6
컴퓨터사무용기계,1999-05-01,43.6,41.9,37.9,31.1,25.4,16.4,39.8,29.1,25.3,16.1
컴퓨터사무용기계,1999-06-01,45.8,46.0,43.6,30.7,25.8,14.6,41.9,35.2,30.1,14.3
컴퓨터사무용기계,1999-07-01,43.8,41.2,45.8,37.9,30.4,16.4,46.0,39.8,30.2,15.4
컴퓨터사무용기계,1999-08-01,44.6,42.0,43.8,43.6,31.1,15.8,41.2,41.9,29.1,14.7
컴퓨터사무용기계,1999-09-01,41.4,37.3,44.6,45.8,30.7,20.4,42.0,46.0,35.2,18.8
컴퓨터사무용기계,1999-10-01,36.2,35.3,41.4,43.8,37.9,20.4,37.3,41.2,39.8,19.4
컴퓨터사무용기계,1999-11-01,60.7,61.1,36.2,44.6,43.6,25.4,35.3,42.0,41.9,25.3
컴퓨터사무용기계,1999-12-01,50.2,58.7,60.7,41.4,45.8,25.8,61.1,37.3,46.0,30.1
컴퓨터사무용기계,2000-01-01,56.9,51.6,50.2,36.2,43.8,30.4,58.7,35.3,41.2,30.2
컴퓨터사무용기계,2000-02-01,56.9,53.8,56.9,60.7,44.6,31.1,51.6,61.1,42.0,29.1
컴퓨터사무용기계,2000-03-01,54.6,64.8,56.9,50.2,41.4,30.7,53.8,58.7,37.3,35.2
컴퓨터사무용기계,2000-04-01,60.1,62.9,54.6,56.9,36.2,37.9,64.8,51.6,35.3,39.8
컴퓨터사무용기계,2000-05-01,61.0,56.3,60.1,56.9,60.7,43.6,62.9,53.8,61.1,41.9
컴퓨터사무용기계,2000-06-01,60.8,60.3,61.0,54.6,50.2,45.8,56.3,64.8,58.7,46.0
컴퓨터사무용기계,2000-07-01,65.2,61.0,60.8,60.1,56.9,43.8,60.3,62.9,51.6,41.2
컴퓨터사무용기계,2000-08-01,84.4,70.5,65.2,61.0,56.9,44.6,61.0,56.3,53.8,42.0
컴퓨터사무용기계,2000-09-01,62.0,60.5,84.4,60.8,54.6,41.4,70.5,60.3,64.8,37.3
컴퓨터사무용기계,2000-10-01,61.9,64.4,62.0,65.2,60.1,36.2,60.5,61.0,62.9,35.3
컴퓨터사무용기계,2000-11-01,55.5,54.6,61.9,84.4,61.0,60.7,64.4,70.5,56.3,61.1
컴퓨터사무용기계,2000-12-01,57.4,70.0,55.5,62.0,60.8,50.2,54.6,60.5,60.3,58.7
컴퓨터사무용기계,2001-01-01,60.7,53.2,57.4,61.9,65.2,56.9,70.0,64.4,61.0,51.6
컴퓨터사무용기계,2001-02-01,52.4,50.9,60.7,55.5,84.4,56.9,53.2,54.6,70.5,53.8
컴퓨터사무용기계,2001-03-01,56.7,67.5,52.4,57.4,62.0,54.6,50.9,70.0,60.5,64.8
컴퓨터사무용기계,2001-04-01,57.1,60.1,56.7,60.7,61.9,60.1,67.5,53.2,64.4,62.9
컴퓨터사무용기계,2001-05-01,51.2,47.5,57.1,52.4,55.5,61.0,60.1,50.9,54.6,56.3
컴퓨터사무용기계,2001-06-01,63.4,63.0,51.2,56.7,57.4,60.8,47.5,67.5,70.0,60.3
컴퓨터사무용기계,2001-07-01,54.3,50.6,63.4,57.1,60.7,65.2,63.0,60.1,53.2,61.0
컴퓨터사무용기계,2001-08-01,50.5,42.6,54.3,51.2,52.4,84.4,50.6,47.5,50.9,70.5
컴퓨터사무용기계,2001-09-01,51.8,51.6,50.5,63.4,56.7,62.0,42.6,63.0,67.5,60.5
컴퓨터사무용기계,2001-10-01,63.1,64.6,51.8,54.3,57.1,61.9,51.6,50.6,60.1,64.4
컴퓨터사무용기계,2001-11-01,60.4,59.6,63.1,50.5,51.2,55.5,64.6,42.6,47.5,54.6
컴퓨터사무용기계,2001-12-01,63.3,76.8,60.4,51.8,63.4,57.4,59.6,51.6,63.0,70.0
컴퓨터사무용기계,2002-01-01,60.0,55.6,63.3,63.1,54.3,60.7,76.8,64.6,50.6,53.2
컴퓨터사무용기계,2002-02-01,62.3,57.7,60.0,60.4,50.5,52.4,55.6,59.6,42.6,50.9
컴퓨터사무용기계,2002-03-01,61.0,72.5,62.3,63.3,51.8,56.7,57.7,76.8,51.6,67.5
컴퓨터사무용기계,2002-04-01,60.4,63.6,61.0,60.0,63.1,57.1,72.5,55.6,64.6,60.1
컴퓨터사무용기계,2002-05-01,67.4,62.8,60.4,62.3,60.4,51.2,63.6,57.7,59.6,47.5
컴퓨터사무용기계,2002-06-01,60.5,59.3,67.4,61.0,63.3,63.4,62.8,72.5,76.8,63.0
컴퓨터사무용기계,2002-07-01,58.7,54.3,60.5,60.4,60.0,54.3,59.3,63.6,55.6,50.6
컴퓨터사무용기계,2002-08-01,62.4,53.6,58.7,67.4,62.3,50.5,54.3,62.8,57.7,42.6
컴퓨터사무용기계,2002-09-01,76.0,74.6,62.4,60.5,61.0,51.8,53.6,59.3,72.5,51.6
컴퓨터사무용기계,2002-10-01,64.9,66.8,76.0,58.7,60.4,63.1,74.6,54.3,63.6,64.6
컴퓨터사무용기계,2002-11-01,66.5,65.8,64.9,62.4,67.4,60.4,66.8,53.6,62.8,59.6
컴퓨터사무용기계,2002-12-01,65.8,78.2,66.5,76.0,60.5,63.3,65.8,74.6,59.3,76.8
컴퓨터사무용기계,2003-01-01,57.1,52.8,65.8,64.9,58.7,60.0,78.2,66.8,54.3,55.6
컴퓨터사무용기계,2003-02-01,57.3,54.7,57.1,66.5,62.4,62.3,52.8,65.8,53.6,57.7
컴퓨터사무용기계,2003-03-01,59.8,71.4,57.3,65.8,76.0,61.0,54.7,78.2,74.6,72.5
컴퓨터사무용기계,2003-04-01,60.2,62.5,59.8,57.1,64.9,60.4,71.4,52.8,66.8,63.6
컴퓨터사무용기계,2003-05-01,54.7,49.9,60.2,57.3,66.5,67.4,62.5,54.7,65.8,62.8
컴퓨터사무용기계,2003-06-01,56.8,56.4,54.7,59.8,65.8,60.5,49.9,71.4,78.2,59.3
컴퓨터사무용기계,2003-07-01,54.1,50.0,56.8,60.2,57.1,58.7,56.4,62.5,52.8,54.3
컴퓨터사무용기계,2003-08-01,51.3,44.9,54.1,54.7,57.3,62.4,50.0,49.9,54.7,53.6
컴퓨터사무용기계,2003-09-01,53.3,52.4,51.3,56.8,59.8,76.0,44.9,56.4,71.4,74.6
컴퓨터사무용기계,2003-10-01,46.3,47.0,53.3,54.1,60.2,64.9,52.4,50.0,62.5,66.8
컴퓨터사무용기계,2003-11-01,46.3,45.4,46.3,51.3,54.7,66.5,47.0,44.9,49.9,65.8
컴퓨터사무용기계,2003-12-01,40.7,48.7,46.3,53.3,56.8,65.8,45.4,52.4,56.4,78.2
컴퓨터사무용기계,2004-01-01,40.1,36.8,40.7,46.3,54.1,57.1,48.7,47.0,50.0,52.8
컴퓨터사무용기계,2004-02-01,49.6,48.4,40.1,46.3,51.3,57.3,36.8,45.4,44.9,54.7
컴퓨터사무용기계,2004-03-01,48.2,58.1,49.6,40.7,53.3,59.8,48.4,48.7,52.4,71.4
컴퓨터사무용기계,2004-04-01,42.9,43.4,48.2,40.1,46.3,60.2,58.1,36.8,47.0,62.5
컴퓨터사무용기계,2004-05-01,32.2,29.1,42.9,49.6,46.3,54.7,43.4,48.4,45.4,49.9
컴퓨터사무용기계,2004-06-01,40.2,40.9,32.2,48.2,40.7,56.8,29.1,58.1,48.7,56.4
컴퓨터사무용기계,2004-07-01,50.3,46.2,40.2,42.9,40.1,54.1,40.9,43.4,36.8,50.0
컴퓨터사무용기계,2004-08-01,54.8,49.7,50.3,32.2,49.6,51.3,46.2,29.1,48.4,44.9
컴퓨터사무용기계,2004-09-01,51.1,50.2,54.8,40.2,48.2,53.3,49.7,40.9,58.1,52.4
컴퓨터사무용기계,2004-10-01,50.8,51.1,51.1,50.3,42.9,46.3,50.2,46.2,43.4,47.0
컴퓨터사무용기계,2004-11-01,53.3,52.6,50.8,54.8,32.2,46.3,51.1,49.7,29.1,45.4
컴퓨터사무용기계,2004-12-01,57.8,68.1,53.3,51.1,40.2,40.7,52.6,50.2,40.9,48.7
컴퓨터사무용기계,2005-01-01,59.2,58.9,57.8,50.8,50.3,40.1,68.1,51.1,46.2,36.8
컴퓨터사무용기계,2005-02-01,52.9,54.8,59.2,53.3,54.8,49.6,58.9,52.6,49.7,48.4
컴퓨터사무용기계,2005-03-01,61.3,70.0,52.9,57.8,51.1,48.2,54.8,68.1,50.2,58.1
컴퓨터사무용기계,2005-04-01,62.1,56.8,61.3,59.2,50.8,42.9,70.0,58.9,51.1,43.4
컴퓨터사무용기계,2005-05-01,55.1,49.2,62.1,52.9,53.3,32.2,56.8,54.8,52.6,29.1
컴퓨터사무용기계,2005-06-01,52.3,54.2,55.1,61.3,57.8,40.2,49.2,70.0,68.1,40.9
컴퓨터사무용기계,2005-07-01,54.8,51.5,52.3,62.1,59.2,50.3,54.2,56.8,58.9,46.2
컴퓨터사무용기계,2005-08-01,53.3,50.4,54.8,55.1,52.9,54.8,51.5,49.2,54.8,49.7
컴퓨터사무용기계,2005-09-01,56.2,56.3,53.3,52.3,61.3,51.1,50.4,54.2,70.0,50.2
컴퓨터사무용기계,2005-10-01,54.8,54.8,56.2,54.8,62.1,50.8,56.3,51.5,56.8,51.1
컴퓨터사무용기계,2005-11-01,52.5,50.7,54.8,53.3,55.1,53.3,54.8,50.4,49.2,52.6
컴퓨터사무용기계,2005-12-01,52.3,58.7,52.5,56.2,52.3,57.8,50.7,56.3,54.2,68.1
컴퓨터사무용기계,2006-01-01,50.0,52.4,52.3,54.8,54.8,59.2,58.7,54.8,51.5,58.9
컴퓨터사무용기계,2006-02-01,55.9,53.9,50.0,52.5,53.3,52.9,52.4,50.7,50.4,54.8
컴퓨터사무용기계,2006-03-01,55.5,63.1,55.9,52.3,56.2,61.3,53.9,58.7,56.3,70.0
컴퓨터사무용기계,2006-04-01,55.9,52.2,55.5,50.0,54.8,62.1,63.1,52.4,54.8,56.8
컴퓨터사무용기계,2006-05-01,52.9,48.3,55.9,55.9,52.5,55.1,52.2,53.9,50.7,49.2
컴퓨터사무용기계,2006-06-01,51.8,54.0,52.9,55.5,52.3,52.3,48.3,63.1,58.7,54.2
컴퓨터사무용기계,2006-07-01,47.7,44.8,51.8,55.9,50.0,54.8,54.0,52.2,52.4,51.5
컴퓨터사무용기계,2006-08-01,56.1,52.9,47.7,52.9,55.9,53.3,44.8,48.3,53.9,50.4
컴퓨터사무용기계,2006-09-01,54.2,54.8,56.1,51.8,55.5,56.2,52.9,54.0,63.1,56.3
컴퓨터사무용기계,2006-10-01,54.2,54.7,54.2,47.7,55.9,54.8,54.8,44.8,52.2,54.8
컴퓨터사무용기계,2006-11-01,57.1,55.0,54.2,56.1,52.9,52.5,54.7,52.9,48.3,50.7
컴퓨터사무용기계,2006-12-01,89.0,99.5,57.1,54.2,51.8,52.3,55.0,54.8,54.0,58.7
컴퓨터사무용기계,2007-01-01,80.8,82.9,89.0,54.2,47.7,50.0,99.5,54.7,44.8,52.4
컴퓨터사무용기계,2007-02-01,85.4,84.4,80.8,57.1,56.1,55.9,82.9,55.0,52.9,53.9
컴퓨터사무용기계,2007-03-01,78.9,87.6,85.4,89.0,54.2,55.5,84.4,99.5,54.8,63.1
컴퓨터사무용기계,2007-04-01,72.8,69.2,78.9,80.8,54.2,55.9,87.6,82.9,54.7,52.2
컴퓨터사무용기계,2007-05-01,76.9,72.6,72.8,85.4,57.1,52.9,69.2,84.4,55.0,48.3
컴퓨터사무용기계,2007-06-01,63.8,64.5,76.9,78.9,89.0,51.8,72.6,87.6,99.5,54.0
컴퓨터사무용기계,2007-07-01,70.0,66.0,63.8,72.8,80.8,47.7,64.5,69.2,82.9,44.8
컴퓨터사무용기계,2007-08-01,70.0,65.8,70.0,76.9,85.4,56.1,66.0,72.6,84.4,52.9
컴퓨터사무용기계,2007-09-01,60.2,60.1,70.0,63.8,78.9,54.2,65.8,64.5,87.6,54.8
컴퓨터사무용기계,2007-10-01,69.9,70.7,60.2,70.0,72.8,54.2,60.1,66.0,69.2,54.7
컴퓨터사무용기계,2007-11-01,66.3,63.5,69.9,70.0,76.9,57.1,70.7,65.8,72.6,55.0
컴퓨터사무용기계,2007-12-01,66.9,72.6,66.3,60.2,63.8,89.0,63.5,60.1,64.5,99.5
컴퓨터사무용기계,2008-01-01,66.8,71.2,66.9,69.9,70.0,80.8,72.6,70.7,66.0,82.9
컴퓨터사무용기계,2008-02-01,58.7,57.5,66.8,66.3,70.0,85.4,71.2,63.5,65.8,84.4
컴퓨터사무용기계,2008-03-01,70.8,78.4,58.7,66.9,60.2,78.9,57.5,72.6,60.1,87.6
컴퓨터사무용기계,2008-04-01,62.6,59.5,70.8,66.8,69.9,72.8,78.4,71.2,70.7,69.2
컴퓨터사무용기계,2008-05-01,58.2,53.6,62.6,58.7,66.3,76.9,59.5,57.5,63.5,72.6
컴퓨터사무용기계,2008-06-01,63.5,66.1,58.2,70.8,66.9,63.8,53.6,78.4,72.6,64.5
컴퓨터사무용기계,2008-07-01,62.9,61.1,63.5,62.6,66.8,70.0,66.1,59.5,71.2,66.0
컴퓨터사무용기계,2008-08-01,61.8,56.3,62.9,58.2,58.7,70.0,61.1,53.6,57.5,65.8
컴퓨터사무용기계,2008-09-01,65.2,64.2,61.8,63.5,70.8,60.2,56.3,66.1,78.4,60.1
컴퓨터사무용기계,2008-10-01,60.5,60.8,65.2,62.9,62.6,69.9,64.2,61.1,59.5,70.7
컴퓨터사무용기계,2008-11-01,59.5,55.5,60.5,61.8,58.2,66.3,60.8,56.3,53.6,63.5
컴퓨터사무용기계,2008-12-01,57.2,64.1,59.5,65.2,63.5,66.9,55.5,64.2,66.1,72.6
컴퓨터사무용기계,2009-01-01,44.8,48.7,57.2,60.5,62.9,66.8,64.1,60.8,61.1,71.2
컴퓨터사무용기계,2009-02-01,56.9,54.0,44.8,59.5,61.8,58.7,48.7,55.5,56.3,57.5
컴퓨터사무용기계,2009-03-01,53.9,61.0,56.9,57.2,65.2,70.8,54.0,64.1,64.2,78.4
컴퓨터사무용기계,2009-04-01,59.2,55.5,53.9,44.8,60.5,62.6,61.0,48.7,60.8,59.5
컴퓨터사무용기계,2009-05-01,61.0,56.0,59.2,56.9,59.5,58.2,55.5,54.0,55.5,53.6
컴퓨터사무용기계,2009-06-01,62.1,67.8,61.0,53.9,57.2,63.5,56.0,61.0,64.1,66.1
컴퓨터사무용기계,2009-07-01,59.2,58.4,62.1,59.2,44.8,62.9,67.8,55.5,48.7,61.1
컴퓨터사무용기계,2009-08-01,64.2,58.5,59.2,61.0,56.9,61.8,58.4,56.0,54.0,56.3
컴퓨터사무용기계,2009-09-01,62.5,60.3,64.2,62.1,53.9,65.2,58.5,67.8,61.0,64.2
컴퓨터사무용기계,2009-10-01,61.2,61.1,62.5,59.2,59.2,60.5,60.3,58.4,55.5,60.8
컴퓨터사무용기계,2009-11-01,63.0,59.5,61.2,64.2,61.0,59.5,61.1,58.5,56.0,55.5
컴퓨터사무용기계,2009-12-01,66.2,73.7,63.0,62.5,62.1,57.2,59.5,60.3,67.8,64.1
컴퓨터사무용기계,2010-01-01,56.9,60.6,66.2,61.2,59.2,44.8,73.7,61.1,58.4,48.7
컴퓨터사무용기계,2010-02-01,69.7,67.5,56.9,63.0,64.2,56.9,60.6,59.5,58.5,54.0
컴퓨터사무용기계,2010-03-01,74.5,84.1,69.7,66.2,62.5,53.9,67.5,73.7,60.3,61.0
컴퓨터사무용기계,2010-04-01,66.7,65.1,74.5,56.9,61.2,59.2,84.1,60.6,61.1,55.5
컴퓨터사무용기계,2010-05-01,72.0,70.0,66.7,69.7,63.0,61.0,65.1,67.5,59.5,56.0
컴퓨터사무용기계,2010-06-01,74.1,78.7,72.0,74.5,66.2,62.1,70.0,84.1,73.7,67.8
컴퓨터사무용기계,2010-07-01,78.5,78.4,74.1,66.7,56.9,59.2,78.7,65.1,60.6,58.4
컴퓨터사무용기계,2010-08-01,79.7,71.1,78.5,72.0,69.7,64.2,78.4,70.0,67.5,58.5
컴퓨터사무용기계,2010-09-01,87.5,83.9,79.7,74.1,74.5,62.5,71.1,78.7,84.1,60.3
컴퓨터사무용기계,2010-10-01,87.8,84.9,87.5,78.5,66.7,61.2,83.9,78.4,65.1,61.1
컴퓨터사무용기계,2010-11-01,107.0,100.0,87.8,79.7,72.0,63.0,84.9,71.1,70.0,59.5
컴퓨터사무용기계,2010-12-01,76.9,88.3,107.0,87.5,74.1,66.2,100.0,83.9,78.7,73.7
컴퓨터사무용기계,2011-01-01,85.7,99.8,76.9,87.8,78.5,56.9,88.3,84.9,78.4,60.6
컴퓨터사무용기계,2011-02-01,82.8,78.1,85.7,107.0,79.7,69.7,99.8,100.0,71.1,67.5
컴퓨터사무용기계,2011-03-01,87.8,99.4,82.8,76.9,87.5,74.5,78.1,88.3,83.9,84.1
컴퓨터사무용기계,2011-04-01,92.2,89.5,87.8,85.7,87.8,66.7,99.4,99.8,84.9,65.1
컴퓨터사무용기계,2011-05-01,93.9,90.2,92.2,82.8,107.0,72.0,89.5,78.1,100.0,70.0
컴퓨터사무용기계,2011-06-01,95.2,99.6,93.9,87.8,76.9,74.1,90.2,99.4,88.3,78.7
컴퓨터사무용기계,2011-07-01,97.1,95.4,95.2,92.2,85.7,78.5,99.6,89.5,99.8,78.4
컴퓨터사무용기계,2011-08-01,106.5,93.2,97.1,93.9,82.8,79.7,95.4,90.2,78.1,71.1
컴퓨터사무용기계,2011-09-01,84.1,76.6,106.5,95.2,87.8,87.5,93.2,99.6,99.4,83.9
컴퓨터사무용기계,2011-10-01,85.2,81.9,84.1,97.1,92.2,87.8,76.6,95.4,89.5,84.9
컴퓨터사무용기계,2011-11-01,86.6,80.1,85.2,106.5,93.9,107.0,81.9,93.2,90.2,100.0
컴퓨터사무용기계,2011-12-01,72.4,81.6,86.6,84.1,95.2,76.9,80.1,76.6,99.6,88.3
컴퓨터사무용기계,2012-01-01,80.0,90.5,72.4,85.2,97.1,85.7,81.6,81.9,95.4,99.8
컴퓨터사무용기계,2012-02-01,88.8,88.8,80.0,86.6,106.5,82.8,90.5,80.1,93.2,78.1
컴퓨터사무용기계,2012-03-01,75.7,85.9,88.8,72.4,84.1,87.8,88.8,81.6,76.6,99.4
컴퓨터사무용기계,2012-04-01,85.2,84.0,75.7,80.0,85.2,92.2,85.9,90.5,81.9,89.5
컴퓨터사무용기계,2012-05-01,86.4,83.3,85.2,88.8,86.6,93.9,84.0,88.8,80.1,90.2
컴퓨터사무용기계,2012-06-01,85.8,87.6,86.4,75.7,72.4,95.2,83.3,85.9,81.6,99.6
컴퓨터사무용기계,2012-07-01,83.1,81.0,85.8,85.2,80.0,97.1,87.6,84.0,90.5,95.4
컴퓨터사무용기계,2012-08-01,72.2,62.7,83.1,86.4,88.8,106.5,81.0,83.3,88.8,93.2
컴퓨터사무용기계,2012-09-01,71.4,62.5,72.2,85.8,75.7,84.1,62.7,87.6,85.9,76.6
컴퓨터사무용기계,2012-10-01,80.1,77.3,71.4,83.1,85.2,85.2,62.5,81.0,84.0,81.9
컴퓨터사무용기계,2012-11-01,83.4,76.4,80.1,72.2,86.4,86.6,77.3,62.7,83.3,80.1
컴퓨터사무용기계,2012-12-01,74.7,85.4,83.4,71.4,85.8,72.4,76.4,62.5,87.6,81.6
컴퓨터사무용기계,2013-01-01,84.1,96.1,74.7,80.1,83.1,80.0,85.4,77.3,81.0,90.5
컴퓨터사무용기계,2013-02-01,81.4,82.9,84.1,83.4,72.2,88.8,96.1,76.4,62.7,88.8
컴퓨터사무용기계,2013-03-01,76.6,85.6,81.4,74.7,71.4,75.7,82.9,85.4,62.5,85.9
컴퓨터사무용기계,2013-04-01,80.9,80.2,76.6,84.1,80.1,85.2,85.6,96.1,77.3,84.0
컴퓨터사무용기계,2013-05-01,77.1,73.5,80.9,81.4,83.4,86.4,80.2,82.9,76.4,83.3
컴퓨터사무용기계,2013-06-01,72.0,70.5,77.1,76.6,74.7,85.8,73.5,85.6,85.4,87.6
컴퓨터사무용기계,2013-07-01,73.6,71.8,72.0,80.9,84.1,83.1,70.5,80.2,96.1,81.0
컴퓨터사무용기계,2013-08-01,76.7,65.1,73.6,77.1,81.4,72.2,71.8,73.5,82.9,62.7
컴퓨터사무용기계,2013-09-01,75.6,68.3,76.7,72.0,76.6,71.4,65.1,70.5,85.6,62.5
컴퓨터사무용기계,2013-10-01,72.6,69.3,75.6,73.6,80.9,80.1,68.3,71.8,80.2,77.3
컴퓨터사무용기계,2013-11-01,69.9,62.4,72.6,76.7,77.1,83.4,69.3,65.1,73.5,76.4
컴퓨터사무용기계,2013-12-01,78.3,96.2,69.9,75.6,72.0,74.7,62.4,68.3,70.5,85.4
컴퓨터사무용기계,2014-01-01,77.0,93.1,78.3,72.6,73.6,84.1,96.2,69.3,71.8,96.1
컴퓨터사무용기계,2014-02-01,72.9,72.2,77.0,69.9,76.7,81.4,93.1,62.4,65.1,82.9
컴퓨터사무용기계,2014-03-01,84.6,96.6,72.9,78.3,75.6,76.6,72.2,96.2,68.3,85.6
컴퓨터사무용기계,2014-04-01,73.0,74.1,84.6,77.0,72.6,80.9,96.6,93.1,69.3,80.2
컴퓨터사무용기계,2014-05-01,73.1,67.0,73.0,72.9,69.9,77.1,74.1,72.2,62.4,73.5
컴퓨터사무용기계,2014-06-01,71.4,70.1,73.1,84.6,78.3,72.0,67.0,96.6,96.2,70.5
컴퓨터사무용기계,2014-07-01,72.0,68.5,71.4,73.0,77.0,73.6,70.1,74.1,93.1,71.8
컴퓨터사무용기계,2014-08-01,72.8,62.6,72.0,73.1,72.9,76.7,68.5,67.0,72.2,65.1
컴퓨터사무용기계,2014-09-01,77.1,68.4,72.8,71.4,84.6,75.6,62.6,70.1,96.6,68.3
컴퓨터사무용기계,2014-10-01,78.2,76.6,77.1,72.0,73.0,72.6,68.4,68.5,74.1,69.3
컴퓨터사무용기계,2014-11-01,75.6,67.2,78.2,72.8,73.1,69.9,76.6,62.6,67.0,62.4
컴퓨터사무용기계,2014-12-01,76.4,96.4,75.6,77.1,71.4,78.3,67.2,68.4,70.1,96.2
컴퓨터사무용기계,2015-01-01,71.6,81.5,76.4,78.2,72.0,77.0,96.4,76.6,68.5,93.1
컴퓨터사무용기계,2015-02-01,73.0,76.8,71.6,75.6,72.8,72.9,81.5,67.2,62.6,72.2
컴퓨터사무용기계,2015-03-01,72.1,82.8,73.0,76.4,77.1,84.6,76.8,96.4,68.4,96.6
컴퓨터사무용기계,2015-04-01,70.9,71.7,72.1,71.6,78.2,73.0,82.8,81.5,76.6,74.1
컴퓨터사무용기계,2015-05-01,72.2,64.6,70.9,73.0,75.6,73.1,71.7,76.8,67.2,67.0
컴퓨터사무용기계,2015-06-01,68.5,66.5,72.2,72.1,76.4,71.4,64.6,82.8,96.4,70.1
컴퓨터사무용기계,2015-07-01,69.8,65.0,68.5,70.9,71.6,72.0,66.5,71.7,81.5,68.5
컴퓨터사무용기계,2015-08-01,72.1,64.4,69.8,72.2,73.0,72.8,65.0,64.6,76.8,62.6
컴퓨터사무용기계,2015-09-01,68.7,61.2,72.1,68.5,72.1,77.1,64.4,66.5,82.8,68.4
컴퓨터사무용기계,2015-10-01,68.2,63.5,68.7,69.8,70.9,78.2,61.2,65.0,71.7,76.6
컴퓨터사무용기계,2015-11-01,67.8,61.7,68.2,72.1,72.2,75.6,63.5,64.4,64.6,67.2
컴퓨터사무용기계,2015-12-01,71.8,91.8,67.8,68.7,68.5,76.4,61.7,61.2,66.5,96.4
컴퓨터사무용기계,2016-01-01,65.8,76.3,71.8,68.2,69.8,71.6,91.8,63.5,65.0,81.5
컴퓨터사무용기계,2016-02-01,75.6,77.5,65.8,67.8,72.1,73.0,76.3,61.7,64.4,76.8
컴퓨터사무용기계,2016-03-01,72.4,83.4,75.6,71.8,68.7,72.1,77.5,91.8,61.2,82.8
컴퓨터사무용기계,2016-04-01,69.4,70.1,72.4,65.8,68.2,70.9,83.4,76.3,63.5,71.7
컴퓨터사무용기계,2016-05-01,69.3,61.7,69.4,75.6,67.8,72.2,70.1,77.5,61.7,64.6
컴퓨터사무용기계,2016-06-01,81.2,78.3,69.3,72.4,71.8,68.5,61.7,83.4,91.8,66.5
컴퓨터사무용기계,2016-07-01,71.0,63.8,81.2,69.4,65.8,69.8,78.3,70.1,76.3,65.0
컴퓨터사무용기계,2016-08-01,71.2,64.7,71.0,69.3,75.6,72.1,63.8,61.7,77.5,64.4
컴퓨터사무용기계,2016-09-01,76.2,69.5,71.2,81.2,72.4,68.7,64.7,78.3,83.4,61.2
컴퓨터사무용기계,2016-10-01,75.0,67.8,76.2,71.0,69.4,68.2,69.5,63.8,70.1,63.5
컴퓨터사무용기계,2016-11-01,77.4,70.7,75.0,71.2,69.3,67.8,67.8,64.7,61.7,61.7
컴퓨터사무용기계,2016-12-01,70.0,91.7,77.4,76.2,81.2,71.8,70.7,69.5,78.3,91.8
컴퓨터사무용기계,2017-01-01,76.0,95.1,70.0,75.0,71.0,65.8,91.7,67.8,63.8,76.3
컴퓨터사무용기계,2017-02-01,86.2,88.1,76.0,77.4,71.2,75.6,95.1,70.7,64.7,77.5
컴퓨터사무용기계,2017-03-01,78.8,90.7,86.2,70.0,76.2,72.4,88.1,91.7,69.5,83.4
컴퓨터사무용기계,2017-04-01,78.3,76.1,78.8,76.0,75.0,69.4,90.7,95.1,67.8,70.1
컴퓨터사무용기계,2017-05-01,76.8,66.8,78.3,86.2,77.4,69.3,76.1,88.1,70.7,61.7
컴퓨터사무용기계,2017-06-01,82.5,79.5,76.8,78.8,70.0,81.2,66.8,90.7,91.7,78.3
컴퓨터사무용기계,2017-07-01,100.1,89.4,82.5,78.3,76.0,71.0,79.5,76.1,95.1,63.8
컴퓨터사무용기계,2017-08-01,87.0,80.0,100.1,76.8,86.2,71.2,89.4,66.8,88.1,64.7
컴퓨터사무용기계,2017-09-01,92.5,83.2,87.0,82.5,78.8,76.2,80.0,79.5,90.7,69.5
컴퓨터사무용기계,2017-10-01,77.1,70.5,92.5,100.1,78.3,75.0,83.2,89.4,76.1,67.8
컴퓨터사무용기계,2017-11-01,82.7,76.1,77.1,87.0,76.8,77.4,70.5,80.0,66.8,70.7
컴퓨터사무용기계,2017-12-01,89.5,109.0,82.7,92.5,82.5,70.0,76.1,83.2,79.5,91.7
컴퓨터사무용기계,2018-01-01,103.2,126.0,89.5,77.1,100.1,76.0,109.0,70.5,89.4,95.1
컴퓨터사무용기계,2018-02-01,80.8,83.9,103.2,82.7,87.0,86.2,126.0,76.1,80.0,88.1
컴퓨터사무용기계,2018-03-01,83.5,93.9,80.8,89.5,92.5,78.8,83.9,109.0,83.2,90.7
컴퓨터사무용기계,2018-04-01,85.2,86.8,83.5,103.2,77.1,78.3,93.9,126.0,70.5,76.1
컴퓨터사무용기계,2018-05-01,84.4,73.9,85.2,80.8,82.7,76.8,86.8,83.9,76.1,66.8
컴퓨터사무용기계,2018-06-01,83.1,78.5,84.4,83.5,89.5,82.5,73.9,93.9,109.0,79.5
컴퓨터사무용기계,2018-07-01,86.2,78.4,83.1,85.2,103.2,100.1,78.5,86.8,126.0,89.4
컴퓨터사무용기계,2018-08-01,88.5,82.0,86.2,84.4,80.8,87.0,78.4,73.9,83.9,80.0
컴퓨터사무용기계,2018-09-01,81.0,71.4,88.5,83.1,83.5,92.5,82.0,78.5,93.9,83.2
컴퓨터사무용기계,2018-10-01,85.0,78.3,81.0,86.2,85.2,77.1,71.4,78.4,86.8,70.5
컴퓨터사무용기계,2018-11-01,90.3,83.5,85.0,88.5,84.4,82.7,78.3,82.0,73.9,76.1
컴퓨터사무용기계,2018-12-01,94.7,116.1,90.3,81.0,83.1,89.5,83.5,71.4,78.5,109.0
컴퓨터사무용기계,2019-01-01,92.6,118.9,94.7,85.0,86.2,103.2,116.1,78.3,78.4,126.0
컴퓨터사무용기계,2019-02-01,90.6,88.7,92.6,90.3,88.5,80.8,118.9,83.5,82.0,83.9
컴퓨터사무용기계,2019-03-01,94.9,106.4,90.6,94.7,81.0,83.5,88.7,116.1,71.4,93.9
컴퓨터사무용기계,2019-04-01,95.8,97.8,94.9,92.6,85.0,85.2,106.4,118.9,78.3,86.8
컴퓨터사무용기계,2019-05-01,94.9,80.8,95.8,90.6,90.3,84.4,97.8,88.7,83.5,73.9
컴퓨터사무용기계,2019-06-01,97.2,89.9,94.9,94.9,94.7,83.1,80.8,106.4,116.1,78.5
컴퓨터사무용기계,2019-07-01,100.0,91.6,97.2,95.8,92.6,86.2,89.9,97.8,118.9,78.4
컴퓨터사무용기계,2019-08-01,102.0,92.6,100.0,94.9,90.6,88.5,91.6,80.8,88.7,82.0
컴퓨터사무용기계,2019-09-01,105.2,95.0,102.0,97.2,94.9,81.0,92.6,89.9,106.4,71.4
컴퓨터사무용기계,2019-10-01,113.7,103.9,105.2,100.0,95.8,85.0,95.0,91.6,97.8,78.3
컴퓨터사무용기계,2019-11-01,101.8,92.7,113.7,102.0,94.9,90.3,103.9,92.6,80.8,83.5
컴퓨터사무용기계,2019-12-01,101.4,124.8,101.8,105.2,97.2,94.7,92.7,95.0,89.9,116.1
컴퓨터사무용기계,2020-01-01,82.7,107.0,101.4,113.7,100.0,92.6,124.8,103.9,91.6,118.9
컴퓨터사무용기계,2020-02-01,68.9,69.6,82.7,101.8,102.0,90.6,107.0,92.7,92.6,88.7
컴퓨터사무용기계,2020-03-01,94.9,109.7,68.9,101.4,105.2,94.9,69.6,124.8,95.0,106.4
컴퓨터사무용기계,2020-04-01,107.4,110.2,94.9,82.7,113.7,95.8,109.7,107.0,103.9,97.8
컴퓨터사무용기계,2020-05-01,125.8,105.5,107.4,68.9,101.8,94.9,110.2,69.6,92.7,80.8
컴퓨터사무용기계,2020-06-01,104.3,101.7,125.8,94.9,101.4,97.2,105.5,109.7,124.8,89.9
컴퓨터사무용기계,2020-07-01,93.6,87.8,104.3,107.4,82.7,100.0,101.7,110.2,107.0,91.6
컴퓨터사무용기계,2020-08-01,99.9,89.4,93.6,125.8,68.9,102.0,87.8,105.5,69.6,92.6
컴퓨터사무용기계,2020-09-01,104.2,95.7,99.9,104.3,94.9,105.2,89.4,101.7,109.7,95.0
컴퓨터사무용기계,2020-10-01,107.7,98.8,104.2,93.6,107.4,113.7,95.7,87.8,110.2,103.9
컴퓨터사무용기계,2020-11-01,110.9,102.3,107.7,99.9,125.8,101.8,98.8,89.4,105.5,92.7
컴퓨터사무용기계,2020-12-01,99.8,122.4,110.9,104.2,104.3,101.4,102.3,95.7,101.7,124.8
컴퓨터사무용기계,2021-01-01,115.0,148.5,99.8,107.7,93.6,82.7,122.4,98.8,87.8,107.0
컴퓨터사무용기계,2021-02-01,105.0,108.6,115.0,110.9,99.9,68.9,148.5,102.3,89.4,69.6
컴퓨터사무용기계,2021-03-01,121.0,139.5,105.0,99.8,104.2,94.9,108.6,122.4,95.7,109.7
컴퓨터사무용기계,2021-04-01,113.2,112.6,121.0,115.0,107.7,107.4,139.5,148.5,98.8,110.2
컴퓨터사무용기계,2021-05-01,146.2,121.7,113.2,105.0,110.9,125.8,112.6,108.6,102.3,105.5
컴퓨터사무용기계,2021-06-01,105.1,103.0,146.2,121.0,99.8,104.3,121.7,139.5,122.4,101.7
컴퓨터사무용기계,2021-07-01,106.8,99.6,105.1,113.2,115.0,93.6,103.0,112.6,148.5,87.8
컴퓨터사무용기계,2021-08-01,111.9,103.8,106.8,146.2,105.0,99.9,99.6,121.7,108.6,89.4
컴퓨터사무용기계,2021-09-01,115.3,106.6,111.9,105.1,121.0,104.2,103.8,103.0,139.5,95.7
컴퓨터사무용기계,2021-10-01,110.7,100.5,115.3,106.8,113.2,107.7,106.6,99.6,112.6,98.8
컴퓨터사무용기계,2021-11-01,113.6,107.1,110.7,111.9,146.2,110.9,100.5,103.8,121.7,102.3
컴퓨터사무용기계,2021-12-01,109.7,135.7,113.6,115.3,105.1,99.8,107.1,106.6,103.0,122.4
컴퓨터사무용기계,2022-01-01,112.7,154.9,109.7,110.7,106.8,115.0,135.7,100.5,99.6,148.5
컴퓨터사무용기계,2022-02-01,140.3,139.7,112.7,113.6,111.9,105.0,154.9,107.1,103.8,108.6
컴퓨터사무용기계,2022-03-01,118.8,136.5,140.3,109.7,115.3,121.0,139.7,135.7,106.6,139.5
컴퓨터사무용기계,2022-04-01,117.6,115.1,118.8,112.7,110.7,113.2,136.5,154.9,100.5,112.6
컴퓨터사무용기계,2022-05-01,133.7,110.3,117.6,140.3,113.6,146.2,115.1,139.7,107.1,121.7
컴퓨터사무용기계,2022-06-01,112.7,110.9,133.7,118.8,109.7,105.1,110.3,136.5,135.7,103.0
컴퓨터사무용기계,2022-07-01,127.5,120.7,112.7,117.6,112.7,106.8,110.9,115.1,154.9,99.6
컴퓨터사무용기계,2022-08-01,118.1,109.0,127.5,133.7,140.3,111.9,120.7,110.3,139.7,103.8
컴퓨터사무용기계,2022-09-01,113.8,105.5,118.1,112.7,118.8,115.3,109.0,110.9,136.5,106.6
컴퓨터사무용기계,2022-10-01,112.3,97.3,113.8,127.5,117.6,110.7,105.5,120.7,115.1,100.5
컴퓨터사무용기계,2022-11-01,107.8,101.1,112.3,118.1,133.7,113.6,97.3,109.0,110.3,107.1
컴퓨터사무용기계,2022-12-01,88.5,104.7,107.8,113.8,112.7,109.7,101.1,105.5,110.9,135.7
컴퓨터사무용기계,2023-01-01,97.9,132.5,88.5,112.3,127.5,112.7,104.7,97.3,120.7,154.9
컴퓨터사무용기계,2023-02-01,100.5,103.6,97.9,107.8,118.1,140.3,132.5,101.1,109.0,139.7
컴퓨터사무용기계,2023-03-01,94.7,108.6,100.5,88.5,113.8,118.8,103.6,104.7,105.5,136.5
컴퓨터사무용기계,2023-04-01,95.5,92.2,94.7,97.9,112.3,117.6,108.6,132.5,97.3,115.1
컴퓨터사무용기계,2023-05-01,92.5,75.7,95.5,100.5,107.8,133.7,92.2,103.6,101.1,110.3
컴퓨터사무용기계,2023-06-01,96.5,93.4,92.5,94.7,88.5,112.7,75.7,108.6,104.7,110.9
컴퓨터사무용기계,2023-07-01,96.5,92.6,96.5,95.5,97.9,127.5,93.4,92.2,132.5,120.7
컴퓨터사무용기계,2023-08-01,86.6,79.7,96.5,92.5,100.5,118.1,92.6,75.7,103.6,109.0
컴퓨터사무용기계,2023-09-01,92.8,84.9,86.6,96.5,94.7,113.8,79.7,93.4,108.6,105.5
컴퓨터사무용기계,2023-10-01,90.7,81.1,92.8,96.5,95.5,112.3,84.9,92.6,92.2,97.3
컴퓨터사무용기계,2023-11-01,81.1,75.7,90.7,86.6,92.5,107.8,81.1,79.7,75.7,101.1
컴퓨터사무용기계,2023-12-01,96.1,113.7,81.1,92.8,96.5,88.5,75.7,84.9,93.4,104.7
컴퓨터사무용기계,2024-01-01,99.5,135.2,96.1,90.7,96.5,97.9,113.7,81.1,92.6,132.5
컴퓨터사무용기계,2024-02-01,96.1,99.8,99.5,81.1,86.6,100.5,135.2,75.7,79.7,103.6
컴퓨터사무용기계,2024-03-01,94.4,105.7,96.1,96.1,92.8,94.7,99.8,113.7,84.9,108.6
컴퓨터사무용기계,2024-04-01,91.2,88.9,94.4,99.5,90.7,95.5,105.7,135.2,81.1,92.2
컴퓨터사무용기계,2024-05-01,92.4,78.0,91.2,96.1,81.1,92.5,88.9,99.8,75.7,75.7
컴퓨터사무용기계,2024-06-01,124.7,120.9,92.4,94.4,96.1,96.5,78.0,105.7,113.7,93.4
컴퓨터사무용기계,2024-07-01,94.8,93.8,124.7,91.2,99.5,96.5,120.9,88.9,135.2,92.6
컴퓨터사무용기계,2024-08-01,98.4,90.6,94.8,92.4,96.1,86.6,93.8,78.0,99.8,79.7
컴퓨터사무용기계,2024-09-01,97.9,89.8,98.4,124.7,94.4,92.8,90.6,120.9,105.7,84.9
컴퓨터사무용기계,2024-10-01,97.9,87.3,97.9,94.8,91.2,90.7,89.8,93.8,88.9,81.1
컴퓨터사무용기계,2024-11-01,100.5,93.0,97.9,98.4,92.4,81.1,87.3,90.6,78.0,75.7
컴퓨터사무용기계,2024-12-01,104.0,123.5,100.5,97.9,124.7,96.1,93.0,89.8,120.9,113.7
컴퓨터사무용기계,2025-01-01,102.1,142.8,104.0,97.9,94.8,99.5,123.5,87.3,93.8,135.2
컴퓨터사무용기계,2025-02-01,103.1,106.8,102.1,100.5,98.4,96.1,142.8,93.0,90.6,99.8
컴퓨터사무용기계,2025-03-01,88.1,100.3,103.1,104.0,97.9,94.4,106.8,123.5,89.8,105.7
컴퓨터사무용기계,2025-04-01,126.2,117.8,88.1,102.1,97.9,91.2,100.3,142.8,87.3,88.9
컴퓨터사무용기계,2025-05-01,132.7,109.0,126.2,103.1,100.5,92.4,117.8,106.8,93.0,78.0
컴퓨터사무용기계,2025-06-01,89.7,89.1,132.7,88.1,104.0,124.7,109.0,100.3,123.5,120.9
컴퓨터사무용기계,2025-07-01,94.3,93.7,89.7,126.2,102.1,94.8,89.1,117.8,142.8,93.8
특수산업용기계,2015-01-01,80.1,71.0,,,,,,,,
특수산업용기계,2015-02-01,75.2,67.4,80.1,,,,71.0,,,
특수산업용기계,2015-03-01,74.4,84.8,75.2,,,,67.4,,,
특수산업용기계,2015-04-01,66.1,70.8,74.4,80.1,,,84.8,71.0,,
특수산업용기계,2015-05-01,39.3,42.8,66.1,75.2,,,70.8,67.4,,
특수산업용기계,2015-06-01,52.6,58.0,39.3,74.4,,,42.8,84.8,,
특수산업용기계,2015-07-01,67.4,69.4,52.6,66.1,80.1,,58.0,70.8,71.0,
특수산업용기계,2015-08-01,47.5,44.6,67.4,39.3,75.2,,69.4,42.8,67.4,
특수산업용기계,2015-09-01,42.2,38.7,47.5,52.6,74.4,,44.6,58.0,84.8,
특수산업용기계,2015-10-01,41.9,36.8,42.2,67.4,66.1,,38.7,69.4,70.8,
특수산업용기계,2015-11-01,44.9,43.3,41.9,47.5,39.3,,36.8,44.6,42.8,
특수산업용기계,2015-12-01,43.3,49.3,44.9,42.2,52.6,,43.3,38.7,58.0,
특수산업용기계,2016-01-01,44.1,40.6,43.3,41.9,67.4,80.1,49.3,36.8,69.4,71.0
특수산업용기계,2016-02-01,46.4,41.1,44.1,44.9,47.5,75.2,40.6,43.3,44.6,67.4
특수산업용기계,2016-03-01,49.3,56.2,46.4,43.3,42.2,74.4,41.1,49.3,38.7,84.8
특수산업용기계,2016-04-01,56.1,59.1,49.3,44.1,41.9,66.1,56.2,40.6,36.8,70.8
특수산업용기계,2016-05-01,29.5,31.9,56.1,46.4,44.9,39.3,59.1,41.1,43.3,42.8
특수산업용기계,2016-06-01,42.1,46.5,29.5,49.3,43.3,52.6,31.9,56.2,49.3,58.0
특수산업용기계,2016-07-01,55.2,55.4,42.1,56.1,44.1,67.4,46.5,59.1,40.6,69.4
특수산업용기계,2016-08-01,78.9,73.5,55.2,29.5,46.4,47.5,55.4,31.9,41.1,44.6
특수산업용기계,2016-09-01,64.5,57.2,78.9,42.1,49.3,42.2,73.5,46.5,56.2,38.7
특수산업용기계,2016-10-01,66.4,60.5,64.5,55.2,56.1,41.9,57.2,55.4,59.1,36.8
특수산업용기계,2016-11-01,67.1,64.4,66.4,78.9,29.5,44.9,60.5,73.5,31.9,43.3
특수산업용기계,2016-12-01,90.4,102.0,67.1,64.5,42.1,43.3,64.4,57.2,46.5,49.3
특수산업용기계,2017-01-01,91.3,84.3,90.4,66.4,55.2,44.1,102.0,60.5,55.4,40.6
특수산업용기계,2017-02-01,93.2,83.4,91.3,67.1,78.9,46.4,84.3,64.4,73.5,41.1
특수산업용기계,2017-03-01,113.8,129.7,93.2,90.4,64.5,49.3,83.4,102.0,57.2,56.2
특수산업용기계,2017-04-01,107.5,112.5,113.8,91.3,66.4,56.1,129.7,84.3,60.5,59.1
특수산업용기계,2017-05-01,124.6,134.6,107.5,93.2,67.1,29.5,112.5,83.4,64.4,31.9
특수산업용기계,2017-06-01,140.3,155.6,124.6,113.8,90.4,42.1,134.6,129.7,102.0,46.5
특수산업용기계,2017-07-01,126.3,124.7,140.3,107.5,91.3,55.2,155.6,112.5,84.3,55.4
특수산업용기계,2017-08-01,125.2,115.5,126.3,124.6,93.2,78.9,124.7,134.6,83.4,73.5
특수산업용기계,2017-09-01,139.1,128.2,125.2,140.3,113.8,64.5,115.5,155.6,129.7,57.2
특수산업용기계,2017-10-01,94.7,83.9,139.1,126.3,107.5,66.4,128.2,124.7,112.5,60.5
특수산업용기계,2017-11-01,128.0,122.0,94.7,125.2,124.6,67.1,83.9,115.5,134.6,64.4
특수산업용기계,2017-12-01,149.3,168.2,128.0,139.1,140.3,90.4,122.0,128.2,155.6,102.0
특수산업용기계,2018-01-01,174.6,164.3,149.3,94.7,126.3,91.3,168.2,83.9,124.7,84.3
특수산업용기계,2018-02-01,160.1,142.5,174.6,128.0,125.2,93.2,164.3,122.0,115.5,83.4
특수산업용기계,2018-03-01,140.7,158.8,160.1,149.3,139.1,113.8,142.5,168.2,128.2,129.7
특수산업용기계,2018-04-01,141.7,148.0,140.7,174.6,94.7,107.5,158.8,164.3,83.9,112.5
특수산업용기계,2018-05-01,115.4,124.2,141.7,160.1,128.0,124.6,148.0,142.5,122.0,134.6
특수산업용기계,2018-06-01,97.3,107.3,115.4,140.7,149.3,140.3,124.2,158.8,168.2,155.6
특수산업용기계,2018-07-01,82.7,81.2,97.3,141.7,174.6,126.3,107.3,148.0,164.3,124.7
특수산업용기계,2018-08-01,74.3,67.2,82.7,115.4,160.1,125.2,81.2,124.2,142.5,115.5
특수산업용기계,2018-09-01,101.9,96.9,74.3,97.3,140.7,139.1,67.2,107.3,158.8,128.2
특수산업용기계,2018-10-01,87.1,76.5,101.9,82.7,141.7,94.7,96.9,81.2,148.0,83.9
특수산업용기계,2018-11-01,76.8,72.2,87.1,74.3,115.4,128.0,76.5,67.2,124.2,122.0
특수산업용기계,2018-12-01,72.0,83.9,76.8,101.9,97.3,149.3,72.2,96.9,107.3,168.2
특수산업용기계,2019-01-01,68.7,66.9,72.0,87.1,82.7,174.6,83.9,76.5,81.2,164.3
특수산업용기계,2019-02-01,57.9,50.2,68.7,76.8,74.3,160.1,66.9,72.2,67.2,142.5
특수산업용기계,2019-03-01,54.8,62.5,57.9,72.0,101.9,140.7,50.2,83.9,96.9,158.8
특수산업용기계,2019-04-01,79.0,83.1,54.8,68.7,87.1,141.7,62.5,66.9,76.5,148.0
특수산업용기계,2019-05-01,64.0,67.9,79.0,57.9,76.8,115.4,83.1,50.2,72.2,124.2
특수산업용기계,2019-06-01,59.1,65.8,64.0,54.8,72.0,97.3,67.9,62.5,83.9,107.3
특수산업용기계,2019-07-01,51.6,50.3,59.1,79.0,68.7,82.7,65.8,83.1,66.9,81.2
특수산업용기계,2019-08-01,52.0,46.5,51.6,64.0,57.9,74.3,50.3,67.9,50.2,67.2
특수산업용기계,2019-09-01,57.1,52.9,52.0,59.1,54.8,101.9,46.5,65.8,62.5,96.9
특수산업용기계,2019-10-01,60.5,55.0,57.1,51.6,79.0,87.1,52.9,50.3,83.1,76.5
특수산업용기계,2019-11-01,52.5,49.5,60.5,52.0,64.0,76.8,55.0,46.5,67.9,72.2
특수산업용기계,2019-12-01,66.3,78.6,52.5,57.1,59.1,72.0,49.5,52.9,65.8,83.9
특수산업용기계,2020-01-01,48.9,53.3,66.3,60.5,51.6,68.7,78.6,55.0,50.3,66.9
특수산업용기계,2020-02-01,93.5,84.4,48.9,52.5,52.0,57.9,53.3,49.5,46.5,50.2
특수산업용기계,2020-03-01,100.2,120.9,93.5,66.3,57.1,54.8,84.4,78.6,52.9,62.5
특수산업용기계,2020-04-01,94.7,103.9,100.2,48.9,60.5,79.0,120.9,53.3,55.0,83.1
특수산업용기계,2020-05-01,117.3,129.7,94.7,93.5,52.5,64.0,103.9,84.4,49.5,67.9
특수산업용기계,2020-06-01,109.4,124.2,117.3,100.2,66.3,59.1,129.7,120.9,78.6,65.8
특수산업용기계,2020-07-01,133.2,116.0,109.4,94.7,48.9,51.6,124.2,103.9,53.3,50.3
특수산업용기계,2020-08-01,91.6,68.0,133.2,117.3,93.5,52.0,116.0,129.7,84.4,46.5
특수산업용기계,2020-09-01,86.9,74.9,91.6,109.4,100.2,57.1,68.0,124.2,120.9,52.9
특수산업용기계,2020-10-01,85.3,64.8,86.9,133.2,94.7,60.5,74.9,116.0,103.9,55.0
특수산업용기계,2020-11-01,109.3,97.9,85.3,91.6,117.3,52.5,64.8,68.0,129.7,49.5
특수산업용기계,2020-12-01,129.8,161.9,109.3,86.9,109.4,66.3,97.9,74.9,124.2,78.6
특수산업용기계,2021-01-01,151.6,166.4,129.8,85.3,133.2,48.9,161.9,64.8,116.0,53.3
특수산업용기계,2021-02-01,153.9,135.1,151.6,109.3,91.6,93.5,166.4,97.9,68.0,84.4
특수산업용기계,2021-03-01,152.2,181.8,153.9,129.8,86.9,100.2,135.1,161.9,74.9,120.9
특수산업용기계,2021-04-01,180.3,196.1,152.2,151.6,85.3,94.7,181.8,166.4,64.8,103.9
특수산업용기계,2021-05-01,137.2,151.0,180.3,153.9,109.3,117.3,196.1,135.1,97.9,129.7
특수산업용기계,2021-06-01,138.1,156.3,137.2,152.2,129.8,109.4,151.0,181.8,161.9,124.2
특수산업용기계,2021-07-01,198.0,170.6,138.1,180.3,151.6,133.2,156.3,196.1,166.4,116.0
특수산업용기계,2021-08-01,148.8,109.4,198.0,137.2,153.9,91.6,170.6,151.0,135.1,68.0
특수산업용기계,2021-09-01,126.0,110.7,148.8,138.1,152.2,86.9,109.4,156.3,181.8,74.9
특수산업용기계,2021-10-01,137.7,103.4,126.0,198.0,180.3,85.3,110.7,170.6,196.1,64.8
특수산업용기계,2021-11-01,139.9,128.8,137.7,148.8,137.2,109.3,103.4,109.4,151.0,97.9
특수산업용기계,2021-12-01,134.5,175.8,139.9,126.0,138.1,129.8,128.8,110.7,156.3,161.9
특수산업용기계,2022-01-01,125.4,135.4,134.5,137.7,198.0,151.6,175.8,103.4,170.6,166.4
특수산업용기계,2022-02-01,122.7,109.6,125.4,139.9,148.8,153.9,135.4,128.8,109.4,135.1
특수산업용기계,2022-03-01,121.1,142.7,122.7,134.5,126.0,152.2,109.6,175.8,110.7,181.8
특수산업용기계,2022-04-01,113.9,120.4,121.1,125.4,137.7,180.3,142.7,135.4,103.4,196.1
특수산업용기계,2022-05-01,155.7,168.4,113.9,122.7,139.9,137.2,120.4,109.6,128.8,151.0
특수산업용기계,2022-06-01,159.7,179.1,155.7,121.1,134.5,138.1,168.4,142.7,175.8,156.3
특수산업용기계,2022-07-01,168.5,144.6,159.7,113.9,125.4,198.0,179.1,120.4,135.4,170.6
특수산업용기계,2022-08-01,196.6,143.9,168.5,155.7,122.7,148.8,144.6,168.4,109.6,109.4
특수산업용기계,2022-09-01,150.1,129.6,196.6,159.7,121.1,126.0,143.9,179.1,142.7,110.7
특수산업용기계,2022-10-01,150.9,118.2,150.1,168.5,113.9,137.7,129.6,144.6,120.4,103.4
특수산업용기계,2022-11-01,177.1,167.3,150.9,196.6,155.7,139.9,118.2,143.9,168.4,128.8
특수산업용기계,2022-12-01,169.0,222.1,177.1,150.1,159.7,134.5,167.3,129.6,179.1,175.8
특수산업용기계,2023-01-01,95.2,105.2,169.0,150.9,168.5,125.4,222.1,118.2,144.6,135.4
특수산업용기계,2023-02-01,144.5,121.2,95.2,177.1,196.6,122.7,105.2,167.3,143.9,109.6
특수산업용기계,2023-03-01,151.9,174.5,144.5,169.0,150.1,121.1,121.2,222.1,129.6,142.7
특수산업용기계,2023-04-01,163.4,174.4,151.9,95.2,150.9,113.9,174.5,105.2,118.2,120.4
특수산업용기계,2023-05-01,148.8,159.8,163.4,144.5,177.1,155.7,174.4,121.2,167.3,168.4
특수산업용기계,2023-06-01,139.1,153.1,148.8,151.9,169.0,159.7,159.8,174.5,222.1,179.1
특수산업용기계,2023-07-01,130.9,113.2,139.1,163.4,95.2,168.5,153.1,174.4,105.2,144.6
특수산업용기계,2023-08-01,134.3,98.1,130.9,148.8,144.5,196.6,113.2,159.8,121.2,143.9
특수산업용기계,2023-09-01,129.8,116.3,134.3,139.1,151.9,150.1,98.1,153.1,174.5,129.6
특수산업용기계,2023-10-01,121.1,94.1,129.8,130.9,163.4,150.9,116.3,113.2,174.4,118.2
특수산업용기계,2023-11-01,116.1,111.9,121.1,134.3,148.8,177.1,94.1,98.1,159.8,167.3
특수산업용기계,2023-12-01,133.8,181.6,116.1,129.8,139.1,169.0,111.9,116.3,153.1,222.1
특수산업용기계,2024-01-01,125.2,134.0,133.8,121.1,130.9,95.2,181.6,94.1,113.2,105.2
특수산업용기계,2024-02-01,164.5,136.9,125.2,116.1,134.3,144.5,134.0,111.9,98.1,121.2
특수산업용기계,2024-03-01,124.5,141.0,164.5,133.8,129.8,151.9,136.9,181.6,116.3,174.5
특수산업용기계,2024-04-01,122.0,129.7,124.5,125.2,121.1,163.4,141.0,134.0,94.1,174.4
특수산업용기계,2024-05-01,108.8,114.3,122.0,164.5,116.1,148.8,129.7,136.9,111.9,159.8
특수산업용기계,2024-06-01,132.1,142.8,108.8,124.5,133.8,139.1,114.3,141.0,181.6,153.1
특수산업용기계,2024-07-01,139.9,120.5,132.1,122.0,125.2,130.9,142.8,129.7,134.0,113.2
특수산업용기계,2024-08-01,141.1,102.2,139.9,108.8,164.5,134.3,120.5,114.3,136.9,98.1
특수산업용기계,2024-09-01,197.8,182.1,141.1,132.1,124.5,129.8,102.2,142.8,141.0,116.3
특수산업용기계,2024-10-01,190.8,150.2,197.8,139.9,122.0,121.1,182.1,120.5,129.7,94.1
특수산업용기계,2024-11-01,190.2,183.9,190.8,141.1,108.8,116.1,150.2,102.2,114.3,111.9
특수산업용기계,2024-12-01,169.8,235.3,190.2,197.8,132.1,133.8,183.9,182.1,142.8,181.6
특수산업용기계,2025-01-01,114.5,125.0,169.8,190.8,139.9,125.2,235.3,150.2,120.5,134.0
특수산업용기계,2025-02-01,190.9,153.0,114.5,190.2,141.1,164.5,125.0,183.9,102.2,136.9
특수산업용기계,2025-03-01,212.3,240.7,190.9,169.8,197.8,124.5,153.0,235.3,182.1,141.0
특수산업용기계,2025-04-01,141.8,150.3,212.3,114.5,190.8,122.0,240.7,125.0,150.2,129.7
특수산업용기계,2025-05-01,125.3,129.5,141.8,190.9,190.2,108.8,150.3,153.0,183.9,114.3
특수산업용기계,2025-06-01,148.5,163.1,125.3,212.3,169.8,132.1,129.5,240.7,235.3,142.8
특수산업용기계,2025-07-01,152.3,130.8,148.5,141.8,114.5,139.9,163.1,150.3,125.0,120.5
