date,GDP,ICT_Production,ICT_Investment,CCSI,BSI_Composite,Corporate_Loan_Rate,Equipment_Investment_Index,productivity_index,Exchange_Rate,BSI_6M_MA,GDP_12M_MA,Exchange_Rate_12M_Std,CCSI_3M_Momentum,ICT_Prod_6M_Momentum,Loan_Rate_Lag_3M,Ad_Sentiment_DI
1995-01-01,182209.4,3587.3,2645.5,117.0,85.33333333333333,11.14,38.3,95.7,,85.33333333333333,188904.2083333333,,0.0,440.1999999999998,11.14,672.2505634354562
1995-02-01,183367.46666666667,3698.933333333333,2671.233333333333,117.0,85.33333333333333,11.14,38.3,95.7,,85.33333333333333,188904.2083333333,,0.0,440.1999999999998,11.14,649.8249797493423
1995-03-01,184525.53333333333,3810.5666666666666,2696.9666666666667,117.0,85.33333333333333,11.14,47.7,95.7,,85.33333333333333,188904.2083333333,,0.0,440.1999999999998,11.14,665.3307851415037
1995-04-01,185683.6,3922.2,2722.7,117.0,85.33333333333333,11.14,36.4,95.7,,85.33333333333333,188904.2083333333,,0.0,440.1999999999998,11.14,683.222792592152
1995-05-01,186985.4333333333,3957.3,2798.2,117.0,85.33333333333333,11.14,48.5,95.7,,85.33333333333333,188904.2083333333,,0.0,440.1999999999998,11.14,630.8402460211761
1995-06-01,188287.26666666663,3992.4,2873.7,117.0,85.33333333333333,11.14,50.55,95.7,,85.33333333333333,188904.2083333333,,0.0,440.1999999999998,11.14,625.3656842893612
1995-07-01,189589.1,4027.5,2949.2,117.0,85.33333333333333,11.14,53.6,95.7,,85.33333333333333,188904.2083333333,,0.0,440.1999999999998,11.14,668.297581984492
1995-08-01,190787.2,4061.5,2947.2666666666664,117.0,85.33333333333333,11.14,46.45,95.7,,85.33333333333333,188904.2083333333,,0.0,362.5666666666671,11.14,641.1523783788876
1995-09-01,191985.3,4095.5,2945.333333333333,117.0,85.33333333333333,11.14,43.6,95.7,,85.33333333333333,188904.2083333333,,0.0,284.9333333333334,11.14,602.6584132009124
1995-10-01,193183.4,4129.5,2943.4,117.0,85.33333333333333,11.14,44.45,95.7,,85.33333333333333,188904.2083333333,,0.0,207.30000000000015,11.14,624.1994074883257
1995-11-01,194476.7333333333,4182.566666666667,3017.133333333333,117.0,85.33333333333333,11.14,47.6,95.7,,85.33333333333333,188904.2083333333,,0.0,225.2666666666664,11.14,591.8700950390246
1995-12-01,195770.06666666665,4235.633333333333,3090.866666666667,117.0,85.33333333333333,11.14,48.55,95.7,,85.33333333333333,188904.2083333333,,0.0,243.23333333333312,11.14,586.3333751820685
1996-01-01,197063.4,4288.7,3164.6,117.0,85.33333333333333,11.14,43.15,95.7,,85.33333333333333,190142.04166666663,,0.0,261.1999999999998,11.14,599.7500286185832
1996-02-01,198328.46666666667,4325.733333333334,3216.333333333333,117.0,85.33333333333333,11.21,45.8,95.7,,85.33333333333333,191388.79166666663,,0.0,264.2333333333336,11.14,536.7413935881456
1996-03-01,199593.53333333333,4362.766666666666,3268.0666666666666,117.0,85.33333333333333,11.11,46.4,95.7,,85.33333333333333,192644.4583333333,,0.0,267.2666666666664,11.14,536.2946788934937
1996-04-01,200858.6,4399.8,3319.8,117.0,85.33333333333333,10.91,50.150000000000006,95.7,,85.33333333333333,193909.04166666663,,0.0,270.3000000000002,11.14,561.8557906258195
1996-05-01,202094.36666666667,4424.266666666666,3361.166666666667,116.0,85.33333333333333,11.1,47.95,95.7,,85.33333333333333,195168.11944444448,,-1.0,241.69999999999985,11.21,544.3536473506906
1996-06-01,203330.13333333333,4448.733333333334,3402.5333333333333,115.0,85.33333333333333,11.15,44.6,95.7,,85.33333333333333,196421.69166666668,,-2.0,213.1000000000004,11.11,574.3046594086697
1996-07-01,204565.9,4473.2,3443.9,114.0,85.33333333333333,10.85,54.6,95.7,,85.33333333333333,197669.75833333333,,-3.0,184.5,10.91,536.2014439881971
1996-08-01,205763.56666666665,4532.033333333333,3462.2333333333336,112.33333333333331,85.33333333333333,10.86,52.65,95.7,,85.33333333333333,198917.7888888889,,-3.6666666666666856,206.29999999999927,11.1,517.264831326757
1996-09-01,206961.2333333333,4590.866666666667,3480.5666666666666,110.66666666666669,85.33333333333333,10.88,52.0,95.7,,85.33333333333333,200165.78333333333,,-4.333333333333314,228.1000000000004,11.15,588.6160194760201
1996-10-01,208158.9,4649.7,3498.9,109.0,85.33333333333333,10.89,52.85,95.7,,85.33333333333333,201413.7416666667,,-5.0,249.89999999999964,10.85,537.9888698259846
1996-11-01,208493.76666666663,4571.433333333333,3529.333333333333,107.0,85.33333333333333,10.7,41.15,95.7,,85.33333333333333,202581.8277777778,,-5.333333333333314,147.16666666666697,10.86,540.3435568456415
1996-12-01,208828.63333333333,4493.166666666666,3559.7666666666664,105.0,85.33333333333333,10.94,43.75,95.7,,85.33333333333333,203670.04166666663,,-5.666666666666686,44.43333333333248,10.88,495.0326290591548
1997-01-01,209163.5,4414.9,3590.2,103.0,85.33333333333333,11.25,55.8,95.7,,85.33333333333333,204678.38333333333,,-6.0,-58.30000000000018,10.89,513.0587547027412
1997-02-01,211610.26666666663,4575.666666666666,3611.0666666666666,102.33333333333331,85.33333333333333,11.21,49.900000000000006,95.7,,85.33333333333333,205785.2,,-4.666666666666686,43.63333333333321,10.7,525.0769585992396
1997-03-01,214057.03333333333,4736.433333333333,3631.933333333333,101.66666666666669,85.33333333333333,11.33,52.15,95.7,,85.33333333333333,206990.49166666667,,-3.3333333333333144,145.5666666666666,10.94,485.9154367102797
1997-04-01,216503.8,4897.2,3652.8,101.0,85.33333333333333,11.34,53.9,95.7,,85.33333333333333,208294.2583333333,,-2.0,247.5,11.25,521.1950693856074
1997-05-01,217209.63333333333,4983.366666666667,3655.033333333333,100.66666666666669,85.33333333333333,11.24,55.7,95.7,,85.33333333333333,209553.86388888885,,-1.6666666666666288,411.9333333333334,11.21,489.65701642647883
1997-06-01,217915.46666666665,5069.533333333333,3657.266666666667,100.33333333333331,85.33333333333333,11.26,53.1,95.7,,85.33333333333333,210769.3083333333,,-1.3333333333333712,576.3666666666668,11.33,492.4292207646826
1997-07-01,218621.3,5155.7,3659.5,100.0,85.33333333333333,11.31,51.85,95.7,,85.33333333333333,211940.59166666665,,-1.0,740.8000000000002,11.34,478.6785085198298
1997-08-01,218175.76666666663,5099.466666666666,3625.6666666666665,91.66666666666669,85.33333333333333,11.52,50.7,95.7,,85.33333333333333,212974.94166666665,,-9.0,523.8000000000002,11.24,538.71199055978
1997-09-01,217730.2333333333,5043.233333333334,3591.833333333333,83.33333333333333,85.33333333333333,11.71,52.650000000000006,95.7,,85.33333333333333,213872.3583333333,,-16.999999999999986,306.8000000000002,11.26,483.4306042082096
1997-10-01,217284.7,4987.0,3558.0,75.0,85.33333333333333,11.62,37.4,95.7,,85.33333333333333,214632.84166666665,,-25.0,89.80000000000018,11.31,450.08059260277855
1997-11-01,212421.76666666663,5124.0,3382.333333333333,72.0,85.33333333333333,12.17,38.05,95.7,,85.33333333333333,214960.175,,-19.66666666666669,140.6333333333332,11.52,494.7985302926303
1997-12-01,207558.8333333333,5261.0,3206.6666666666665,69.0,85.33333333333333,14.98,49.85,95.7,,85.33333333333333,214854.3583333333,,-14.333333333333329,191.46666666666715,11.71,434.7758073005424
1998-01-01,202695.9,5398.0,3031.0,66.0,85.33333333333333,17.44,37.35,95.7,,85.33333333333333,214315.39166666663,,-9.0,242.30000000000015,11.62,467.46646810837046
1998-02-01,202168.7,5453.3,3059.866666666667,65.66666666666667,85.33333333333333,17.09,39.7,95.7,,85.33333333333333,213528.5944444444,,-6.333333333333329,353.83333333333394,12.17,404.10302790067794
1998-03-01,201641.5,5508.599999999999,3088.733333333333,65.33333333333333,85.33333333333333,17.14,35.05,95.7,,85.33333333333333,212493.96666666665,,-3.666666666666672,465.3666666666659,14.98,415.4853300483574
1998-04-01,201114.3,5563.9,3117.6,65.0,85.33333333333333,17.19,25.6,95.7,,85.33333333333333,211211.50833333333,,-1.0,576.8999999999996,17.44,450.7210682717788
1998-05-01,202426.13333333333,5765.366666666667,3284.233333333333,64.66666666666667,85.33333333333333,17.04,25.35,95.7,,85.33333333333333,209979.55,,-1.0,641.3666666666668,17.09,459.7040812169262
1998-06-01,203737.96666666665,5966.833333333333,3450.866666666667,64.33333333333333,85.33333333333333,16.52,25.45,95.7,,85.33333333333333,208798.09166666667,,-1.0,705.833333333333,17.14,439.0905405170982
1998-07-01,205049.8,6168.3,3617.5,64.0,85.33333333333333,15.51,25.35,95.7,,85.33333333333333,207667.13333333333,,-1.0,770.3000000000002,17.19,425.95370845305206
1998-08-01,206753.5,6264.833333333333,3579.233333333333,69.33333333333333,85.33333333333333,14.95,26.4,95.7,,85.33333333333333,206715.27777777772,,4.666666666666657,811.5333333333328,17.04,415.528024723862
1998-09-01,208457.2,6361.366666666667,3540.9666666666667,74.66666666666667,85.33333333333333,14.18,28.05,95.7,,85.33333333333333,205942.525,,10.333333333333345,852.7666666666673,16.52,378.6221514277033
1998-10-01,210160.9,6457.9,3502.7,80.0,85.33333333333333,12.81,30.15,95.7,,85.33333333333333,205348.875,,16.0,894.0,15.51,393.39985630204745
1998-11-01,212336.6,6512.366666666667,3559.5,84.66666666666667,85.33333333333333,11.62,27.8,95.7,,85.33333333333333,205341.77777777775,,15.333333333333345,747.0,14.95,394.84427763074996
1998-12-01,214512.3,6566.833333333333,3616.3,89.33333333333333,85.33333333333333,10.96,29.8,95.7,,85.33333333333333,205921.2333333333,,14.666666666666655,600.0,14.18,429.88551031351494
1999-01-01,216688.0,6621.3,3673.1,94.0,85.33333333333333,10.64,32.849999999999994,95.7,,85.33333333333333,207087.24166666667,,14.0,453.0,12.81,405.36370941987275
1999-02-01,219821.5,6861.366666666667,3927.4,98.33333333333331,85.33333333333333,10.21,48.8,95.7,,85.33333333333333,208558.30833333332,,13.666666666666645,596.5333333333338,11.62,343.6520134600975
1999-03-01,222955.0,7101.433333333333,4181.7,102.66666666666669,85.33333333333333,9.84,43.95,95.7,,85.33333333333333,210334.43333333332,,13.333333333333355,740.0666666666666,10.96,393.89224585418145
1999-04-01,226088.5,7341.5,4436.0,107.0,85.33333333333333,9.28,44.45,95.7,,85.33333333333333,212415.61666666667,,13.0,883.6000000000004,10.64,369.48623837571773
1999-05-01,228253.2,7511.3,4601.633333333333,108.66666666666669,85.33333333333333,8.68,53.0,95.7,,85.33333333333333,214567.87222222224,,10.333333333333371,998.9333333333334,10.21,356.2206534159637
1999-06-01,230417.9,7681.099999999999,4767.266666666666,110.33333333333331,85.33333333333333,8.55,50.35,95.7,,85.33333333333333,216791.2,,7.666666666666629,1114.2666666666664,9.84,385.14444757046806
1999-07-01,232582.6,7850.9,4932.9,112.0,85.33333333333333,8.41,49.95,95.7,,85.33333333333333,219085.6,,5.0,1229.5999999999997,9.28,390.86317157288977
1999-08-01,234658.2333333333,8033.333333333333,5321.766666666666,113.0,85.33333333333333,8.39,48.45,95.7,,85.33333333333333,221410.99444444443,,4.333333333333314,1171.9666666666662,8.68,382.72618819221873
1999-09-01,236733.86666666667,8215.766666666666,5710.633333333333,114.0,85.33333333333333,8.41,47.95,95.7,,85.33333333333333,223767.3833333333,,3.6666666666666856,1114.333333333333,8.55,329.98821689790435
1999-10-01,238809.5,8398.2,6099.5,115.0,85.33333333333333,8.26,45.1,95.7,,85.33333333333333,226154.76666666663,,3.0,1056.7000000000007,8.41,338.66156562598496
1999-11-01,240397.36666666667,8697.533333333335,6358.9,114.33333333333331,85.33333333333333,8.13,56.6,95.7,,85.33333333333333,228493.16388888887,,1.3333333333333144,1186.2333333333345,8.39,350.2838997139296
1999-12-01,241985.2333333333,8996.866666666667,6618.3,113.66666666666669,85.33333333333333,8.17,56.0,95.7,,85.33333333333333,230782.575,,-0.3333333333333144,1315.766666666667,8.41,362.0078309985735
2000-01-01,243573.1,9296.2,6877.7,113.0,85.33333333333333,8.22,61.45,95.7,,85.33333333333333,233023.0,,-2.0,1445.300000000001,8.26,317.6994781922267
2000-02-01,244824.03333333333,9548.366666666669,6996.033333333333,111.33333333333331,85.33333333333333,8.24,57.1,95.7,,85.33333333333333,235106.54444444444,,-3.0,1515.0333333333356,8.13,320.05979128834446
2000-03-01,246074.96666666667,9800.533333333336,7114.366666666667,109.66666666666669,85.33333333333333,8.44,56.5,95.7,,85.33333333333333,237033.2083333333,,-4.0,1584.76666666667,8.17,290.00758644311964
2000-04-01,247325.9,10052.7,7232.7,108.0,85.33333333333333,8.2,60.8,95.7,,85.33333333333333,238802.99166666667,,-5.0,1654.5,8.22,282.13348626016807
2000-05-01,249589.66666666663,10172.866666666669,7316.933333333333,103.66666666666669,85.33333333333333,8.24,55.25,95.7,,85.33333333333333,240581.0305555555,,-7.666666666666629,1475.333333333334,8.24,330.2810733144412
2000-06-01,251853.4333333333,10293.033333333336,7401.166666666666,99.33333333333331,85.33333333333333,8.21,57.55,95.7,,85.33333333333333,242367.325,,-10.333333333333371,1296.1666666666697,8.44,339.32038178021816
2000-07-01,254117.2,10413.2,7485.4,95.0,85.33333333333333,8.15,60.7,95.7,,85.33333333333333,244161.875,,-13.0,1117.0,8.2,295.71861773747025
2000-08-01,253835.8,10480.566666666668,7515.2,91.0,85.33333333333333,8.02,70.85,95.7,,85.33333333333333,245760.0055555556,,-12.666666666666686,932.1999999999988,8.24,318.9549572159974
2000-09-01,253554.4,10547.933333333332,7545.0,87.0,85.33333333333333,8.09,60.05,95.7,,85.33333333333333,247161.71666666667,,-12.333333333333314,747.399999999996,8.21,296.3446881539737
2000-10-01,253273.0,10615.3,7574.8,83.0,85.33333333333333,8.13,60.8,95.7,,85.33333333333333,248367.00833333333,,-12.0,562.5999999999985,8.15,263.99460604358075
2000-11-01,254122.26666666663,10937.133333333331,7854.333333333333,86.0,85.33333333333333,8.11,58.5,95.7,,85.33333333333333,249510.75,,-5.0,764.2666666666628,8.02,285.3882702172823
2000-12-01,254971.53333333333,11258.966666666664,8133.866666666667,89.0,85.33333333333333,8.11,55.65,95.7,,85.33333333333333,250592.94166666665,,2.0,965.933333333327,8.09,311.32339279049756
2001-01-01,255820.8,11580.8,8413.4,92.0,85.33333333333333,8.23,58.0,95.7,,85.33333333333333,251613.5833333333,,9.0,1167.5999999999983,8.13,263.8345423511002
2001-02-01,257106.63333333333,11462.866666666669,8405.066666666666,95.0,85.33333333333333,8.05,50.25,95.7,,85.33333333333333,252637.13333333333,,9.0,982.3000000000012,8.11,301.0836620786398
2001-03-01,258392.46666666665,11344.933333333332,8396.733333333334,98.0,85.33333333333333,8.02,54.7,95.7,,85.33333333333333,253663.59166666665,,9.0,797.0,8.11,183.90749901900887
2001-04-01,259678.3,11227.0,8388.4,101.0,85.33333333333333,7.85,54.650000000000006,95.7,,85.33333333333333,254692.9583333333,,9.0,611.7000000000007,8.23,270.30638138642473
2001-05-01,260780.7333333333,11126.0,8192.1,99.33333333333331,85.33333333333333,7.74,51.25,95.7,,85.33333333333333,255625.54722222223,,4.333333333333314,188.8666666666686,8.05,245.21460780081523
2001-06-01,261883.16666666663,11025.0,7995.8,97.66666666666669,85.33333333333333,7.61,65.5,95.7,,85.33333333333333,256461.3583333333,,-0.3333333333333144,-233.9666666666635,8.02,229.43398610840282
2001-07-01,262985.6,10924.0,7799.5,96.0,85.33333333333333,7.55,53.55,95.7,,85.33333333333333,257200.3916666667,,-5.0,-656.7999999999993,7.85,234.3904390104249
2001-08-01,264318.0333333333,11479.966666666667,8095.933333333333,98.66666666666669,85.33333333333333,7.29,52.95,95.7,,85.33333333333333,258073.91111111108,,-0.6666666666666288,17.099999999998545,7.74,173.40827698236777
2001-09-01,265650.4666666667,12035.933333333332,8392.366666666667,101.33333333333331,85.33333333333333,7.12,53.2,95.7,,85.33333333333333,259081.91666666663,,3.6666666666666288,691.0,7.61,215.12682552437167
2001-10-01,266982.9,12591.9,8688.8,104.0,85.33333333333333,6.93,58.6,95.7,,85.33333333333333,260224.40833333333,,8.0,1364.8999999999996,7.55,225.04893574543885
2001-11-01,269461.9,12723.733333333334,8964.433333333332,108.33333333333331,85.33333333333333,6.78,52.2,95.7,,85.33333333333333,261502.7111111111,,9.666666666666629,1597.7333333333336,7.29,249.49290390993883
2001-12-01,271940.9,12855.566666666666,9240.066666666668,112.66666666666669,85.33333333333333,6.69,58.3,95.7,,85.33333333333333,262916.825,,11.333333333333371,1830.5666666666657,7.12,190.7308212245352
2002-01-01,274419.9,12987.4,9515.7,117.0,85.33333333333333,6.69,70.7,95.7,,85.33333333333333,264466.75,,13.0,2063.4,6.93,177.5083839118867
2002-02-01,276161.1666666667,13161.933333333332,9517.7,116.66666666666669,85.33333333333333,6.59,59.4,95.7,,85.33333333333333,266054.6277777778,,8.333333333333371,1681.966666666665,6.78,180.22163610202833
2002-03-01,277902.43333333335,13336.466666666667,9519.7,116.33333333333331,85.33333333333333,6.57,64.6,95.7,,85.33333333333333,267680.4583333333,,3.6666666666666288,1300.533333333335,6.69,212.57732909910223
2002-04-01,279643.7,13511.0,9521.7,116.0,85.33333333333333,6.58,59.6,95.7,,85.33333333333333,269344.24166666664,,-1.0,919.1000000000004,6.69,191.4418339423503
2002-05-01,281374.9666666667,13524.666666666666,9535.333333333334,115.33333333333331,85.33333333333333,6.46,58.150000000000006,95.7,,85.33333333333333,271060.4277777778,,-1.3333333333333712,800.9333333333325,6.59,163.04909906825554
2002-06-01,283106.23333333334,13538.333333333334,9548.966666666667,114.66666666666669,85.33333333333333,6.47,64.6,95.7,,85.33333333333333,272829.01666666666,,-1.6666666666666288,682.7666666666682,6.57,185.41744891645618
2002-07-01,284837.5,13552.0,9562.6,114.0,85.33333333333333,6.48,57.85,95.7,,85.33333333333333,274650.00833333336,,-2.0,564.6000000000004,6.58,168.83236886947037
2002-08-01,285734.1666666667,13798.8,9582.133333333331,110.33333333333331,85.33333333333333,6.41,60.45,95.7,,85.33333333333333,276434.68611111114,,-5.0,636.8666666666668,6.46,186.62363365780556
2002-09-01,286630.8333333333,14045.6,9601.666666666668,106.66666666666669,85.33333333333333,6.46,72.0,95.7,,85.33333333333333,278183.05,,-8.0,709.1333333333332,6.47,136.54978544887047
2002-10-01,287527.5,14292.4,9621.2,103.0,85.33333333333333,6.44,58.2,95.7,,85.33333333333333,279895.10000000003,,-11.0,781.3999999999996,6.48,141.0690538234678
2002-11-01,287012.5,14331.0,9392.366666666669,101.0,85.33333333333333,6.41,63.65,95.7,,85.33333333333333,281357.65,,-9.333333333333314,806.3333333333339,6.41,133.87368454195644
2002-12-01,286497.5,14369.6,9163.533333333336,99.0,85.33333333333333,6.41,62.0,95.7,,85.33333333333333,282570.7,,-7.666666666666686,831.2666666666664,6.46,99.79776049343661
2003-01-01,285982.5,14408.2,8934.7,97.0,85.33333333333333,6.35,56.8,95.7,,85.33333333333333,283534.25,,-6.0,856.2000000000007,6.44,141.29576240439852
2003-02-01,286045.5333333333,14451.133333333331,8983.933333333334,95.0,85.33333333333333,6.24,46.95,95.7,,85.33333333333333,284357.9472222222,,-6.0,652.3333333333321,6.41,134.88471127410125
2003-03-01,286108.56666666665,14494.066666666668,9033.166666666666,93.0,85.33333333333333,6.37,67.5,95.7,,85.33333333333333,285041.7916666667,,-6.0,448.4666666666672,6.41,122.5774114779939
2003-04-01,286171.6,14537.0,9082.4,91.0,85.33333333333333,6.31,60.5,95.7,,85.33333333333333,285585.7833333333,,-6.0,244.6000000000004,6.35,110.70366694746362
2003-05-01,287696.9666666667,14819.633333333331,9210.533333333333,91.0,85.33333333333333,6.18,56.95,95.7,,85.33333333333333,286112.61666666664,,-4.0,488.6333333333314,6.24,73.70795747738816
2003-06-01,289222.3333333333,15102.266666666666,9338.666666666666,91.0,85.33333333333333,6.18,67.75,95.7,,85.33333333333333,286622.2916666667,,-2.0,732.6666666666661,6.37,94.78689226562604
2003-07-01,290747.7,15384.9,9466.8,91.0,85.33333333333333,6.14,55.35,95.7,,85.33333333333333,287114.8083333333,,0.0,976.6999999999988,6.31,91.3922347468121
2003-08-01,293218.93333333335,15692.866666666669,9347.533333333333,92.0,85.33333333333333,5.99,57.25,95.7,,85.33333333333333,287738.5388888889,,1.0,1241.7333333333372,6.18,73.6493273126852
2003-09-01,295690.1666666667,16000.833333333332,9228.266666666666,93.0,85.33333333333333,5.95,55.65,95.7,,85.33333333333333,288493.48333333334,,2.0,1506.7666666666646,6.18,85.28542921995945
2003-10-01,298161.4,16308.8,9109.0,94.0,85.33333333333333,5.99,53.25,95.7,,85.33333333333333,289379.64166666666,,3.0,1771.7999999999993,6.14,94.90194098973834
2003-11-01,299575.7,16577.266666666666,8898.366666666667,94.33333333333331,85.33333333333333,6.11,51.55,95.7,,85.33333333333333,290426.575,,2.3333333333333144,1757.633333333335,5.99,128.99214818484566
2003-12-01,300990.0,16845.733333333334,8687.733333333334,94.66666666666669,85.33333333333333,6.18,44.85,95.7,,85.33333333333333,291634.2833333333,,1.6666666666666856,1743.4666666666672,5.95,77.82621812447307
2004-01-01,302404.3,17114.2,8477.1,95.0,85.33333333333333,6.23,48.45,95.7,,85.33333333333333,293002.76666666666,,1.0,1729.300000000001,5.99,67.69090909090912
2004-02-01,303244.9,17278.433333333334,8458.2,93.0,85.33333333333333,6.11,55.1,95.7,,85.33333333333333,294436.0472222222,,-1.3333333333333144,1585.5666666666657,6.11,63.487878787878806
2004-03-01,304085.5,17442.666666666668,8439.3,91.0,85.33333333333333,6.13,53.45,95.7,,85.33333333333333,295934.125,,-3.6666666666666856,1441.8333333333358,6.18,59.2848484848485
2004-04-01,304926.1,17606.9,8420.4,89.0,85.33333333333333,6.01,46.9,95.7,,85.33333333333333,297497.0,,-6.0,1298.1000000000022,6.23,55.08181818181819
2004-05-01,305186.1333333333,17552.8,8408.8,88.33333333333333,85.33333333333333,5.95,48.5,95.7,,85.33333333333333,298954.4305555556,,-4.666666666666671,975.5333333333328,6.11,50.87878787878789
2004-06-01,305446.1666666667,17498.7,8397.2,87.66666666666667,85.33333333333333,6.08,47.05,95.7,,85.33333333333333,300306.4166666667,,-3.3333333333333286,652.9666666666672,6.13,46.67575757575758
2004-07-01,305706.2,17444.6,8385.6,87.0,85.33333333333333,5.97,51.6,95.7,,85.33333333333333,301552.9583333333,,-2.0,330.3999999999978,6.01,42.47272727272727
2004-08-01,306541.43333333335,17656.333333333332,8480.633333333333,86.33333333333333,85.33333333333333,5.86,58.5,95.7,,85.33333333333333,302663.1666666667,,-2.0,377.8999999999978,5.95,38.269696969696966
2004-09-01,307376.6666666667,17868.066666666666,8575.666666666668,85.66666666666667,85.33333333333333,5.77,52.2,95.7,,85.33333333333333,303637.0416666667,,-2.0,425.3999999999978,6.08,34.066666666666656
2004-10-01,308211.9,18079.8,8670.7,85.0,85.33333333333333,5.73,52.7,95.7,,85.33333333333333,304474.5833333333,,-2.0,472.8999999999978,5.97,29.863636363636346
2004-11-01,309173.63333333336,18272.1,8780.266666666666,91.33333333333331,85.33333333333333,5.63,53.3,95.7,,85.33333333333333,305274.4111111111,,4.999999999999986,719.2999999999993,5.86,25.660606060606042
2004-12-01,310135.36666666664,18464.4,8889.833333333334,97.66666666666669,85.33333333333333,5.54,57.6,95.7,,85.33333333333333,306036.525,,12.000000000000014,965.7000000000008,5.77,21.457575757575732
2005-01-01,311097.1,18656.7,8999.4,104.0,85.33333333333333,5.64,51.7,95.7,,85.33333333333333,306760.925,,19.0,1212.1000000000022,5.73,17.25454545454542
2005-02-01,313041.4333333333,18797.566666666666,9001.233333333334,102.0,85.33333333333333,5.63,54.6,95.7,,85.33333333333333,307577.30277777783,,10.666666666666686,1141.2333333333336,5.63,21.015151515151487
2005-03-01,314985.76666666666,18938.43333333333,9003.066666666666,100.0,85.33333333333333,5.65,61.75,95.7,,85.33333333333333,308485.6583333334,,2.3333333333333144,1070.366666666665,5.54,24.775757575757552
2005-04-01,316930.1,19079.3,9004.9,98.0,85.33333333333333,5.66,59.1,95.7,,85.33333333333333,309485.99166666664,,-6.0,999.5,5.64,28.53636363636362
2005-05-01,318413.1666666666,19270.366666666665,9033.166666666666,97.0,85.33333333333333,5.57,56.5,95.7,,85.33333333333333,310588.2444444445,,-5.0,998.2666666666664,5.63,32.29696969696969
2005-06-01,319896.23333333334,19461.43333333333,9061.433333333334,96.0,85.33333333333333,5.6,55.25,95.7,,85.33333333333333,311792.4166666667,,-4.0,997.0333333333292,5.65,36.057575757575755
2005-07-01,321379.3,19652.5,9089.7,95.0,85.33333333333333,5.58,58.2,95.7,,85.33333333333333,313098.50833333336,,-3.0,995.7999999999992,5.66,39.81818181818183
2005-08-01,322608.5,19865.733333333334,9131.033333333336,97.66666666666669,85.33333333333333,5.53,54.3,95.7,,85.33333333333333,314437.4305555556,,0.6666666666666856,1068.166666666668,5.57,43.57878787878789
2005-09-01,323837.7,20078.966666666667,9172.366666666669,100.33333333333331,85.33333333333333,5.67,59.05,95.7,,85.33333333333333,315809.18333333335,,4.333333333333314,1140.5333333333365,5.6,47.33939393939396
2005-10-01,325066.9,20292.2,9213.7,103.0,85.33333333333333,5.75,58.25,95.7,,85.33333333333333,317213.76666666666,,8.0,1212.9000000000017,5.58,51.10000000000002
2005-11-01,326789.4,20448.533333333333,9134.966666666667,104.0,85.33333333333333,5.75,56.2,95.7,,85.33333333333333,318681.7472222222,,6.333333333333314,1178.166666666668,5.53,54.86060606060609
2005-12-01,328511.9,20604.86666666667,9056.233333333334,105.0,85.33333333333333,5.8,57.9,95.7,,85.33333333333333,320213.125,,4.666666666666686,1143.433333333338,5.67,58.62121212121215
2006-01-01,330234.4,20761.2,8977.5,106.0,85.33333333333333,5.85,54.3,95.7,,85.33333333333333,321807.9,,3.0,1108.7000000000007,5.75,62.38181818181823
2006-02-01,331028.8666666667,20906.63333333333,9212.366666666669,103.66666666666669,85.33333333333333,5.94,58.6,95.7,,85.33333333333333,323306.85277777776,,-0.3333333333333144,1040.8999999999978,5.75,57.90227272727277
2006-03-01,331823.3333333333,21052.066666666666,9447.233333333334,101.33333333333331,85.33333333333333,5.99,55.2,95.7,,85.33333333333333,324709.98333333334,,-3.6666666666666856,973.0999999999984,5.8,53.422727272727315
2006-04-01,332617.8,21197.5,9682.1,99.0,85.33333333333333,5.92,60.400000000000006,95.7,,85.33333333333333,326017.2916666667,,-7.0,905.2999999999992,5.85,48.943181818181856
2006-05-01,334355.4666666667,21410.166666666668,9741.733333333334,97.33333333333331,85.33333333333333,5.99,58.55,95.7,,85.33333333333333,327345.81666666665,,-6.333333333333371,961.633333333335,5.94,44.4636363636364
2006-06-01,336093.1333333333,21622.83333333333,9801.366666666669,95.66666666666669,85.33333333333333,6.09,56.15,95.7,,85.33333333333333,328695.5583333333,,-5.666666666666629,1017.96666666666,5.99,39.98409090909094
2006-07-01,337830.8,21835.5,9861.0,94.0,85.33333333333333,6.16,50.85,95.7,,85.33333333333333,330066.51666666666,,-5.0,1074.2999999999993,5.92,35.50454545454547
2006-08-01,338766.0333333333,21876.9,9918.5,94.66666666666669,85.33333333333333,6.2,57.0,95.7,,85.33333333333333,331412.97777777776,,-2.6666666666666288,970.26666666667,5.99,31.025000000000013
2006-09-01,339701.26666666666,21918.3,9976.0,95.33333333333331,85.33333333333333,6.21,56.6,95.7,,85.33333333333333,332734.94166666665,,-0.3333333333333712,866.2333333333336,6.09,26.545454545454554
2006-10-01,340636.5,21959.7,10033.5,96.0,85.33333333333333,6.18,60.75,95.7,,85.33333333333333,334032.4083333333,,2.0,762.2000000000007,6.16,22.065909090909095
2006-11-01,342649.3333333333,22089.533333333333,10055.5,97.33333333333331,85.33333333333333,6.16,60.45,95.7,,85.33333333333333,335354.06944444444,,2.6666666666666288,679.366666666665,6.2,17.586363636363636
2006-12-01,344662.1666666667,22219.36666666667,10077.5,98.66666666666669,85.33333333333333,6.3,74.9,95.7,,85.33333333333333,336699.925,,3.3333333333333712,596.5333333333401,6.21,13.106818181818177
2007-01-01,346675.0,22349.2,10099.5,100.0,85.33333333333333,6.39,73.15,95.7,,85.33333333333333,338069.97500000003,,4.0,513.7000000000007,6.18,8.62727272727271
2007-02-01,348631.2,22540.86666666667,10129.8,101.66666666666669,85.33333333333333,6.43,77.1,95.7,,85.33333333333333,339536.8361111111,,4.333333333333371,663.9666666666672,6.16,11.724242424242412
2007-03-01,350587.4,22732.533333333333,10160.1,103.33333333333331,85.33333333333333,6.41,69.15,95.7,,85.33333333333333,341100.50833333336,,4.666666666666629,814.2333333333336,6.3,14.821212121212113
2007-04-01,352543.6,22924.2,10190.4,105.0,85.33333333333333,6.37,68.69999999999999,95.7,,85.33333333333333,342760.99166666664,,5.0,964.5,6.39,17.918181818181814
2007-05-01,353935.1333333333,23251.033333333333,10233.133333333331,106.0,85.33333333333333,6.51,69.2,95.7,,85.33333333333333,344392.6305555556,,4.333333333333314,1161.5,6.43,21.01515151515152
2007-06-01,355326.6666666667,23577.86666666667,10275.866666666669,107.0,85.33333333333333,6.47,65.35,95.7,,85.33333333333333,345995.425,,3.6666666666666856,1358.5,6.41,24.112121212121224
2007-07-01,356718.2,23904.7,10318.6,108.0,85.33333333333333,6.46,68.4,95.7,,85.33333333333333,347569.375,,3.0,1555.5,6.37,27.209090909090925
2007-08-01,359059.56666666665,24157.666666666668,10349.733333333334,106.33333333333331,85.33333333333333,6.59,70.15,95.7,,85.33333333333333,349260.5027777778,,0.3333333333333144,1616.7999999999993,6.51,30.306060606060626
2007-09-01,361400.93333333335,24410.63333333333,10380.866666666669,104.66666666666669,85.33333333333333,6.74,65.7,95.7,,85.33333333333333,351068.80833333335,,-2.3333333333333144,1678.0999999999983,6.47,33.40303030303033
2007-10-01,363742.3,24663.6,10412.0,103.0,85.33333333333333,6.82,71.0,95.7,,85.33333333333333,352994.2916666667,,-5.0,1739.3999999999978,6.46,36.50000000000003
2007-11-01,364656.4666666667,24792.5,10460.2,102.66666666666669,85.33333333333333,6.82,70.75,95.7,,85.33333333333333,354828.2194444444,,-3.6666666666666288,1541.4666666666672,6.59,39.59696969696974
2007-12-01,365570.6333333333,24921.4,10508.4,102.33333333333331,85.33333333333333,7.16,75.45,95.7,,85.33333333333333,356570.5916666666,,-2.3333333333333712,1343.5333333333328,6.74,42.69393939393944
2008-01-01,366484.8,25050.3,10556.6,102.0,85.33333333333333,7.26,67.5,95.7,,85.33333333333333,358221.4083333334,,-1.0,1145.5999999999983,6.82,45.79090909090914
2008-02-01,366929.4666666667,25154.1,10449.3,96.33333333333331,85.33333333333333,6.93,66.15,95.7,,85.33333333333333,359746.2638888888,,-6.333333333333371,996.4333333333308,6.82,45.79090909090914
2008-03-01,367374.1333333333,25257.9,10342.0,90.66666666666669,85.33333333333333,6.92,71.8,95.7,,85.33333333333333,361145.15833333327,,-11.666666666666629,847.2666666666701,7.16,45.79090909090914
2008-04-01,367818.8,25361.7,10234.7,85.0,85.33333333333333,6.91,70.3,95.7,,85.33333333333333,362418.0916666666,,-17.0,698.1000000000022,7.26,45.79090909090914
2008-05-01,368632.56666666665,25544.233333333334,10252.766666666666,81.23333333333333,85.33333333333333,6.96,69.15,95.7,,85.33333333333333,363642.8777777778,,-15.09999999999998,751.7333333333336,6.93,45.79090909090914
2008-06-01,369446.3333333333,25726.766666666663,10270.833333333334,77.46666666666667,85.33333333333333,7.04,70.0,95.7,,85.33333333333333,364819.51666666666,,-13.200000000000015,805.3666666666613,6.92,45.79090909090914
2008-07-01,370260.1,25909.3,10288.9,73.7,90.0,7.12,68.45,95.7,,86.1111111111111,365948.0083333333,,-11.299999999999995,859.0,6.91,45.79090909090914
2008-08-01,366096.1333333333,25570.766666666663,10278.7,92.3,84.0,7.3,71.19999999999999,95.7,,85.88888888888887,366534.3888888889,,11.066666666666665,416.6666666666642,6.96,45.79090909090914
2008-09-01,361932.1666666667,25232.233333333334,10268.5,91.0,81.66666666666667,7.44,69.9,95.7,,85.27777777777777,366578.65833333327,,13.533333333333331,-25.66666666666788,7.04,45.79090909090914
2008-10-01,357768.2,24893.7,10258.3,78.2,77.0,7.8,67.0,95.7,,83.88888888888889,366080.81666666665,,4.5,-468.0,7.12,45.79090909090914
2008-11-01,358082.7,25171.466666666667,9813.733333333334,73.2,65.33333333333333,7.51,63.65,95.7,,80.55555555555556,365533.0027777778,,-19.099999999999994,-372.7666666666664,7.3,45.79090909090914
2008-12-01,358397.2,25449.233333333334,9369.166666666666,68.0,56.0,6.87,62.8,95.7,,75.66666666666667,364935.2166666666,,-23.0,-277.5333333333292,7.44,45.79090909090914
2009-01-01,358711.7,25727.0,8924.6,75.3,51.66666666666666,5.94,61.95,95.7,,69.27777777777777,364287.4583333333,,-2.9000000000000057,-182.29999999999927,7.8,45.79090909090914
2009-02-01,360328.13333333336,25849.766666666663,9077.666666666666,77.0,60.0,5.56,65.45,95.7,,65.27777777777777,363737.3472222223,,3.799999999999997,279.0,7.51,46.17803030303035
2009-03-01,361944.56666666665,25972.533333333333,9230.733333333334,73.3,69.33333333333333,5.48,67.3,95.7,,63.22222222222222,363284.8833333333,,5.299999999999997,740.2999999999993,6.87,46.56515151515155
2009-04-01,363561.0,26095.3,9383.8,93.9,76.0,5.43,63.95,95.7,,63.05555555555555,362930.06666666665,,18.60000000000001,1201.5999999999983,5.94,46.95227272727276
2009-05-01,367258.0,26434.466666666667,9516.033333333333,105.2,76.66666666666667,5.43,63.05,95.7,,64.94444444444444,362815.5194444445,,28.200000000000003,1263.0,5.56,47.339393939393965
2009-06-01,370955.0,26773.63333333333,9648.266666666666,107.8,73.33333333333333,5.53,69.8,95.7,,67.83333333333333,362941.2416666667,,34.5,1324.3999999999978,5.48,47.726515151515166
2009-07-01,374652.0,27112.8,9780.5,110.2,75.0,5.53,57.8,95.7,,71.72222222222221,363307.2333333333,,16.299999999999997,1385.7999999999993,5.43,48.113636363636374
2009-08-01,375566.76666666666,27407.033333333333,10128.833333333334,118.4,77.0,5.6,61.5,95.7,,74.55555555555556,364096.4527777778,,13.200000000000005,1557.26666666667,5.43,48.50075757575758
2009-09-01,376481.5333333333,27701.266666666663,10477.166666666666,117.9,86.66666666666667,5.78,68.85,95.7,,77.44444444444444,365308.9,,10.100000000000009,1728.73333333333,5.53,48.88787878787878
2009-10-01,377396.3,27995.5,10825.5,123.1,89.33333333333333,5.84,64.0,95.7,,79.66666666666667,366944.575,,12.899999999999991,1900.2000000000007,5.53,49.27499999999999
2009-11-01,380343.7,28258.666666666668,10712.8,118.2,83.66666666666667,5.84,66.4,95.7,,80.83333333333333,368799.6583333334,,-0.2000000000000028,1824.2000000000007,5.6,49.6621212121212
2009-12-01,383291.1,28521.83333333333,10600.1,116.6,90.66666666666669,5.79,71.7,95.7,,83.72222222222223,370874.15,,-1.3000000000000114,1748.199999999997,5.78,50.0492424242424
2010-01-01,386238.5,28785.0,10487.4,117.2,87.0,5.92,67.7,95.7,,85.72222222222223,373168.05,,-5.899999999999992,1672.2000000000007,5.84,50.43636363636361
2010-02-01,388318.6666666667,29104.033333333333,10605.666666666666,114.7,86.66666666666667,5.83,73.80000000000001,95.7,,87.33333333333333,375500.59444444446,,-3.5,1697.0,5.84,51.09999999999997
2010-03-01,390398.8333333333,29423.066666666666,10723.933333333334,114.6,89.66666666666667,5.74,76.2,95.7,,87.83333333333333,377871.78333333327,,-2.0,1721.800000000003,5.79,51.76363636363634
2010-04-01,392479.0,29742.1,10842.2,114.2,88.66666666666667,5.51,75.1,95.7,,87.72222222222223,380281.6166666666,,-3.0,1746.5999999999983,5.92,52.42727272727271
2010-05-01,393809.2,29982.366666666665,10858.5,114.3,94.0,5.48,73.7,95.7,,89.44444444444446,382494.2166666666,,-0.4000000000000057,1723.699999999997,5.83,53.09090909090907
2010-06-01,395139.4,30222.63333333333,10874.8,116.1,99.66666666666669,5.4,77.5,95.7,,90.94444444444446,384509.5833333333,,1.5,1700.800000000003,5.74,53.754545454545436
2010-07-01,396469.6,30462.9,10891.1,116.0,96.33333333333331,5.45,83.6,95.7,,92.5,386327.7166666666,,1.7999999999999972,1677.9000000000017,5.51,54.4181818181818
2010-08-01,398335.06666666665,30585.06666666667,10928.033333333333,113.6,92.33333333333331,5.57,81.15,95.7,,93.44444444444444,388225.075,,-0.7000000000000028,1481.0333333333365,5.48,55.081818181818164
2010-09-01,400200.5333333333,30707.233333333334,10964.966666666667,112.5,92.33333333333331,5.51,85.05,95.7,,93.8888888888889,390201.6583333334,,-3.5999999999999943,1284.166666666668,5.4,55.74545454545453
2010-10-01,402066.0,30829.4,11001.9,112.1,97.0,5.41,84.69999999999999,95.7,,95.27777777777776,392257.46666666673,,-3.9000000000000057,1087.300000000003,5.45,56.40909090909089
2010-11-01,403345.6,31220.2,11400.766666666666,115.4,98.66666666666669,5.4,98.35,95.7,,96.05555555555556,394174.2916666667,,1.8000000000000114,1237.8333333333358,5.57,57.07272727272726
2010-12-01,404625.2,31611.0,11799.633333333331,114.2,96.33333333333331,5.52,82.4,95.7,,95.5,395952.13333333336,,1.7000000000000028,1388.3666666666686,5.51,57.73636363636363
2011-01-01,405904.8,32001.8,12198.5,112.7,90.66666666666669,5.71,86.0,95.7,,94.55555555555556,397590.9916666667,,0.6000000000000085,1538.8999999999978,5.41,58.39999999999999
2011-02-01,406492.1,32055.1,12330.0,110.3,90.33333333333331,5.81,82.8,95.13333333333334,,94.22222222222224,399105.4444444445,,-5.1000000000000085,1470.0333333333292,5.4,58.39999999999999
2011-03-01,407079.4,32108.4,12461.5,98.9,92.66666666666669,5.96,89.94999999999999,94.56666666666666,,94.2777777777778,400495.4916666667,,-15.299999999999995,1401.166666666668,5.52,58.39999999999999
2011-04-01,407666.7,32161.7,12593.0,101.1,96.66666666666669,5.8,91.35,94.0,,94.22222222222224,401761.13333333336,,-11.600000000000009,1332.2999999999993,5.71,58.39999999999999
2011-05-01,408295.2333333333,32134.166666666668,12569.333333333334,104.9,96.66666666666669,5.83,93.95,93.83333333333331,,93.8888888888889,402968.3027777778,,-5.399999999999992,913.9666666666672,5.81,58.39999999999999
2011-06-01,408923.76666666666,32106.63333333333,12545.666666666666,102.4,93.66666666666669,5.89,94.7,93.66666666666669,,93.44444444444446,404117.0,,3.5,495.6333333333314,5.96,58.39999999999999
2011-07-01,409552.3,32079.1,12522.0,102.9,89.0,5.98,95.6,93.5,,93.16666666666669,405207.225,,1.8000000000000114,77.29999999999927,5.8,58.39999999999999
2011-08-01,410467.8333333333,32150.43333333333,12253.033333333333,98.1,86.0,5.92,98.9,93.93333333333334,,92.44444444444446,406218.2888888889,,-6.800000000000011,95.33333333333212,5.83,58.39999999999999
2011-09-01,411383.3666666667,32221.766666666663,11984.066666666668,97.3,87.33333333333333,5.87,85.85,94.36666666666666,,91.55555555555556,407150.19166666665,,-5.1000000000000085,113.36666666666132,5.89,58.39999999999999
2011-10-01,412298.9,32293.1,11715.1,100.0,89.0,5.86,87.0,94.8,,90.2777777777778,408002.9333333333,,-2.9000000000000057,131.39999999999782,5.98,58.39999999999999
2011-11-01,413612.8333333334,32250.466666666667,12109.8,104.8,88.0,5.9,90.95,93.36666666666666,,88.83333333333333,408858.5361111111,,6.700000000000003,116.29999999999929,5.92,58.39999999999999
2011-12-01,414926.76666666666,32207.83333333333,12504.5,98.5,88.0,5.81,82.5,91.93333333333334,,87.8888888888889,409717.0,,1.2000000000000028,101.19999999999708,5.87,58.39999999999999
2012-01-01,416240.7,32165.2,12899.2,97.1,86.0,5.83,85.25,90.5,,87.3888888888889,410578.325,,-2.9000000000000057,86.10000000000218,5.86,58.39999999999999
2012-02-01,416826.4666666667,32535.8,12796.933333333334,101.6,89.66666666666667,5.74,94.2,91.4,,88.0,411439.52222222224,,-3.200000000000003,385.3666666666686,5.9,58.39999999999999
2012-03-01,417412.2333333333,32906.4,12694.666666666666,102.1,91.66666666666669,5.79,80.15,92.3,,88.72222222222223,412300.5916666666,,3.5999999999999943,684.6333333333387,5.81,58.39999999999999
2012-04-01,417998.0,33277.0,12592.4,106.6,90.66666666666669,5.76,86.05000000000001,93.2,,89.0,413161.53333333327,,9.5,983.9000000000016,5.83,58.39999999999999
2012-05-01,418619.2,33289.96666666667,12449.433333333332,106.9,90.66666666666669,5.74,89.95,92.7,,89.44444444444446,414021.86388888885,,5.300000000000011,1039.5,5.74,58.39999999999999
2012-06-01,419240.4,33302.933333333334,12306.466666666667,100.8,89.66666666666667,5.67,91.3,92.2,,89.72222222222223,414881.5833333333,,-1.2999999999999972,1095.1000000000058,5.79,58.39999999999999
2012-07-01,419861.6,33315.9,12163.5,99.4,84.33333333333333,5.53,92.7,91.7,,89.44444444444446,415740.69166666665,,-7.199999999999989,1150.7000000000007,5.76,58.39999999999999
2012-08-01,420903.56666666665,33701.200000000004,12144.933333333332,99.8,82.33333333333333,5.36,83.1,93.56666666666666,,88.22222222222223,416610.3361111111,,-7.1000000000000085,1165.400000000005,5.74,58.39999999999999
2012-09-01,421945.5333333333,34086.5,12126.366666666669,97.8,82.33333333333333,5.3,87.6,95.43333333333334,,86.66666666666667,417490.5166666666,,-3.0,1180.0999999999983,5.67,58.39999999999999
2012-10-01,422987.5,34471.8,12107.8,99.1,82.33333333333333,5.08,90.85,97.3,,85.27777777777779,418381.2333333334,,-0.3000000000000113,1194.800000000003,5.53,58.39999999999999
2012-11-01,424105.8,34567.86666666667,12132.9,99.3,78.66666666666667,5.05,93.4,96.36666666666666,,83.27777777777779,419255.64722222224,,-0.5,1277.9000000000017,5.36,58.39999999999999
2012-12-01,425224.1,34663.933333333334,12158.0,98.2,76.66666666666667,5.01,79.2,95.43333333333334,,81.1111111111111,420113.7583333333,,0.4000000000000057,1361.0,5.3,58.39999999999999
2013-01-01,426342.4,34760.0,12183.1,101.8,69.66666666666667,5.04,95.3,94.5,,78.66666666666667,420955.56666666665,,2.700000000000003,1444.0999999999983,5.08,58.39999999999999
2013-02-01,427948.3,35101.5,12037.1,101.1,89.0,5.03,90.25,94.83333333333331,,79.77777777777777,421882.3861111112,,1.7999999999999972,1400.2999999999956,5.05,55.86666666666666
2013-03-01,429554.2,35443.0,11891.1,104.2,89.0,4.86,89.3,95.16666666666669,,80.88888888888889,422894.21666666673,,6.0,1356.5,5.01,53.33333333333333
2013-04-01,431160.1,35784.5,11745.1,101.6,91.33333333333331,4.82,93.3,95.5,,82.38888888888889,423991.05833333335,,-0.2000000000000028,1312.699999999997,5.04,50.8
2013-05-01,432601.6333333333,35464.433333333334,12054.366666666669,104.2,92.33333333333331,4.73,93.3,95.86666666666666,,84.66666666666666,425156.2611111112,,3.1000000000000085,896.5666666666657,5.03,48.26666666666666
2013-06-01,434043.1666666667,35144.36666666667,12363.633333333331,105.1,88.66666666666667,4.7,89.2,96.23333333333332,,86.66666666666667,426389.825,,0.8999999999999915,480.4333333333343,4.86,45.73333333333333
2013-07-01,435484.7,34824.3,12672.9,104.8,88.0,4.69,90.9,96.6,,89.72222222222221,427691.75,,3.200000000000003,64.30000000000291,4.82,43.199999999999996
2013-08-01,436756.56666666665,35163.86666666667,12728.633333333331,105.0,87.33333333333333,4.61,94.85,97.5,,89.44444444444444,429012.8333333333,,0.7999999999999972,62.36666666666861,4.73,40.66666666666666
2013-09-01,438028.43333333335,35503.433333333334,12784.366666666669,101.4,89.33333333333333,4.59,89.0,98.4,,89.5,430353.075,,-3.6999999999999886,60.4333333333343,4.7,38.133333333333326
2013-10-01,439300.3,35843.0,12840.1,106.7,92.33333333333331,4.56,95.2,99.3,,89.66666666666667,431712.475,,1.9000000000000057,58.5,4.69,35.599999999999994
2013-11-01,440423.5,36178.9,12742.933333333334,108.3,92.0,4.58,93.25,98.26666666666668,,89.6111111111111,433072.28333333327,,3.299999999999997,714.4666666666672,4.61,33.06666666666666
2013-12-01,441546.7,36514.8,12645.766666666666,107.5,88.66666666666667,4.67,83.94999999999999,97.23333333333332,,89.6111111111111,434432.5,,6.099999999999994,1370.4333333333343,4.59,30.53333333333333
2014-01-01,442669.9,36850.7,12548.6,110.2,87.66666666666667,4.62,88.7,96.2,,89.55555555555554,435793.125,,3.5,2026.3999999999944,4.56,28.0
2014-02-01,444070.7333333333,37092.76666666666,12691.733333333334,109.2,87.0,4.58,90.95,96.96666666666668,,89.5,437136.6611111111,,0.9000000000000057,1928.8999999999944,4.58,27.783333333333335
2014-03-01,445471.5666666667,37334.833333333336,12834.866666666669,109.7,92.0,4.57,96.35,97.73333333333332,,89.94444444444444,438463.1083333333,,2.200000000000003,1831.4000000000012,4.67,27.566666666666666
2014-04-01,446872.4,37576.9,12978.0,109.7,96.33333333333331,4.51,90.35,98.5,,90.61111111111111,439772.4666666666,,-0.5,1733.9000000000017,4.62,27.35
2014-05-01,447256.1,36847.43333333333,12964.8,105.3,91.0,4.5,90.9,97.86666666666666,,90.44444444444446,440993.6722222222,,-3.9000000000000057,668.5333333333256,4.58,27.133333333333333
2014-06-01,447639.8,36117.96666666667,12951.6,108.1,90.0,4.53,88.0,97.23333333333332,,90.66666666666669,442126.725,,-1.6000000000000083,-396.83333333333576,4.57,26.916666666666668
2014-07-01,448023.5,35388.5,12938.4,105.6,89.33333333333333,4.54,86.85,96.6,,90.94444444444444,443171.625,,-4.1000000000000085,-1462.199999999997,4.51,26.700000000000003
2014-08-01,448818.7333333333,35810.86666666667,13025.333333333334,107.5,89.66666666666667,4.35,88.05,97.53333333333332,,91.38888888888889,444176.8055555556,,2.200000000000003,-1281.8999999999942,4.5,26.483333333333334
2014-09-01,449613.9666666667,36233.23333333333,13112.266666666666,108.4,89.0,4.28,95.9,98.46666666666668,,90.88888888888889,445142.26666666666,,0.3000000000000113,-1101.6000000000058,4.53,26.26666666666667
2014-10-01,450409.2,36655.6,13199.2,105.6,91.66666666666669,4.14,93.7,99.4,,90.11111111111111,446068.00833333336,,0.0,-921.3000000000028,4.54,26.05
2014-11-01,451707.06666666665,36871.5,13192.233333333334,103.4,90.33333333333331,4.02,90.3,98.2,,90.0,447008.3055555556,,-4.099999999999994,24.06666666667297,4.35,25.833333333333336
2014-12-01,453004.93333333335,37087.4,13185.266666666666,101.7,89.33333333333333,4.07,89.55000000000001,97.0,,89.8888888888889,447963.1583333334,,-6.700000000000003,969.4333333333344,4.28,25.616666666666667
2015-01-01,454302.8,37303.3,13178.3,103.2,88.33333333333333,4.02,90.36666666666667,95.8,,89.72222222222223,448932.56666666665,,-2.3999999999999915,1914.800000000003,4.14,25.400000000000002
2015-02-01,454954.06666666665,37165.76666666667,13206.5,103.9,86.33333333333333,4.02,90.6,95.63333333333333,,89.16666666666667,449839.5111111111,,0.5,1354.9000000000017,4.02,25.39166666666667
2015-03-01,455605.3333333333,37028.23333333333,13234.7,102.0,89.66666666666667,3.81,89.53333333333335,95.46666666666668,,89.27777777777777,450683.9916666666,,0.2999999999999971,795.0,4.07,25.383333333333336
2015-04-01,456256.6,36890.7,13262.9,104.9,93.66666666666669,3.67,83.60000000000001,95.3,,89.6111111111111,451466.00833333336,,1.7000000000000028,235.09999999999852,4.02,25.375000000000004
2015-05-01,458512.9,37047.53333333333,13206.566666666666,106.3,92.0,3.71,73.83333333333333,95.33333333333331,,89.8888888888889,452404.075,,2.3999999999999915,176.03333333333285,4.02,25.36666666666667
2015-06-01,460769.2,37204.36666666666,13150.233333333334,98.8,86.33333333333333,3.61,81.33333333333333,95.36666666666667,,89.3888888888889,453498.19166666665,,-3.200000000000003,116.96666666665988,3.81,25.358333333333338
2015-07-01,463025.5,37361.2,13093.9,100.9,90.66666666666669,3.54,83.33333333333333,95.4,,89.77777777777777,454748.3583333333,,-4.0,57.89999999999418,3.67,25.35
2015-08-01,464218.3333333333,37934.9,13044.933333333332,102.2,90.66666666666669,3.57,74.10000000000001,96.13333333333334,,90.5,456031.6583333334,,-4.099999999999994,769.1333333333314,3.71,25.34166666666667
2015-09-01,465411.1666666667,38508.6,12995.966666666667,103.5,92.33333333333331,3.56,73.03333333333335,96.86666666666666,,90.94444444444446,457348.0916666666,,4.700000000000003,1480.3666666666686,3.61,25.333333333333336
2015-10-01,466604.0,39082.3,12947.0,106.1,92.66666666666669,3.57,74.2,97.6,,90.77777777777776,458697.65833333327,,5.199999999999989,2191.600000000006,3.54,25.325000000000003
2015-11-01,467202.76666666666,39442.03333333333,12920.766666666666,106.7,94.0,3.56,73.43333333333332,97.13333333333333,,91.1111111111111,459988.9666666666,,4.5,2394.5,3.57,25.31666666666667
2015-12-01,467801.5333333333,39801.76666666667,12894.533333333333,103.3,92.33333333333331,3.62,75.73333333333333,96.66666666666669,,92.1111111111111,461222.0166666666,,-0.2000000000000028,2597.4000000000087,3.56,25.308333333333337
2016-01-01,468400.3,40161.5,12868.3,100.6,90.33333333333331,3.57,71.86666666666666,96.2,,92.05555555555554,462396.80833333335,,-5.5,2800.300000000003,3.57,25.300000000000004
2016-02-01,470357.3666666666,40359.93333333333,12970.233333333334,98.3,87.66666666666667,3.57,79.36666666666666,96.63333333333334,,91.55555555555554,463680.4166666667,,-8.400000000000006,2425.0333333333256,3.56,25.475000000000005
2016-03-01,472314.43333333335,40558.36666666667,13072.166666666666,100.6,90.0,3.6,81.03333333333335,97.06666666666666,,91.16666666666669,465072.84166666673,,-2.700000000000003,2049.76666666667,3.62,25.650000000000002
2016-04-01,474271.5,40756.8,13174.1,102.3,93.66666666666669,3.55,75.9,97.5,,91.33333333333331,466574.0833333333,,1.7000000000000028,1674.5,3.57,25.825000000000003
2016-05-01,474882.8666666666,40640.4,13169.5,99.8,89.33333333333333,3.55,67.5,97.73333333333332,,90.55555555555554,467938.2472222222,,1.5,1198.3666666666686,3.57,26.000000000000004
2016-06-01,475494.2333333333,40524.0,13164.9,99.3,93.33333333333331,3.41,78.86666666666666,97.96666666666668,,90.7222222222222,469165.3333333333,,-1.2999999999999972,722.2333333333299,3.6,26.175
2016-07-01,476105.6,40407.6,13160.3,101.6,92.0,3.37,77.43333333333334,98.2,,91.0,470255.3416666666,,-0.7000000000000028,246.09999999999852,3.55,26.35
2016-08-01,477328.3,40720.4,13189.433333333332,102.6,92.66666666666669,3.38,84.43333333333334,98.6,,91.83333333333331,471347.8388888889,,2.799999999999997,360.4666666666744,3.55,26.525000000000002
2016-09-01,478551.0,41033.2,13218.566666666668,102.5,93.66666666666669,3.37,81.33333333333333,99.0,,92.44444444444446,472442.825,,3.200000000000003,474.8333333333285,3.41,26.7
2016-10-01,479773.7,41346.0,13247.7,102.8,95.66666666666669,3.38,84.39999999999999,99.4,,92.77777777777776,473540.3,,1.2000000000000028,589.1999999999971,3.37,26.875
2016-11-01,481578.5,41379.73333333333,13557.733333333334,95.9,92.66666666666669,3.45,86.10000000000001,98.23333333333332,,93.33333333333331,474738.27777777775,,-6.699999999999989,739.3333333333285,3.38,27.05
2016-12-01,483383.3,41413.46666666667,13867.766666666666,94.2,92.0,3.54,92.7,97.06666666666668,,93.11111111111111,476036.7583333333,,-8.299999999999997,889.4666666666672,3.37,27.224999999999998
2017-01-01,485188.1,41447.2,14177.8,93.2,91.33333333333331,3.55,90.76666666666668,95.9,,93.0,477435.7416666666,,-9.599999999999994,1039.5999999999983,3.38,27.4
2017-02-01,486376.1333333333,41547.1,14216.266666666666,94.4,89.66666666666667,3.49,97.13333333333333,97.5,,92.5,478770.6388888888,,-1.5,826.6999999999971,3.45,27.85833333333333
2017-03-01,487564.1666666667,41647.0,14254.733333333334,97.0,91.66666666666669,3.53,105.06666666666666,99.1,,92.16666666666669,480041.45,,2.799999999999997,613.8000000000029,3.54,28.316666666666666
2017-04-01,488752.2,41746.9,14293.2,101.8,96.66666666666669,3.42,103.56666666666666,100.7,,92.33333333333331,481248.175,,8.599999999999994,400.9000000000015,3.55,28.775
2017-05-01,490992.3,42286.03333333333,14515.5,109.2,94.33333333333331,3.45,106.26666666666668,100.1,,92.6111111111111,482590.6277777778,,14.799999999999995,906.3000000000028,3.49,29.23333333333333
2017-06-01,493232.4,42825.16666666667,14737.8,112.6,99.0,3.45,115.36666666666667,99.5,,93.77777777777776,484068.80833333335,,15.599999999999994,1411.7000000000044,3.53,29.691666666666666
2017-07-01,495472.5,43364.3,14960.1,112.7,97.0,3.44,113.3,98.9,,94.72222222222224,485682.71666666673,,10.900000000000006,1917.1000000000056,3.42,30.15
2017-08-01,495088.1,43711.8,15085.5,111.3,96.0,3.44,111.33333333333331,102.4,,95.7777777777778,487162.7,,2.0999999999999943,2164.7000000000044,3.45,30.60833333333333
2017-09-01,494703.7,44059.3,15210.9,108.9,98.66666666666669,3.48,120.2,105.9,,96.94444444444444,488508.75833333336,,-3.6999999999999886,2412.300000000003,3.45,31.066666666666666
2017-10-01,494319.3,44406.8,15336.3,110.5,99.33333333333331,3.45,92.43333333333334,109.4,,97.3888888888889,489720.89166666666,,-2.200000000000003,2659.900000000001,3.44,31.525
2017-11-01,496741.56666666665,44898.16666666667,15364.666666666666,113.9,96.33333333333331,3.54,108.0,106.1,,97.7222222222222,490984.4805555556,,2.6000000000000085,2612.1333333333387,3.44,31.98333333333333
2017-12-01,499163.8333333333,45389.53333333333,15393.033333333333,112.3,98.66666666666669,3.64,118.40000000000002,102.8,,97.66666666666669,492299.5250000001,,3.3999999999999915,2564.3666666666613,3.48,32.44166666666666
2018-01-01,501586.1,45880.9,15421.4,111.6,96.33333333333331,3.68,131.93333333333334,99.5,,97.55555555555554,493666.025,,1.0999999999999943,2516.5999999999985,3.45,32.9
2018-02-01,502889.6333333333,46278.46666666667,15412.3,109.8,95.0,3.69,117.53333333333336,100.63333333333334,,97.38888888888889,495042.1500000001,,-4.1000000000000085,2566.666666666664,3.54,30.075
2018-03-01,504193.1666666667,46676.03333333333,15403.2,109.7,95.0,3.66,112.53333333333336,101.76666666666668,,96.77777777777776,496427.9,,-2.5999999999999943,2616.73333333333,3.64,27.25
2018-04-01,505496.7,47073.6,15394.1,108.7,100.66666666666669,3.64,112.06666666666666,102.9,,97.0,497823.275,,-2.8999999999999915,2666.799999999996,3.68,24.424999999999997
2018-05-01,506360.9,47711.566666666666,15453.466666666667,109.6,101.66666666666669,3.66,105.23333333333336,103.43333333333334,,97.8888888888889,499103.9916666667,,-0.2000000000000028,2813.399999999994,3.69,21.6
2018-06-01,507225.1,48349.53333333333,15512.833333333334,106.9,100.66666666666669,3.63,97.3,103.96666666666668,,98.22222222222224,500270.05,,-2.799999999999997,2960.0,3.66,18.775
2018-07-01,508089.3,48987.5,15572.2,102.1,97.33333333333331,3.64,93.6,104.5,,98.3888888888889,501321.45,,-6.6000000000000085,3106.5999999999985,3.64,15.95
2018-08-01,509036.26666666666,48430.96666666667,15608.066666666668,100.1,98.66666666666669,3.62,91.8,105.1,,99.0,502483.7972222222,,-9.5,2152.5,3.66,13.125
2018-09-01,509983.2333333333,47874.43333333333,15643.933333333332,101.0,98.33333333333331,3.62,97.5,105.7,,99.55555555555556,503757.0916666666,,-5.900000000000006,1198.3999999999942,3.63,10.3
2018-10-01,510930.2,47317.9,15679.8,100.2,98.33333333333331,3.65,94.03333333333336,106.3,,99.16666666666669,505141.3333333333,,-1.8999999999999917,244.3000000000029,3.64,7.475000000000001
2018-11-01,511074.8,47432.43333333333,15617.866666666669,96.6,97.66666666666669,3.69,90.9,104.83333333333331,,98.5,506335.7694444445,,-3.5,-279.13333333333867,3.62,4.650000000000002
2018-12-01,511219.4,47546.96666666667,15555.933333333332,97.8,98.0,3.77,88.36666666666667,103.36666666666667,,98.05555555555554,507340.4,,-3.200000000000003,-802.5666666666657,3.62,1.8250000000000028
2019-01-01,511364.0,47661.5,15494.0,98.5,96.0,3.81,89.56666666666666,101.9,,97.83333333333331,508155.225,,-1.7000000000000028,-1326.0,3.65,-1.0
2019-02-01,513611.8,48283.86666666667,15591.433333333332,100.6,94.66666666666669,3.78,81.8,101.9,,97.16666666666669,509048.73888888885,,4.0,-147.09999999999854,3.69,0.7999999999999998
2019-03-01,515859.6,48906.23333333333,15688.866666666669,100.8,98.0,3.71,82.03333333333335,101.9,,97.11111111111111,510020.94166666665,,3.0,1031.800000000003,3.77,2.5999999999999996
2019-04-01,518107.4,49528.6,15786.3,102.8,100.66666666666669,3.71,92.8,101.9,,97.5,511071.8333333333,,4.299999999999997,2210.699999999997,3.81,4.3999999999999995
2019-05-01,518460.2333333333,50313.333333333336,15863.166666666666,98.9,97.33333333333331,3.67,89.43333333333334,102.2,,97.44444444444446,512080.1111111111,,-1.6999999999999886,2880.9000000000087,3.78,6.199999999999999
2019-06-01,518813.0666666667,51098.066666666666,15940.033333333333,98.6,97.66666666666669,3.58,86.86666666666667,102.5,,97.3888888888889,513045.775,,-2.200000000000003,3551.0999999999985,3.71,8.0
2019-07-01,519165.9,51882.8,16016.9,96.9,100.33333333333331,3.52,84.53333333333333,102.8,,98.11111111111111,513968.825,,-5.899999999999992,4221.300000000003,3.71,9.799999999999999
2019-08-01,520892.3,51505.1,15958.566666666666,93.3,93.0,3.32,84.96666666666667,104.56666666666666,,97.83333333333331,514956.8277777778,,-5.6000000000000085,3221.23333333333,3.67,11.599999999999998
2019-09-01,522618.7,51127.4,15900.233333333334,98.0,86.0,3.42,87.3,106.33333333333331,,95.83333333333331,516009.7833333334,,-0.5999999999999943,2221.1666666666715,3.58,13.399999999999999
2019-10-01,524345.1,50749.7,15841.9,99.7,86.33333333333333,3.28,90.66666666666669,108.1,,93.44444444444444,517127.69166666665,,2.799999999999997,1221.0999999999983,3.52,15.2
2019-11-01,522100.7333333333,51470.86666666666,15744.766666666666,102.0,94.66666666666669,3.29,84.33333333333333,103.96666666666668,,93.0,518046.5194444445,,8.700000000000003,1157.5333333333256,3.32,17.0
2019-12-01,519856.3666666666,52192.03333333333,15647.633333333331,101.6,91.33333333333331,3.36,88.39999999999999,99.83333333333331,,91.94444444444444,518766.2666666666,,3.5999999999999943,1093.9666666666672,3.42,18.799999999999997
2020-01-01,517612.0,52913.2,15550.5,105.4,105.33333333333331,3.32,78.23333333333333,95.7,,92.77777777777776,519286.9333333333,,5.700000000000003,1030.3999999999942,3.28,20.599999999999998
2020-02-01,512895.06666666665,52455.23333333333,15601.666666666666,97.9,97.66666666666669,3.19,88.73333333333333,96.76666666666668,,93.55555555555554,519227.2055555556,,-4.099999999999994,950.1333333333314,3.29,20.766666666666666
2020-03-01,508178.13333333336,51997.26666666667,15652.833333333334,79.3,94.33333333333331,2.94,98.5,97.83333333333334,,94.94444444444444,518587.0833333333,,-22.3,869.8666666666686,3.36,20.93333333333333
2020-04-01,503461.2,51539.3,15704.0,71.5,74.33333333333333,2.77,103.16666666666669,98.9,,92.94444444444444,517366.56666666665,,-33.900000000000006,789.6000000000058,3.32,21.099999999999998
2020-05-01,507179.13333333336,52028.53333333333,15708.6,78.4,82.0,2.83,112.33333333333331,98.66666666666669,,90.83333333333331,516426.475,,-19.5,557.6666666666715,3.19,21.266666666666666
2020-06-01,510897.06666666665,52517.76666666667,15713.2,82.7,78.0,2.75,103.66666666666669,98.43333333333334,,88.6111111111111,515766.80833333335,,3.4000000000000057,325.7333333333372,2.94,21.433333333333334
2020-07-01,514615.0,53007.0,15717.8,85.1,94.66666666666669,2.74,110.03333333333332,98.2,,86.83333333333333,515387.56666666665,,13.599999999999994,93.80000000000292,2.77,21.6
2020-08-01,517336.1,53834.46666666667,15851.033333333333,89.1,89.0,2.68,96.43333333333334,101.23333333333332,,85.38888888888887,515091.2166666666,,10.699999999999989,1379.2333333333372,2.83,21.766666666666666
2020-09-01,520057.2,54661.93333333333,15984.266666666666,80.3,93.66666666666669,2.7,98.5,104.26666666666668,,85.27777777777779,514877.7583333333,,-2.4000000000000057,2664.666666666657,2.75,21.933333333333334
2020-10-01,522778.3,55489.4,16117.5,92.6,88.0,2.68,93.83333333333331,107.3,,87.55555555555556,514747.19166666665,,7.5,3950.099999999999,2.74,22.1
2020-11-01,525429.2333333333,55989.63333333333,16711.9,99.0,93.66666666666669,2.72,106.5,105.8,,89.5,515024.56666666665,,9.900000000000006,3961.099999999999,2.68,22.266666666666666
2020-12-01,528080.1666666666,56489.86666666667,17306.3,90.8,95.0,2.73,110.1,104.3,,92.33333333333331,515709.88333333336,,10.5,3972.099999999999,2.7,22.433333333333334
2021-01-01,530731.1,56990.1,17900.7,95.2,89.66666666666667,2.69,123.03333333333336,102.8,,91.5,516803.14166666666,,2.6000000000000085,3983.099999999999,2.68,22.6
2021-02-01,533194.0333333333,57840.86666666667,17775.933333333334,97.4,92.66666666666669,2.69,121.8,102.43333333333334,,92.11111111111111,518494.7222222222,,-1.5999999999999943,4006.4000000000015,2.72,28.27524028978056
2021-03-01,535656.9666666667,58691.63333333333,17651.166666666668,100.6,89.66666666666667,2.74,126.33333333333331,102.06666666666666,,91.44444444444446,520784.625,,9.799999999999995,4029.700000000005,2.73,18.212685758119793
2021-04-01,538119.9,59542.4,17526.4,102.5,98.0,2.68,136.86666666666667,101.7,,93.11111111111111,523672.85,,7.299999999999997,4053.0,2.69,-32.22109552726512
2021-05-01,538115.8,59552.93333333333,17485.833333333336,105.7,94.66666666666669,2.67,131.63333333333333,102.5,,93.2777777777778,526250.9055555555,,8.299999999999997,3563.299999999996,2.69,17.092219032496438
2021-06-01,538111.7,59563.46666666667,17445.266666666666,111.1,86.0,2.72,129.5,103.3,,91.7777777777778,528518.7916666666,,10.5,3073.5999999999985,2.74,18.207829694555716
2021-07-01,538107.6,59574.0,17404.7,103.6,88.33333333333333,2.69,142.20000000000002,104.1,,91.55555555555556,530476.5083333333,,1.0999999999999943,2583.900000000001,2.68,81.15560366154834
2021-08-01,540893.1666666666,60408.16666666666,17523.066666666666,102.9,86.33333333333333,2.78,134.46666666666667,104.43333333333332,,90.5,532439.5972222222,,-2.799999999999997,2567.2999999999884,2.67,9.06497437828451
2021-09-01,543678.7333333334,61242.333333333336,17641.433333333334,104.2,86.0,2.88,120.7,104.76666666666668,,89.8888888888889,534408.0583333333,,-6.899999999999992,2550.7000000000044,2.72,21.049727400802027
2021-10-01,546464.3,62076.5,17759.8,107.4,84.66666666666667,2.94,117.8,105.1,,87.66666666666667,536381.8916666667,,3.8000000000000114,2534.0999999999985,2.69,10.873378390390549
2021-11-01,547158.1333333334,62138.9,17898.033333333333,108.3,86.66666666666667,3.12,124.73333333333332,104.7,,86.33333333333333,538192.6333333333,,5.399999999999992,2585.9666666666744,2.78,-20.597554418282964
2021-12-01,547851.9666666667,62201.3,18036.266666666663,104.4,87.0,3.14,127.6,104.3,,86.5,539840.2833333333,,0.2000000000000028,2637.833333333336,2.88,39.90735600277854
2022-01-01,548545.8,62263.7,18174.5,105.0,86.66666666666667,3.3,117.16666666666669,103.9,,86.22222222222223,541324.8416666667,,-2.4000000000000057,2689.699999999997,2.94,28.272655556985146
2022-02-01,550163.1333333334,62991.73333333333,18200.93333333333,103.6,84.66666666666667,3.37,126.53333333333336,103.76666666666668,,85.94444444444446,542738.9333333333,,-4.700000000000003,2583.566666666673,3.12,28.11639084511479
2022-03-01,551780.4666666667,63719.76666666667,18227.366666666665,103.8,84.33333333333333,3.39,117.5,103.63333333333334,,85.66666666666667,544082.5583333333,,-0.6000000000000085,2477.4333333333343,3.14,-18.47586015567693
2022-04-01,553397.8,64447.8,18253.8,104.4,91.33333333333331,3.45,113.83333333333331,103.5,,86.77777777777777,545355.7166666667,,-0.5999999999999943,2371.300000000003,3.3,42.04722707566975
2022-05-01,554308.6333333334,64099.43333333333,18368.13333333333,103.2,105.0,3.6,135.63333333333333,103.53333333333332,,89.83333333333333,546705.1194444444,,-0.3999999999999915,1960.5333333333256,3.37,-34.022047313280545
2022-06-01,555219.4666666667,63751.066666666666,18482.466666666667,96.7,104.66666666666669,3.84,128.36666666666667,103.56666666666666,,92.7777777777778,548130.7666666667,,-7.099999999999994,1549.7666666666628,3.39,17.86599656213421
2022-07-01,556130.3,63402.7,18596.8,85.9,104.66666666666669,4.12,137.96666666666667,103.6,,95.7777777777778,549632.6583333333,,-18.5,1139.0,3.45,59.473639776987284
2022-08-01,555448.5,62622.33333333333,18686.166666666668,88.7,102.66666666666669,4.46,147.56666666666666,104.36666666666666,,98.7777777777778,550845.6027777778,,-14.5,-369.4000000000015,3.6,-26.642108015904242
2022-09-01,554766.7000000001,61841.96666666667,18775.533333333333,91.5,97.0,4.66,127.03333333333336,105.13333333333334,,100.8888888888889,551769.6,,-5.200000000000003,-1877.800000000003,3.84,-16.517169714439483
2022-10-01,554084.9,61061.6,18864.9,88.8,104.66666666666669,5.27,127.73333333333332,105.9,,103.11111111111111,552404.65,,2.8999999999999915,-3386.2000000000044,4.12,0.0601671162661126
2022-11-01,554742.0666666667,61228.76666666666,18812.06666666667,86.4,98.0,5.67,137.93333333333334,103.93333333333334,,101.94444444444446,553036.6444444446,,-2.299999999999997,-2870.666666666664,4.46,-17.24015084733223
2022-12-01,555399.2333333334,61395.93333333333,18759.233333333334,90.0,98.66666666666669,5.56,129.66666666666666,101.96666666666668,,100.94444444444446,553665.5833333334,,-1.5,-2355.1333333333387,4.66,-46.3945545461481
2023-01-01,556056.4,61563.1,18706.4,90.6,101.33333333333331,5.47,102.76666666666668,100.0,,100.3888888888889,554291.4666666667,,1.7999999999999972,-1839.5999999999983,5.27,-4.369729327722009
2023-02-01,557326.1333333333,62699.53333333333,18654.3,90.0,101.0,5.36,121.53333333333336,102.03333333333332,,100.11111111111111,554888.3833333334,,3.5999999999999943,77.20000000000437,5.67,-35.757919675823935
2023-03-01,558595.8666666667,63835.96666666667,18602.2,91.9,106.0,5.25,121.1,104.06666666666666,,101.61111111111111,555456.3333333334,,1.9000000000000057,1994.0,5.56,4.04242601574245
2023-04-01,559865.6,64972.4,18550.1,95.1,102.0,5.09,123.76666666666668,106.1,,101.16666666666669,555995.3166666668,,4.5,3910.800000000003,5.47,-34.34378935658182
2023-05-01,561324.9,66262.23333333334,18573.233333333334,98.1,98.33333333333331,5.2,120.8,106.46666666666668,,101.22222222222224,556580.0055555556,,8.099999999999994,5033.466666666674,5.36,30.3750933865377
2023-06-01,562784.2,67552.06666666667,18596.366666666665,100.8,97.0,5.32,118.63333333333333,106.83333333333331,,100.94444444444444,557210.4,,8.899999999999991,6156.133333333339,5.25,-33.1087416930771
2023-07-01,564243.5,68841.9,18619.5,103.5,97.0,5.25,116.56666666666666,107.2,,100.22222222222224,557886.5,,8.400000000000006,7278.799999999996,5.09,-21.99734790458369
2023-08-01,565166.4333333333,69185.0,18512.733333333334,103.4,98.0,5.21,117.46666666666664,109.13333333333334,,99.72222222222224,558696.3277777778,,5.300000000000011,6485.466666666667,5.2,7.116629252994418
2023-09-01,566089.3666666667,69528.09999999999,18405.966666666667,99.8,97.0,5.27,113.46666666666664,111.06666666666666,,98.22222222222224,559639.8833333333,,-1.0,5692.133333333324,5.32,-48.65760085958955
2023-10-01,567012.3,69871.2,18299.2,98.2,96.33333333333331,5.33,112.56666666666666,113.0,,97.27777777777776,560717.1666666666,,-5.299999999999997,4898.799999999996,5.25,-10.928016562846
2023-11-01,569230.6333333334,70016.0,18321.63333333333,97.2,97.0,5.36,107.7,110.1,,97.05555555555556,561924.5472222222,,-6.200000000000003,3753.766666666663,5.21,16.693833798959737
2023-12-01,571448.9666666667,70160.8,18344.066666666666,99.7,99.66666666666669,5.29,118.16666666666669,107.2,,97.5,563262.025,,-0.0999999999999943,2608.733333333337,5.27,-62.31134433299566
2024-01-01,573667.3,70305.6,18366.5,101.6,101.0,5.22,114.5,104.3,,98.16666666666669,564729.6000000001,,3.3999999999999915,1463.7000000000116,5.33,-15.671247457724208
2024-02-01,573230.5666666667,70410.7,18232.066666666666,101.9,99.0,5.03,125.63333333333333,105.56666666666666,,98.33333333333331,566054.9694444445,,4.700000000000003,1225.699999999997,5.36,-14.862496808398006
2024-03-01,572793.8333333334,70515.8,18097.63333333333,100.7,94.33333333333331,4.96,113.43333333333334,106.83333333333331,,97.8888888888889,567238.1333333334,,1.0,987.7000000000116,5.29,-2.129443009459955
2024-04-01,572357.1,70620.9,17963.2,100.7,101.33333333333331,4.88,112.56666666666666,108.1,,98.72222222222224,568279.0916666667,,-0.8999999999999915,749.6999999999971,5.22,-57.22007556671122
2024-05-01,572526.7666666666,70875.13333333333,18106.566666666666,98.4,99.33333333333331,4.9,107.46666666666664,107.4,,99.1111111111111,569212.5805555555,,-3.5,859.1333333333314,5.03,-60.649243775974426
2024-06-01,572696.4333333333,71129.36666666667,18249.93333333333,100.9,99.66666666666669,4.88,127.8,106.7,,99.1111111111111,570038.6,,0.2000000000000028,968.5666666666656,4.96,-12.666906476941852
2024-07-01,572866.1,71383.6,18393.3,103.7,97.66666666666669,4.78,116.53333333333336,106.0,,98.55555555555556,570757.15,,3.0,1078.0,4.88,-19.872071856967104
2024-08-01,573014.6666666666,71655.7,18320.166666666668,100.8,99.0,4.67,117.36666666666667,107.4,,98.55555555555556,571411.1694444445,,2.3999999999999915,1245.0,4.9,-22.313158903906377
2024-09-01,573163.2333333334,71927.8,18247.033333333333,100.0,95.66666666666669,4.77,137.3,108.8,,98.7777777777778,572000.6583333333,,-0.9000000000000057,1412.0,4.88,-20.951655699020385
2024-10-01,573311.8,72199.9,18173.9,101.8,95.66666666666669,4.71,135.03333333333333,110.2,,97.83333333333336,572525.6166666667,,-1.9000000000000057,1579.0,4.78,-49.55308200745818
2024-11-01,572893.7666666667,72502.8,18237.13333333333,100.7,97.66666666666669,4.76,135.13333333333333,109.33333333333331,,97.5555555555556,572830.8777777778,,-0.0999999999999943,1627.6666666666715,4.67,-26.40004832572481
2024-12-01,572475.7333333333,72805.7,18300.366666666665,88.2,96.33333333333331,4.62,134.96666666666667,108.46666666666668,,97.0,572916.4416666668,,-11.799999999999995,1676.3333333333285,4.77,-25.976507010553554
2025-01-01,572057.7,73108.6,18363.6,91.2,93.66666666666669,4.5,105.9,107.6,,96.33333333333336,572782.3083333332,,-10.599999999999994,1725.0,4.71,-54.0694241872204
2025-02-01,573344.5666666667,74291.06666666667,18618.966666666667,95.2,95.33333333333331,4.43,139.4,107.6,,95.72222222222224,572791.8083333332,,-5.5,2635.3666666666686,4.76,13.6063623769694
2025-03-01,574631.4333333333,75473.53333333334,18874.33333333333,93.4,98.0,4.32,147.46666666666667,107.6,,96.11111111111111,572944.9416666667,,5.200000000000003,3545.733333333337,4.62,-24.751154159250156
2025-04-01,575918.3,76656.0,19129.7,93.8,97.33333333333331,4.14,130.93333333333334,107.6,,96.3888888888889,573241.7083333334,,2.5999999999999943,4456.100000000006,4.5,-70.40153514168276
2025-05-01,575918.3,76656.0,19129.7,101.8,96.66666666666669,4.16,124.33333333333331,107.6,,96.22222222222224,573524.3361111112,,6.599999999999994,4153.199999999997,4.43,-22.27347321115459
2025-06-01,575918.3,76656.0,19129.7,108.7,96.66666666666669,4.06,121.33333333333331,107.6,,96.2777777777778,573792.8250000001,,15.299999999999995,3850.300000000003,4.32,-67.01887215178344
2025-07-01,575918.3,76656.0,19129.7,110.8,96.66666666666669,4.04,124.4,107.6,,96.7777777777778,574047.1749999999,,17.0,3547.399999999994,4.14,-21.188982451433805
2025-08-01,575918.3,76656.0,19129.7,111.4,99.66666666666669,4.04,124.4,107.6,,97.5,574289.1444444446,,9.600000000000009,2364.9333333333343,4.16,-12.471594176194422
2025-09-01,575918.3,76656.0,19129.7,111.4,99.66666666666669,4.04,124.4,107.6,,97.7777777777778,574518.7333333334,,2.700000000000003,1182.46666666666,4.06,-66.50789974889159
2025-10-01,575918.3,76656.0,19129.7,111.4,99.66666666666669,4.04,124.4,107.6,,98.16666666666669,574735.9416666667,,0.6000000000000085,0.0,4.04,-20.082926306552952
2025-11-01,575918.3,76656.0,19129.7,111.4,99.66666666666669,4.04,124.4,107.6,,98.66666666666669,574987.9861111111,,0.0,0.0,4.04,-35.98092116357273
2025-12-01,575918.3,76656.0,19129.7,111.4,99.66666666666669,4.04,124.4,107.6,,99.16666666666669,575274.8666666667,,0.0,0.0,4.04,-26.255319128979977
