"계정항목별",1996.01,1996.02,1996.03,1996.04,1996.05,1996.06,1996.07,1996.08,1996.09,1996.10,1996.11,1996.12,1997.01,1997.02,1997.03,1997.04,1997.05,1997.06,1997.07,1997.08,1997.09,1997.10,1997.11,1997.12,1998.01,1998.02,1998.03,1998.04,1998.05,1998.06,1998.07,1998.08,1998.09,1998.10,1998.11,1998.12,1999.01,1999.02,1999.03,1999.04,1999.05,1999.06,1999.07,1999.08,1999.09,1999.10,1999.11,1999.12,2000.01,2000.02,2000.03,2000.04,2000.05,2000.06,2000.07,2000.08,2000.09,2000.10,2000.11,2000.12,2001.01,2001.02,2001.03,2001.04,2001.05,2001.06,2001.07,2001.08,2001.09,2001.10,2001.11,2001.12,2002.01,2002.02,2002.03,2002.04,2002.05,2002.06,2002.07,2002.08,2002.09,2002.10,2002.11,2002.12,2003.01,2003.02,2003.03,2003.04,2003.05,2003.06,2003.07,2003.08,2003.09,2003.10,2003.11,2003.12,2004.01,2004.02,2004.03,2004.04,2004.05,2004.06,2004.07,2004.08,2004.09,2004.10,2004.11,2004.12,2005.01,2005.02,2005.03,2005.04,2005.05,2005.06,2005.07,2005.08,2005.09,2005.10,2005.11,2005.12,2006.01,2006.02,2006.03,2006.04,2006.05,2006.06,2006.07,2006.08,2006.09,2006.10,2006.11,2006.12,2007.01,2007.02,2007.03,2007.04,2007.05,2007.06,2007.07,2007.08,2007.09,2007.10,2007.11,2007.12,2008.01,2008.02,2008.03,2008.04,2008.05,2008.06,2008.07,2008.08,2008.09,2008.10,2008.11,2008.12,2009.01,2009.02,2009.03,2009.04,2009.05,2009.06,2009.07,2009.08,2009.09,2009.10,2009.11,2009.12,2010.01,2010.02,2010.03,2010.04,2010.05,2010.06,2010.07,2010.08,2010.09,2010.10,2010.11,2010.12,2011.01,2011.02,2011.03,2011.04,2011.05,2011.06,2011.07,2011.08,2011.09,2011.10,2011.11,2011.12,2012.01,2012.02,2012.03,2012.04,2012.05,2012.06,2012.07,2012.08,2012.09,2012.10,2012.11,2012.12,2013.01,2013.02,2013.03,2013.04,2013.05,2013.06,2013.07,2013.08,2013.09,2013.10,2013.11,2013.12,2014.01,2014.02,2014.03,2014.04,2014.05,2014.06,2014.07,2014.08,2014.09,2014.10,2014.11,2014.12,2015.01,2015.02,2015.03,2015.04,2015.05,2015.06,2015.07,2015.08,2015.09,2015.10,2015.11,2015.12,2016.01,2016.02,2016.03,2016.04,2016.05,2016.06,2016.07,2016.08,2016.09,2016.10,2016.11,2016.12,2017.01,2017.02,2017.03,2017.04,2017.05,2017.06,2017.07,2017.08,2017.09,2017.10,2017.11,2017.12,2018.01,2018.02,2018.03,2018.04,2018.05,2018.06,2018.07,2018.08,2018.09,2018.10,2018.11,2018.12,2019.01,2019.02,2019.03,2019.04,2019.05,2019.06,2019.07,2019.08,2019.09,2019.10,2019.11,2019.12,2020.01,2020.02,2020.03,2020.04,2020.05,2020.06,2020.07,2020.08,2020.09,2020.10,2020.11,2020.12,2021.01,2021.02,2021.03,2021.04,2021.05,2021.06,2021.07,2021.08,2021.09,2021.10,2021.11,2021.12,2022.01,2022.02,2022.03,2022.04,2022.05,2022.06,2022.07,2022.08,2022.09,2022.10,2022.11,2022.12,2023.01,2023.02,2023.03,2023.04,2023.05,2023.06,2023.07,2023.08,2023.09,2023.10,2023.11,2023.12,2024.01,2024.02,2024.03,2024.04,2024.05,2024.06,2024.07,2024.08,2024.09,2024.10,2024.11,2024.12,2025.01,2025.02,2025.03,2025.04,2025.05,2025.06,2025.07
"대출평균 1) (연%)",11.43,11.47,11.37,11.11,11.24,11.30,11.16,11.07,11.10,11.14,10.99,11.12,11.37,11.34,11.46,11.46,11.39,11.43,11.46,11.64,11.82,11.76,12.22,14.58,17.01,16.86,16.94,17.00,16.87,16.49,15.51,14.93,14.25,13.01,11.97,11.33,11.09,10.75,10.27,9.76,9.33,9.06,8.93,8.86,8.83,8.71,8.58,8.58,8.59,8.64,8.79,8.61,8.62,8.49,8.51,8.41,8.43,8.51,8.53,8.41,8.45,8.34,8.26,8.10,7.99,7.89,7.78,7.51,7.26,7.07,6.92,6.84,6.83,6.71,6.72,6.75,6.73,6.71,6.72,6.65,6.64,6.70,6.65,6.58,6.51,6.39,6.48,6.41,6.28,6.24,6.20,6.03,5.97,6.00,6.13,6.20,6.25,6.09,6.12,6.02,5.97,6.06,5.96,5.81,5.74,5.71,5.60,5.52,5.58,5.53,5.63,5.59,5.50,5.50,5.51,5.49,5.61,5.73,5.71,5.74,5.79,5.76,5.89,5.83,5.89,5.98,6.10,6.16,6.13,6.09,6.04,6.19,6.32,6.34,6.37,6.35,6.48,6.42,6.41,6.56,6.70,6.79,6.80,7.08,7.25,6.90,6.90,6.91,6.96,7.02,7.12,7.31,7.44,7.79,7.53,6.89,5.91,5.57,5.50,5.40,5.42,5.47,5.53,5.61,5.82,5.88,5.87,5.81,5.94,5.84,5.69,5.49,5.40,5.32,5.39,5.51,5.45,5.37,5.34,5.40,5.64,5.66,5.78,5.70,5.76,5.80,5.86,5.84,5.76,5.77,5.83,5.69,5.79,5.71,5.74,5.71,5.66,5.58,5.45,5.22,5.13,4.98,4.94,4.84,5.00,4.91,4.77,4.73,4.62,4.52,4.60,4.55,4.54,4.46,4.50,4.52,4.53,4.45,4.46,4.42,4.40,4.40,4.39,4.18,4.14,4.00,3.88,3.91,3.90,3.86,3.61,3.36,3.56,3.49,3.43,3.44,3.43,3.42,3.44,3.46,3.49,3.47,3.50,3.44,3.45,3.31,3.23,3.23,3.27,3.29,3.36,3.44,3.51,3.45,3.48,3.42,3.45,3.44,3.45,3.43,3.46,3.46,3.55,3.62,3.69,3.68,3.67,3.65,3.68,3.65,3.67,3.63,3.61,3.64,3.66,3.72,3.73,3.70,3.66,3.65,3.62,3.49,3.40,3.19,3.31,3.20,3.18,3.22,3.19,3.08,2.91,2.80,2.82,2.72,2.70,2.63,2.66,2.66,2.71,2.74,2.72,2.74,2.77,2.74,2.72,2.77,2.77,2.87,2.96,3.07,3.23,3.25,3.45,3.51,3.50,3.57,3.68,3.90,4.21,4.52,4.71,5.26,5.64,5.57,5.46,5.32,5.17,5.01,5.12,5.17,5.11,5.10,5.17,5.24,5.26,5.14,5.04,4.85,4.85,4.77,4.78,4.71,4.55,4.48,4.62,4.67,4.76,4.64,4.53,4.46,4.36,4.19,4.17,4.09,4.06
"기업대출 (연리%)",11.14,11.21,11.11,10.91,11.10,11.15,10.85,10.86,10.88,10.89,10.70,10.94,11.25,11.21,11.33,11.34,11.24,11.26,11.31,11.52,11.71,11.62,12.17,14.98,17.44,17.09,17.14,17.19,17.04,16.52,15.51,14.95,14.18,12.81,11.62,10.96,10.64,10.21,9.84,9.28,8.68,8.55,8.41,8.39,8.41,8.26,8.13,8.17,8.22,8.24,8.44,8.20,8.24,8.21,8.15,8.02,8.09,8.13,8.11,8.11,8.23,8.05,8.02,7.85,7.74,7.61,7.55,7.29,7.12,6.93,6.78,6.69,6.69,6.59,6.57,6.58,6.46,6.47,6.48,6.41,6.46,6.44,6.41,6.41,6.35,6.24,6.37,6.31,6.18,6.18,6.14,5.99,5.95,5.99,6.11,6.18,6.23,6.11,6.13,6.01,5.95,6.08,5.97,5.86,5.77,5.73,5.63,5.54,5.64,5.63,5.65,5.66,5.57,5.60,5.58,5.53,5.67,5.75,5.75,5.80,5.85,5.94,5.99,5.92,5.99,6.09,6.16,6.20,6.21,6.18,6.16,6.30,6.39,6.43,6.41,6.37,6.51,6.47,6.46,6.59,6.74,6.82,6.82,7.16,7.26,6.93,6.92,6.91,6.96,7.04,7.12,7.30,7.44,7.80,7.51,6.87,5.94,5.56,5.48,5.43,5.43,5.53,5.53,5.60,5.78,5.84,5.84,5.79,5.92,5.83,5.74,5.51,5.48,5.40,5.45,5.57,5.51,5.41,5.40,5.52,5.71,5.81,5.96,5.80,5.83,5.89,5.98,5.92,5.87,5.86,5.90,5.81,5.83,5.74,5.79,5.76,5.74,5.67,5.53,5.36,5.30,5.08,5.05,5.01,5.04,5.03,4.86,4.82,4.73,4.70,4.69,4.61,4.59,4.56,4.58,4.67,4.62,4.58,4.57,4.51,4.50,4.53,4.54,4.35,4.28,4.14,4.02,4.07,4.02,4.02,3.81,3.67,3.71,3.61,3.54,3.57,3.56,3.57,3.56,3.62,3.57,3.57,3.60,3.55,3.55,3.41,3.37,3.38,3.37,3.38,3.45,3.54,3.55,3.49,3.53,3.42,3.45,3.45,3.44,3.44,3.48,3.45,3.54,3.64,3.68,3.69,3.66,3.64,3.66,3.63,3.64,3.62,3.62,3.65,3.69,3.77,3.81,3.78,3.71,3.71,3.67,3.58,3.52,3.32,3.42,3.28,3.29,3.36,3.32,3.19,2.94,2.77,2.83,2.75,2.74,2.68,2.70,2.68,2.72,2.73,2.69,2.69,2.74,2.68,2.67,2.72,2.69,2.78,2.88,2.94,3.12,3.14,3.30,3.37,3.39,3.45,3.60,3.84,4.12,4.46,4.66,5.27,5.67,5.56,5.47,5.36,5.25,5.09,5.20,5.32,5.25,5.21,5.27,5.33,5.36,5.29,5.22,5.03,4.96,4.88,4.90,4.88,4.78,4.67,4.77,4.71,4.76,4.62,4.50,4.43,4.32,4.14,4.16,4.06,4.04
"대기업대출 (연리%)",11.69,11.55,11.40,10.55,11.69,12.01,11.11,11.58,11.47,11.68,11.50,10.86,11.45,11.31,11.80,11.75,11.35,11.30,11.42,11.84,12.25,11.38,13.32,17.10,20.03,18.74,19.10,18.67,18.54,17.42,15.77,14.78,14.42,12.83,12.05,11.20,11.30,11.02,10.32,9.79,9.09,9.00,9.03,9.00,9.14,9.02,8.65,8.52,8.96,8.58,9.15,8.62,8.83,8.97,8.82,8.55,8.49,8.64,8.69,8.66,8.86,8.55,8.38,8.18,8.11,7.83,7.87,7.39,7.09,6.87,6.74,6.42,6.61,6.36,6.15,6.28,5.86,6.06,6.20,6.06,6.33,6.06,6.02,5.99,5.96,5.93,6.19,6.04,5.93,6.12,6.10,5.81,5.74,5.87,6.00,6.07,6.14,5.99,6.29,5.70,5.60,6.07,5.72,5.55,5.47,5.55,5.22,5.28,5.41,5.19,5.19,5.40,5.01,4.99,5.17,4.95,5.27,5.36,5.24,5.24,5.38,5.41,5.41,5.38,5.32,5.56,5.60,5.59,5.62,5.92,5.60,5.88,5.85,5.86,5.84,5.85,6.11,5.87,5.92,6.01,6.29,6.32,6.38,6.77,6.81,6.42,6.43,6.43,6.39,6.53,6.66,6.86,7.09,7.69,7.37,6.75,6.08,5.71,5.58,5.59,5.53,5.43,5.54,5.52,5.55,5.67,5.67,5.45,5.64,5.52,5.42,5.27,5.24,4.96,5.13,5.34,5.25,5.03,5.05,5.15,5.43,5.50,5.68,5.36,5.35,5.51,5.67,5.55,5.46,5.50,5.59,5.42,5.46,5.36,5.47,5.45,5.45,5.39,5.26,5.10,4.93,4.76,4.81,4.71,4.78,4.80,4.57,4.57,4.48,4.48,4.38,4.27,4.25,4.21,4.29,4.43,4.31,4.31,4.28,4.23,4.19,4.27,4.28,4.03,3.96,3.88,3.72,3.77,3.76,3.72,3.47,3.39,3.42,3.33,3.29,3.27,3.29,3.35,3.25,3.29,3.22,3.23,3.28,3.27,3.27,3.06,3.08,3.03,3.01,3.02,3.05,3.16,3.20,3.09,3.23,3.05,3.11,3.08,3.10,3.09,3.10,3.11,3.13,3.28,3.33,3.31,3.30,3.31,3.31,3.30,3.27,3.25,3.21,3.42,3.42,3.50,3.58,3.56,3.50,3.53,3.47,3.38,3.31,3.11,3.30,3.13,3.05,3.17,3.12,2.96,2.72,2.65,2.75,2.54,2.55,2.48,2.43,2.49,2.49,2.51,2.41,2.46,2.52,2.44,2.42,2.53,2.45,2.56,2.64,2.67,2.90,2.86,3.03,3.12,3.12,3.17,3.35,3.59,3.84,4.23,4.38,5.08,5.41,5.32,5.30,5.24,5.19,5.01,5.17,5.25,5.17,5.17,5.18,5.30,5.29,5.28,5.16,5.11,5.01,4.97,4.99,5.00,4.89,4.78,4.81,4.79,4.74,4.60,4.48,4.41,4.32,4.04,4.15,4.00,3.99
"중소기업대출 (연리%)",11.05,11.13,11.05,10.99,10.94,10.94,10.78,10.70,10.77,10.72,10.54,10.97,11.19,11.19,11.22,11.24,11.21,11.25,11.28,11.44,11.61,11.69,11.91,14.34,16.36,16.54,16.53,16.67,16.61,16.22,15.43,15.00,14.12,12.81,11.55,10.89,10.52,10.07,9.70,9.13,8.56,8.39,8.24,8.18,8.12,8.06,7.95,8.03,7.99,8.14,8.16,8.03,8.01,7.91,7.87,7.82,7.91,7.89,7.84,7.82,7.84,7.73,7.86,7.72,7.61,7.53,7.43,7.25,7.13,6.96,6.79,6.74,6.67,6.63,6.67,6.64,6.60,6.55,6.54,6.49,6.49,6.51,6.49,6.49,6.44,6.30,6.42,6.38,6.24,6.20,6.15,6.04,6.00,6.02,6.14,6.21,6.26,6.14,6.09,6.07,6.03,6.08,6.02,5.94,5.85,5.78,5.72,5.62,5.70,5.73,5.79,5.73,5.68,5.72,5.69,5.68,5.77,5.84,5.85,5.92,5.96,6.07,6.11,6.04,6.12,6.21,6.27,6.33,6.34,6.24,6.25,6.40,6.49,6.53,6.53,6.49,6.60,6.63,6.61,6.74,6.86,6.93,6.95,7.27,7.41,7.09,7.10,7.09,7.14,7.21,7.30,7.50,7.60,7.86,7.56,6.91,5.88,5.51,5.45,5.38,5.40,5.56,5.52,5.63,5.85,5.89,5.88,5.89,6.03,5.97,5.85,5.60,5.56,5.54,5.58,5.66,5.61,5.57,5.54,5.66,5.81,5.92,6.05,5.97,6.03,6.04,6.09,6.07,6.04,6.01,6.01,5.99,6.01,5.94,5.93,5.90,5.87,5.81,5.70,5.50,5.49,5.29,5.21,5.22,5.21,5.16,5.02,4.98,4.87,4.83,4.90,4.84,4.85,4.80,4.79,4.84,4.88,4.79,4.76,4.73,4.72,4.72,4.71,4.58,4.50,4.32,4.21,4.26,4.23,4.21,4.02,3.85,3.86,3.77,3.69,3.74,3.73,3.72,3.77,3.83,3.84,3.83,3.79,3.73,3.71,3.64,3.53,3.56,3.60,3.61,3.68,3.77,3.79,3.75,3.72,3.68,3.66,3.68,3.64,3.64,3.69,3.67,3.78,3.86,3.92,3.92,3.86,3.85,3.88,3.85,3.86,3.83,3.88,3.84,3.87,3.98,4.00,3.93,3.84,3.83,3.79,3.71,3.66,3.45,3.50,3.39,3.45,3.50,3.48,3.35,3.13,2.86,2.88,2.90,2.87,2.80,2.86,2.81,2.86,2.89,2.90,2.85,2.88,2.82,2.83,2.85,2.85,2.93,3.05,3.14,3.30,3.37,3.52,3.59,3.57,3.67,3.79,4.06,4.36,4.65,4.87,5.49,5.93,5.76,5.67,5.45,5.28,5.14,5.23,5.37,5.32,5.24,5.34,5.35,5.42,5.31,5.28,4.98,4.93,4.81,4.85,4.79,4.69,4.59,4.74,4.64,4.77,4.65,4.53,4.45,4.31,4.24,4.17,4.11,4.08
"운전자금대출 (연리%)",11.08,11.21,11.10,10.92,11.12,11.18,10.87,10.88,10.90,10.91,10.72,10.98,11.27,11.20,11.35,11.36,11.27,11.29,11.35,11.55,11.76,11.65,12.21,15.03,17.44,17.10,17.09,17.19,17.10,16.60,15.58,15.04,14.23,12.85,11.65,10.99,11.63,10.20,9.85,9.27,8.66,8.53,8.39,8.37,8.38,8.23,8.11,8.11,8.18,8.21,8.37,8.18,8.20,8.18,8.13,7.99,8.07,8.11,8.09,8.08,8.22,8.02,7.99,7.84,7.72,7.59,7.53,7.26,7.10,6.91,6.76,6.62,6.63,6.51,6.51,6.52,6.41,6.41,6.44,6.37,6.41,6.39,6.35,6.33,6.27,6.22,6.32,6.28,6.15,6.15,6.09,5.96,5.92,5.97,6.09,6.13,6.20,6.09,6.11,5.98,5.93,6.02,5.94,5.84,5.75,5.70,5.61,5.50,5.62,5.61,5.64,5.65,5.55,5.58,5.56,5.52,5.65,5.73,5.73,5.78,5.83,5.91,5.97,5.90,5.97,6.07,6.14,6.18,6.19,6.16,6.14,6.28,6.37,6.40,6.40,6.36,6.47,6.46,6.45,6.59,6.74,6.81,6.83,7.14,7.24,6.91,6.91,6.90,6.94,7.03,7.10,7.29,7.42,7.79,7.51,6.86,5.92,5.54,5.44,5.40,5.38,5.50,5.48,5.56,5.74,5.81,5.80,5.72,5.88,5.78,5.72,5.49,5.47,5.37,5.43,5.55,5.49,5.40,5.41,5.51,5.70,5.80,5.97,5.81,5.85,5.90,5.99,5.94,5.88,5.88,5.93,5.83,5.85,5.82,5.82,5.77,5.76,5.69,5.58,5.38,5.32,5.14,5.09,5.03,5.10,5.06,4.91,4.88,4.77,4.74,4.73,4.63,4.62,4.58,4.61,4.70,4.64,4.61,4.60,4.54,4.52,4.56,4.59,4.39,4.32,4.12,4.06,4.11,4.06,4.07,3.87,3.75,3.77,3.69,3.61,3.64,3.62,3.59,3.60,3.64,3.59,3.59,3.65,3.62,3.60,3.45,3.41,3.41,3.41,3.40,3.47,3.54,3.55,3.48,3.54,3.45,3.46,3.48,3.46,3.46,3.50,3.43,3.54,3.65,3.67,3.68,3.67,3.65,3.68,3.65,3.67,3.64,3.63,3.67,3.71,3.80,3.83,3.83,3.77,3.76,3.73,3.66,3.59,3.40,3.51,3.34,3.35,3.42,3.35,3.24,2.96,2.78,2.83,2.76,2.78,2.71,2.73,2.70,2.75,2.74,2.70,2.72,2.79,2.71,2.71,2.76,2.75,2.82,2.91,2.93,3.11,3.12,3.30,3.35,3.37,3.43,3.59,3.82,4.10,4.44,4.60,5.23,5.62,5.52,5.46,5.40,5.31,5.18,5.29,5.34,5.32,5.30,5.36,5.40,5.44,5.34,5.31,5.16,5.11,5.03,5.07,5.07,4.99,4.90,4.99,4.85,4.90,4.71,4.61,4.56,4.41,4.30,4.25,4.14,4.14
"시설자금대출 (연리%)",11.35,11.24,11.26,10.01,9.85,10.14,9.99,10.07,10.12,9.88,9.71,9.78,10.04,9.92,10.49,9.89,10.17,9.59,9.45,9.26,9.37,9.70,9.71,13.48,17.54,16.67,17.44,17.40,15.55,14.77,13.88,13.08,12.84,11.55,10.72,10.37,11.36,11.13,10.38,10.03,9.83,9.35,9.13,9.17,9.29,8.91,8.97,9.62,9.94,9.71,10.12,9.30,9.68,9.19,9.32,8.88,9.15,8.94,8.83,9.06,8.98,8.89,9.13,8.40,8.39,8.38,8.25,8.00,7.99,7.63,7.51,7.39,7.27,7.57,7.13,7.23,7.17,7.24,7.02,6.87,6.94,6.93,7.16,7.40,7.16,6.87,7.31,6.91,6.81,6.86,7.06,6.74,6.57,6.54,6.84,6.97,6.92,6.66,6.79,6.68,6.58,6.97,6.63,6.59,6.20,6.60,6.06,6.52,6.19,6.22,5.96,5.98,5.86,5.98,6.18,5.86,6.04,6.18,6.18,6.18,6.30,6.46,6.25,6.20,6.26,6.37,6.52,6.52,6.48,6.50,6.47,6.52,6.69,6.74,6.49,6.55,6.93,6.59,6.58,6.62,6.72,6.91,6.79,7.33,7.56,7.17,7.04,7.03,7.16,7.15,7.40,7.48,7.73,7.96,7.54,7.08,6.43,5.88,5.86,5.89,6.06,5.85,6.13,6.07,6.20,6.24,6.30,6.39,6.41,6.45,6.05,5.89,5.71,5.76,5.76,5.81,5.70,5.50,5.34,5.68,5.76,5.86,5.85,5.68,5.62,5.78,5.83,5.74,5.76,5.69,5.65,5.64,5.56,5.22,5.53,5.61,5.54,5.50,5.12,5.16,5.06,4.69,4.78,4.87,4.63,4.78,4.55,4.39,4.42,4.48,4.44,4.47,4.38,4.37,4.36,4.46,4.41,4.37,4.38,4.33,4.33,4.32,4.23,4.14,4.02,4.21,3.80,3.84,3.76,3.75,3.53,3.34,3.44,3.34,3.25,3.31,3.32,3.47,3.38,3.53,3.41,3.43,3.37,3.22,3.31,3.22,3.18,3.22,3.18,3.31,3.36,3.51,3.56,3.50,3.47,3.31,3.37,3.36,3.39,3.39,3.42,3.54,3.55,3.63,3.76,3.74,3.61,3.60,3.58,3.54,3.53,3.56,3.56,3.59,3.58,3.60,3.66,3.51,3.51,3.49,3.40,3.30,3.24,3.07,3.12,3.09,3.11,3.14,3.20,3.02,2.87,2.72,2.81,2.72,2.63,2.59,2.61,2.64,2.61,2.69,2.66,2.59,2.61,2.58,2.52,2.60,2.56,2.65,2.79,2.96,3.15,3.22,3.28,3.46,3.45,3.49,3.62,3.92,4.17,4.54,4.88,5.47,5.92,5.76,5.55,5.23,5.07,4.86,4.95,5.22,5.02,4.94,4.97,5.05,5.11,5.12,4.88,4.65,4.56,4.48,4.40,4.41,4.23,4.18,4.18,4.23,4.27,4.25,4.04,4.06,4.02,3.69,3.77,3.76,3.74
"상업어음할인 (연리%)",10.80,10.81,10.78,10.71,10.52,10.51,10.55,10.58,10.62,10.61,10.42,10.92,11.17,11.16,11.20,11.26,11.28,11.26,11.31,11.55,11.78,11.94,12.28,15.53,18.22,17.53,17.53,17.54,17.30,16.76,15.78,15.25,14.16,12.76,10.96,10.09,9.89,9.29,8.88,8.29,7.84,7.42,7.48,7.47,7.47,7.48,7.32,7.36,7.43,7.43,7.37,7.45,7.36,7.37,7.40,7.37,7.39,7.43,7.39,7.48,7.44,7.36,7.31,7.22,7.15,7.05,7.15,7.04,6.77,6.68,6.58,6.35,6.58,6.54,6.29,6.50,6.48,6.33,6.54,6.44,6.40,6.48,6.44,6.33,6.51,6.37,6.38,6.46,6.38,6.28,6.37,6.26,6.20,6.26,6.31,6.25,6.41,6.36,6.24,6.30,6.33,6.29,6.36,6.24,6.25,6.19,6.08,5.93,6.26,6.29,6.16,6.19,6.15,6.08,6.24,6.13,6.14,6.29,6.29,6.11,6.51,6.47,6.47,6.40,6.53,6.49,6.71,6.78,6.76,6.74,6.75,6.61,7.04,7.03,6.89,6.98,6.96,6.86,7.07,7.17,7.17,7.29,7.40,7.45,7.85,7.53,7.26,7.51,7.50,7.43,7.63,7.93,7.99,8.31,8.14,7.23,6.53,5.97,5.49,5.53,5.47,5.60,5.99,6.05,6.23,6.45,6.49,6.33,6.62,6.68,6.39,6.21,6.18,6.09,6.33,6.35,6.21,6.27,6.21,6.09,6.46,6.60,6.60,6.65,6.67,6.64,6.71,6.70,6.61,6.61,6.63,6.45,6.65,6.58,6.49,6.54,6.52,6.40,6.30,6.15,6.06,5.93,5.93,5.71,5.94,5.85,5.73,5.74,5.72,5.58,5.55,5.60,5.61,5.59,5.55,5.41,5.68,5.60,5.51,5.53,5.54,5.46,5.53,5.34,5.21,5.13,5.07,4.86,5.14,5.10,4.85,4.75,4.80,4.68,4.59,4.61,4.59,4.58,4.63,4.51,4.71,4.63,4.59,4.53,4.51,4.39,4.32,4.28,4.31,4.40,4.53,4.37,4.54,4.45,4.44,4.44,4.38,4.42,4.42,4.41,4.45,4.46,4.59,4.52,4.79,4.72,4.71,4.69,4.72,4.69,4.72,4.70,4.69,4.74,4.79,4.70,4.93,4.89,4.85,4.84,4.83,4.72,4.65,4.50,4.56,4.49,4.47,4.31,4.48,4.37,4.19,4.00,3.93,3.71,3.73,3.68,3.76,3.72,3.75,3.64,3.83,3.80,3.79,3.69,3.67,3.61,3.70,3.79,3.95,3.91,4.15,4.14,4.42,4.45,4.42,4.49,4.72,4.97,5.30,5.60,5.82,6.23,6.59,6.43,6.46,6.34,6.34,6.15,6.17,6.20,6.18,6.12,6.15,6.17,6.20,6.05,6.08,6.06,6.02,5.93,5.98,5.94,5.87,5.87,5.85,5.79,5.76,5.49,5.49,5.40,5.21,5.10,5.07,4.93,4.93
"기업일반자금대출 (연리%)",12.06,12.03,11.96,11.40,11.46,11.62,11.45,11.48,11.44,11.83,11.79,11.40,11.69,11.58,11.81,11.84,11.84,11.75,11.63,11.87,12.08,11.50,12.75,15.19,17.73,16.70,17.17,17.19,17.20,16.68,15.43,14.89,14.26,12.94,12.33,11.39,11.53,11.29,10.59,10.09,9.29,9.43,9.11,9.12,9.10,9.18,8.98,8.86,9.08,9.05,9.16,8.86,9.01,8.95,9.01,8.74,8.76,8.82,8.74,8.78,8.94,8.52,8.50,8.35,8.24,8.11,7.97,7.59,7.45,7.06,6.97,7.04,7.03,6.90,6.89,6.93,6.82,6.85,6.86,6.78,6.88,6.79,6.80,6.73,6.74,6.67,6.69,6.61,6.46,6.51,6.45,6.28,6.26,6.28,6.46,6.60,6.73,6.49,6.56,6.30,6.25,6.45,6.28,6.19,6.02,5.98,5.84,5.83,5.99,5.85,5.90,5.94,5.74,5.83,5.79,5.76,5.93,5.98,6.01,6.06,6.10,6.13,6.17,6.26,6.23,6.36,6.41,6.43,6.40,6.45,6.39,6.49,6.55,6.61,6.56,6.56,6.71,6.66,6.61,6.70,6.83,6.97,6.91,7.35,7.53,7.13,7.07,7.07,7.14,7.19,7.29,7.51,7.63,8.09,7.78,7.10,6.11,5.69,5.69,5.57,5.54,5.64,5.67,5.70,5.86,5.92,5.94,5.82,6.02,5.84,5.80,5.58,5.58,5.44,5.50,5.65,5.58,5.43,5.31,5.55,5.74,5.83,5.99,5.78,5.77,5.87,5.97,5.79,5.83,5.80,5.82,5.73,5.75,5.63,5.73,5.61,5.63,5.57,5.44,5.24,5.17,4.95,4.90,4.86,4.93,4.95,4.80,4.71,4.61,4.62,4.59,4.48,4.52,4.44,4.47,4.58,4.50,4.46,4.48,4.40,4.37,4.43,4.41,4.31,4.18,4.06,3.90,3.98,3.90,3.92,3.73,3.59,3.63,3.54,3.46,3.49,3.49,3.50,3.50,3.58,3.51,3.53,3.56,3.50,3.49,3.36,3.31,3.31,3.32,3.34,3.38,3.50,3.52,3.43,3.52,3.37,3.40,3.43,3.41,3.41,3.46,3.45,3.51,3.63,3.68,3.69,3.65,3.62,3.64,3.62,3.63,3.61,3.59,3.67,3.68,3.69,3.79,3.74,3.68,3.67,3.63,3.50,3.46,3.24,3.38,3.25,3.24,3.33,3.29,3.11,2.94,2.77,2.84,2.81,2.71,2.67,2.68,2.70,2.68,2.73,2.66,2.66,2.72,2.66,2.66,2.71,2.68,2.77,2.88,2.97,3.17,3.19,3.30,3.37,3.40,3.44,3.60,3.86,4.12,4.45,4.65,5.33,5.70,5.62,5.48,5.33,5.19,5.02,5.15,5.25,5.21,5.16,5.20,5.31,5.32,5.30,5.17,4.96,4.91,4.81,4.80,4.80,4.69,4.57,4.67,4.67,4.71,4.60,4.47,4.40,4.28,4.11,4.13,4.04,4.03
"가계대출 (연리%)",12.52,12.50,12.46,12.13,12.09,12.17,12.31,12.17,12.22,12.26,12.18,12.05,12.04,12.07,12.03,12.07,12.13,12.21,12.21,12.30,12.42,12.45,12.50,13.22,15.31,15.87,16.24,16.33,16.50,16.45,15.74,14.93,14.72,14.01,13.48,12.93,12.43,11.86,11.68,11.49,11.00,10.46,10.31,10.22,10.21,10.28,10.18,10.08,10.14,10.04,10.05,9.96,9.96,9.87,9.92,9.77,9.76,9.84,9.71,9.48,9.21,9.13,8.84,8.70,8.54,8.57,8.39,8.00,7.55,7.35,7.17,6.93,6.85,6.65,6.69,6.86,6.99,6.98,6.98,6.89,6.82,7.05,7.13,7.12,7.06,6.90,6.96,6.84,6.64,6.47,6.41,6.15,6.04,6.01,6.21,6.31,6.34,6.08,6.11,6.07,6.02,6.00,5.92,5.69,5.66,5.62,5.57,5.48,5.51,5.52,5.60,5.43,5.34,5.28,5.34,5.38,5.50,5.70,5.64,5.63,5.69,5.71,5.68,5.62,5.64,5.72,5.95,6.03,5.90,5.84,5.82,5.97,6.20,6.25,6.32,6.30,6.39,6.33,6.38,6.51,6.66,6.71,6.75,6.99,7.21,6.95,6.89,6.99,6.95,6.93,7.12,7.35,7.45,7.77,7.62,7.01,5.84,5.73,5.62,5.50,5.48,5.47,5.58,5.63,5.96,6.05,6.00,5.95,6.02,5.92,5.80,5.46,5.16,5.15,5.13,5.26,5.22,5.21,5.15,5.08,5.30,5.26,5.41,5.42,5.49,5.47,5.46,5.58,5.66,5.56,5.60,5.37,5.80,5.67,5.62,5.54,5.51,5.38,5.20,4.90,4.86,4.84,4.74,4.54,4.84,4.61,4.55,4.42,4.30,4.11,4.31,4.33,4.26,4.21,4.19,4.10,4.15,4.05,4.09,4.04,4.02,3.94,3.93,3.76,3.76,3.64,3.55,3.55,3.59,3.48,3.21,2.96,3.27,3.22,3.17,3.13,3.11,3.06,3.16,3.23,3.28,3.21,3.24,3.17,3.16,3.06,2.96,2.95,3.03,3.08,3.20,3.29,3.39,3.38,3.43,3.41,3.47,3.41,3.46,3.39,3.41,3.51,3.59,3.61,3.71,3.65,3.69,3.69,3.75,3.72,3.73,3.66,3.62,3.64,3.63,3.61,3.58,3.50,3.53,3.48,3.49,3.25,3.12,2.92,3.02,3.01,2.96,2.98,2.95,2.90,2.88,2.89,2.81,2.67,2.62,2.55,2.59,2.64,2.72,2.79,2.83,2.81,2.88,2.91,2.89,2.92,2.98,3.10,3.18,3.46,3.61,3.66,3.91,3.93,3.98,4.05,4.14,4.23,4.53,4.76,5.15,5.34,5.57,5.64,5.47,5.22,4.96,4.82,4.83,4.81,4.80,4.83,4.90,5.04,5.04,4.82,4.68,4.49,4.50,4.48,4.49,4.26,4.06,4.08,4.23,4.55,4.79,4.72,4.65,4.52,4.51,4.36,4.26,4.21,4.20
"소액대출 (500만원 이하) (연리%)",-,-,-,-,-,-,-,-,-,-,-,-,-,-,-,-,-,-,-,-,-,-,-,-,-,-,-,-,-,-,-,-,-,-,-,-,-,-,-,-,-,-,-,-,-,-,-,-,-,-,-,-,-,-,-,-,-,-,-,-,-,-,-,-,-,-,-,-,10.60,10.25,9.86,9.90,9.81,8.66,9.26,9.66,9.79,9.70,9.79,8.66,9.48,10.24,10.24,9.85,9.73,6.92,7.43,7.86,8.31,8.68,8.78,7.00,7.72,8.03,8.00,7.92,7.16,4.84,5.95,6.87,6.59,6.76,6.61,4.69,6.09,6.50,6.51,6.46,6.15,4.21,5.84,6.25,6.22,6.25,6.13,5.70,6.08,6.50,6.29,6.25,6.25,6.17,6.27,6.28,6.28,6.52,6.39,5.92,6.03,6.38,6.39,6.32,6.36,6.28,6.31,6.46,6.61,6.61,6.49,6.52,6.66,6.78,6.75,6.96,7.09,7.32,7.04,6.98,6.90,7.18,7.41,7.56,7.40,7.69,7.55,7.19,6.85,7.17,6.62,6.80,6.71,6.80,7.06,6.16,6.86,7.19,7.12,6.91,6.88,5.95,6.63,6.66,6.32,6.64,6.73,5.86,6.56,6.79,6.97,6.65,6.33,5.74,6.66,6.85,7.06,7.02,6.83,6.21,6.41,7.02,7.18,6.73,6.39,6.17,6.52,6.89,7.05,6.99,6.81,6.23,6.58,6.63,6.61,6.27,6.01,5.69,6.23,6.33,6.25,6.10,6.01,5.53,5.70,5.87,5.90,5.79,5.43,5.49,5.51,5.46,5.39,5.29,5.22,5.08,4.95,4.88,4.66,4.70,4.53,4.58,4.57,4.43,4.44,4.60,4.44,4.30,4.34,4.34,4.38,4.26,4.17,4.41,4.50,4.42,4.39,4.33,4.43,4.26,4.27,4.13,4.19,4.19,4.03,4.21,4.32,4.66,4.45,4.41,4.48,4.53,4.60,4.63,4.56,4.66,4.57,4.61,4.71,4.74,4.68,4.68,4.64,4.48,4.64,4.42,4.56,4.63,4.44,4.56,4.63,4.65,4.65,4.55,4.37,4.13,4.36,4.59,4.56,4.58,4.49,4.49,4.33,4.36,4.26,4.12,4.23,3.88,3.98,4.30,4.34,4.25,4.06,4.11,4.13,4.21,4.37,4.58,4.64,4.97,4.98,5.04,5.08,5.09,4.90,5.26,5.02,5.07,5.61,5.76,5.99,6.24,6.70,7.37,7.55,7.37,7.15,6.94,6.99,7.10,6.61,6.44,6.48,6.74,7.14,7.73,7.56,6.95,7.07,7.02,7.25,7.06,6.95,6.89,6.82,6.40,6.43,6.83,6.70,6.65,6.56,6.63,6.80,6.64,6.82,6.70,6.46
"주택담보대출 (연리%)",-,-,-,-,-,-,-,-,-,-,-,-,-,-,-,-,-,-,-,-,-,-,-,-,-,-,-,-,-,-,-,-,-,-,-,-,-,-,-,-,-,-,-,-,-,-,-,-,-,-,-,-,-,-,-,-,-,-,-,-,-,-,-,-,-,-,-,-,6.26,6.79,6.03,6.15,6.00,6.49,6.54,6.69,6.79,6.85,6.86,6.73,6.70,6.78,6.79,6.79,6.69,6.56,6.60,6.49,6.30,6.15,6.07,5.81,5.74,5.75,6.04,6.28,6.29,6.15,5.98,6.03,6.01,5.99,5.93,5.80,5.63,5.57,5.47,5.41,5.45,5.53,5.48,5.32,5.15,5.13,5.18,5.26,5.36,5.61,5.59,5.60,5.64,5.58,5.46,5.42,5.41,5.48,5.79,5.86,5.77,5.69,5.69,5.88,6.11,6.18,6.20,6.13,6.17,6.13,6.24,6.38,6.52,6.55,6.59,6.85,7.08,6.72,6.70,6.80,6.79,6.77,6.92,7.16,7.25,7.58,7.42,6.81,5.63,5.38,5.43,5.30,5.25,5.25,5.29,5.45,5.77,5.90,5.87,5.90,5.88,5.75,5.47,5.07,4.78,4.62,4.70,4.81,4.80,4.74,4.65,4.67,4.80,4.86,4.89,4.88,4.90,4.87,4.90,4.97,5.00,5.01,5.01,4.95,5.06,5.02,5.00,4.94,4.85,4.76,4.64,4.41,4.29,4.23,4.19,4.16,4.17,4.06,3.97,3.86,3.77,3.73,3.77,3.80,3.82,3.81,3.77,3.74,3.75,3.71,3.69,3.69,3.63,3.58,3.53,3.50,3.50,3.38,3.30,3.33,3.34,3.24,2.97,2.81,3.06,3.01,2.96,2.94,2.92,2.90,3.04,3.12,3.10,2.99,2.97,2.93,2.89,2.77,2.66,2.70,2.80,2.89,3.04,3.13,3.16,3.19,3.21,3.21,3.26,3.22,3.28,3.28,3.24,3.33,3.39,3.42,3.47,3.46,3.45,3.47,3.49,3.46,3.44,3.36,3.29,3.31,3.28,3.19,3.12,3.08,3.04,2.98,2.93,2.74,2.64,2.47,2.51,2.50,2.45,2.45,2.51,2.52,2.48,2.58,2.52,2.49,2.45,2.39,2.44,2.47,2.56,2.59,2.63,2.66,2.73,2.73,2.69,2.74,2.81,2.88,3.01,3.26,3.51,3.63,3.85,3.88,3.84,3.90,3.90,4.04,4.16,4.35,4.79,4.82,4.74,4.63,4.58,4.56,4.40,4.24,4.21,4.26,4.28,4.31,4.35,4.56,4.48,4.16,3.99,3.96,3.94,3.93,3.91,3.71,3.50,3.51,3.74,4.05,4.30,4.25,4.27,4.23,4.17,3.98,3.87,3.93,3.96
"고정형 주택담보대출 3) (연리%)",-,-,-,-,-,-,-,-,-,-,-,-,-,-,-,-,-,-,-,-,-,-,-,-,-,-,-,-,-,-,-,-,-,-,-,-,-,-,-,-,-,-,-,-,-,-,-,-,-,-,-,-,-,-,-,-,-,-,-,-,-,-,-,-,-,-,-,-,-,-,-,-,-,-,-,-,-,-,-,-,-,-,-,-,-,-,-,-,-,-,-,-,-,-,-,-,-,-,-,-,-,-,-,-,-,-,-,-,-,-,-,-,-,-,-,-,-,-,-,-,-,-,-,-,-,-,-,-,-,-,-,-,-,-,-,-,-,-,-,-,-,-,-,-,-,-,-,-,-,-,-,-,-,-,-,-,-,-,-,-,-,-,-,-,-,-,-,-,-,-,-,-,-,-,-,-,-,-,-,-,-,-,-,-,-,-,-,-,-,-,-,-,-,-,-,-,-,-,-,-,-,-,-,-,4.14,4.05,3.97,3.86,3.80,3.75,3.82,3.97,4.04,4.11,4.14,4.13,3.81,3.63,3.63,3.66,3.59,3.52,3.45,3.46,3.53,3.39,3.31,3.35,3.35,3.23,2.91,2.78,3.12,3.11,3.10,3.06,2.97,2.91,3.08,3.14,3.11,2.98,2.95,2.91,2.88,2.76,2.66,2.69,2.79,2.86,3.06,3.17,3.19,3.20,3.23,3.26,3.32,3.27,3.31,3.32,3.29,3.41,3.46,3.46,3.54,3.57,3.58,3.57,3.62,3.57,3.50,3.39,3.30,3.30,3.25,3.16,3.08,3.05,3.01,2.93,2.87,2.69,2.60,2.43,2.45,2.42,2.35,2.35,2.42,2.47,2.43,2.55,2.52,2.52,2.50,2.43,2.46,2.46,2.52,2.51,2.57,2.62,2.71,2.71,2.74,2.83,2.92,2.98,3.11,3.38,3.55,3.58,3.83,3.88,3.84,3.98,4.02,4.17,4.22,4.36,4.86,4.82,4.63,4.50,4.48,4.50,4.35,4.21,4.18,4.23,4.25,4.28,4.33,4.55,4.43,4.09,3.94,3.93,3.90,3.91,3.89,3.69,3.48,3.49,3.72,4.04,4.31,4.23,4.26,4.22,4.15,3.96,3.86,3.92,3.95
"변동형 주택담보대출 3) (연리%)",-,-,-,-,-,-,-,-,-,-,-,-,-,-,-,-,-,-,-,-,-,-,-,-,-,-,-,-,-,-,-,-,-,-,-,-,-,-,-,-,-,-,-,-,-,-,-,-,-,-,-,-,-,-,-,-,-,-,-,-,-,-,-,-,-,-,-,-,-,-,-,-,-,-,-,-,-,-,-,-,-,-,-,-,-,-,-,-,-,-,-,-,-,-,-,-,-,-,-,-,-,-,-,-,-,-,-,-,-,-,-,-,-,-,-,-,-,-,-,-,-,-,-,-,-,-,-,-,-,-,-,-,-,-,-,-,-,-,-,-,-,-,-,-,-,-,-,-,-,-,-,-,-,-,-,-,-,-,-,-,-,-,-,-,-,-,-,-,-,-,-,-,-,-,-,-,-,-,-,-,-,-,-,-,-,-,-,-,-,-,-,-,-,-,-,-,-,-,-,-,-,-,-,-,4.19,4.07,3.98,3.87,3.74,3.71,3.73,3.73,3.77,3.75,3.72,3.70,3.74,3.74,3.74,3.74,3.71,3.69,3.66,3.57,3.46,3.36,3.29,3.30,3.34,3.26,3.12,3.00,2.99,2.93,2.86,2.83,2.85,2.89,2.97,3.07,3.09,3.02,3.05,3.02,2.94,2.83,2.67,2.70,2.85,2.97,3.01,3.08,3.12,3.17,3.16,3.11,3.17,3.15,3.23,3.23,3.18,3.23,3.32,3.37,3.38,3.35,3.33,3.38,3.38,3.35,3.35,3.30,3.28,3.32,3.35,3.27,3.24,3.18,3.13,3.10,3.11,2.90,2.74,2.55,2.64,2.77,2.99,2.94,2.90,2.74,2.66,2.66,2.53,2.43,2.37,2.32,2.42,2.49,2.62,2.71,2.70,2.71,2.77,2.75,2.66,2.68,2.73,2.78,2.87,3.05,3.41,3.76,3.92,3.85,3.82,3.77,3.77,3.87,4.05,4.29,4.57,4.81,5.16,5.37,5.37,4.95,4.76,4.56,4.52,4.45,4.57,4.63,4.61,4.66,4.70,4.70,4.59,4.26,4.31,4.29,4.26,4.20,4.12,4.04,4.08,4.14,4.25,4.32,4.34,4.25,4.25,4.12,3.97,3.99,4.05
"예·적금담보대출 (연리%)",-,-,-,-,-,-,-,-,-,-,-,-,-,-,-,-,-,-,-,-,-,-,-,-,-,-,-,-,-,-,-,-,-,-,-,-,-,-,-,-,-,-,-,-,-,-,-,-,-,-,-,-,-,-,-,-,-,-,-,-,-,-,-,-,-,-,-,-,7.51,8.22,6.86,6.24,6.60,7.33,7.40,7.41,7.23,6.76,6.69,6.91,6.76,7.15,6.95,6.55,6.85,6.86,6.79,6.59,6.51,6.38,6.35,6.43,6.29,6.26,6.13,5.90,6.02,6.13,6.07,6.03,5.93,5.98,5.95,5.88,5.92,5.88,5.75,5.67,5.75,5.66,5.65,5.56,5.55,5.48,5.51,5.49,5.42,5.47,5.45,5.41,5.47,5.49,5.48,5.52,5.59,5.63,5.66,5.73,5.64,5.75,5.81,5.92,5.87,5.87,5.90,5.98,5.98,6.03,6.08,6.09,6.24,6.29,6.37,6.60,6.65,6.58,6.61,6.68,6.70,6.75,6.79,6.90,6.99,7.12,7.14,7.13,6.64,6.49,6.49,6.08,6.02,6.06,6.11,6.01,6.00,5.82,5.58,5.48,5.43,5.44,5.42,5.20,5.21,5.33,5.42,5.48,5.43,5.38,5.35,5.26,5.20,5.31,5.31,5.33,5.39,5.39,5.43,5.43,5.42,5.47,5.48,5.35,5.29,5.31,5.27,5.10,5.22,5.20,5.11,5.03,4.99,4.97,4.93,4.88,4.79,4.80,4.74,4.65,4.61,4.55,4.47,4.45,4.42,4.39,4.32,4.28,4.28,4.21,4.21,4.13,4.12,4.12,4.09,4.02,3.98,3.90,3.81,3.73,3.84,3.75,3.65,3.59,3.57,3.48,3.41,3.37,3.33,3.30,3.28,3.25,3.25,3.21,3.12,3.11,3.09,3.02,3.00,2.94,2.96,3.00,2.99,2.98,3.00,2.96,2.93,2.94,2.85,2.93,2.89,2.92,2.92,3.01,3.03,3.01,3.06,3.04,3.08,3.08,3.15,3.14,3.14,3.15,3.22,3.23,3.25,3.26,3.26,3.24,3.26,3.21,3.20,3.21,3.12,3.02,3.08,3.02,3.05,3.05,3.01,2.93,2.84,2.74,2.67,2.58,2.52,2.52,2.53,2.54,2.56,2.50,2.47,2.39,2.35,2.32,2.25,2.30,2.34,2.38,2.46,2.44,2.51,2.54,2.62,2.68,2.77,2.92,2.94,3.12,3.30,3.40,3.68,3.81,4.11,4.40,4.49,4.67,4.78,4.79,4.85,4.93,5.03,5.11,5.13,5.16,5.18,5.01,4.93,4.83,4.82,4.82,4.83,4.80,4.80,4.76,4.78,4.71,4.65,4.55,4.53,4.44,4.38,4.34,4.30,4.21,4.15
"보증대출 (연리%)",-,-,-,-,-,-,-,-,-,-,-,-,-,-,-,-,-,-,-,-,-,-,-,-,-,-,-,-,-,-,-,-,-,-,-,-,-,-,-,-,-,-,-,-,-,-,-,-,-,-,-,-,-,-,-,-,-,-,-,-,-,-,-,-,-,-,-,-,8.16,7.78,7.32,7.23,7.39,6.99,7.21,7.20,7.22,7.29,7.24,7.03,7.02,7.15,7.18,7.18,6.98,6.78,6.99,6.87,6.67,6.51,6.42,6.10,6.08,6.15,6.36,6.59,6.44,5.84,6.12,6.11,5.96,6.08,6.09,5.38,5.81,5.68,5.66,5.62,5.69,5.19,5.71,5.82,5.74,5.65,5.70,5.60,5.86,5.70,5.68,5.56,5.64,6.01,5.89,5.30,5.49,5.21,5.46,5.77,5.60,5.53,5.55,5.63,5.94,6.03,5.76,5.77,5.98,5.90,6.00,6.24,6.29,6.34,6.36,6.63,7.12,7.21,6.66,6.71,6.67,6.61,6.74,7.41,7.12,7.74,7.63,6.75,5.89,6.54,5.89,5.41,5.32,5.31,5.39,5.12,5.71,5.82,5.78,5.87,6.06,5.66,5.68,5.49,5.35,5.47,5.34,4.87,5.14,5.06,5.12,5.34,5.48,5.15,5.42,5.51,5.69,5.54,5.45,5.50,5.36,5.54,5.50,5.46,5.63,5.41,5.42,5.34,5.50,5.37,5.34,5.05,5.00,5.33,4.88,4.61,4.79,4.52,4.54,4.47,4.43,4.29,4.29,4.13,4.12,4.07,4.05,3.97,4.01,3.94,3.93,3.85,3.85,3.82,3.83,3.74,3.70,3.59,3.49,3.42,3.44,3.41,3.34,3.23,3.13,3.09,2.97,2.90,2.85,2.78,2.78,2.91,2.98,2.95,2.94,2.92,2.89,2.88,2.92,2.85,2.86,2.89,3.00,3.07,3.23,3.22,3.22,3.15,3.29,3.21,3.35,3.35,3.28,3.37,3.43,3.49,3.62,3.55,3.58,3.59,3.64,3.61,3.65,3.58,3.56,3.57,3.57,3.58,3.60,3.49,3.48,3.43,3.43,3.20,3.11,2.95,3.20,3.25,3.18,3.24,3.13,3.02,2.99,2.93,2.83,2.66,2.58,2.49,2.52,2.51,2.66,2.69,2.70,2.64,2.67,2.73,2.67,2.65,2.76,2.85,2.92,3.09,3.26,3.29,3.48,3.55,3.54,3.56,3.77,3.82,4.02,4.45,4.82,5.10,5.65,6.27,5.94,5.46,5.38,5.17,5.10,5.05,4.91,4.96,5.06,5.04,5.07,5.07,5.00,4.67,4.66,4.65,4.60,4.37,4.41,4.44,4.40,4.64,4.66,4.64,4.60,4.46,4.46,4.37,4.32,4.24,4.12
"전세자금대출 (연리%)",-,-,-,-,-,-,-,-,-,-,-,-,-,-,-,-,-,-,-,-,-,-,-,-,-,-,-,-,-,-,-,-,-,-,-,-,-,-,-,-,-,-,-,-,-,-,-,-,-,-,-,-,-,-,-,-,-,-,-,-,-,-,-,-,-,-,-,-,-,-,-,-,-,-,-,-,-,-,-,-,-,-,-,-,-,-,-,-,-,-,-,-,-,-,-,-,-,-,-,-,-,-,-,-,-,-,-,-,-,-,-,-,-,-,-,-,-,-,-,-,-,-,-,-,-,-,-,-,-,-,-,-,-,-,-,-,-,-,-,-,-,-,-,-,-,-,-,-,-,-,-,-,-,-,-,-,-,-,-,-,-,-,-,-,-,-,-,-,-,-,-,-,-,-,-,-,-,-,-,-,-,-,-,-,-,-,-,-,-,-,-,-,-,-,-,-,-,-,-,-,-,-,-,-,-,-,-,-,-,-,-,-,-,-,-,-,-,-,-,-,-,-,-,-,-,-,-,-,3.50,3.47,3.39,3.29,3.20,3.11,3.00,2.98,2.94,2.92,2.95,3.10,3.16,3.12,3.03,2.96,2.95,2.95,2.93,2.85,2.87,2.97,3.10,3.16,3.36,3.33,3.26,3.21,3.18,3.15,3.11,3.09,3.03,3.06,3.13,3.20,3.25,3.21,3.23,3.25,3.24,3.21,3.22,3.21,3.23,3.25,3.29,3.33,3.36,3.35,3.29,3.23,3.15,3.04,2.93,2.77,2.87,2.91,2.95,2.99,2.92,2.83,2.72,2.64,2.57,2.41,2.35,2.32,2.34,2.39,2.54,2.58,2.59,2.57,2.57,2.57,2.52,2.52,2.64,2.72,2.86,3.13,3.30,3.40,3.55,3.57,3.52,3.49,3.51,3.63,3.86,4.05,4.26,4.65,5.02,5.16,4.96,4.57,4.42,4.11,4.09,4.14,4.14,4.13,4.18,4.28,4.40,4.26,4.09,4.02,3.94,3.91,3.90,3.84,3.78,3.82,4.05,4.26,4.43,4.34,4.16,4.09,3.99,3.81,3.70,3.71,3.75
"일반신용대출 2) (연리%)",-,-,-,-,-,-,-,-,-,-,-,-,-,-,-,-,-,-,-,-,-,-,-,-,-,-,-,-,-,-,-,-,-,-,-,-,-,-,-,-,-,-,-,-,-,-,-,-,-,-,-,-,-,-,-,-,-,-,-,-,-,-,-,-,-,-,-,-,-,-,-,-,-,-,-,-,-,-,-,-,-,-,-,-,-,-,-,-,-,-,-,-,-,-,-,-,-,-,-,-,-,-,-,-,-,5.63,5.98,6.24,6.13,5.64,6.37,6.28,6.18,6.16,6.20,6.31,6.51,6.66,6.65,6.73,6.74,6.68,6.93,6.98,6.97,7.00,7.13,6.81,6.98,6.89,6.83,6.75,7.18,7.11,7.42,7.34,7.50,7.41,7.33,7.28,7.64,7.68,7.73,7.85,8.17,7.75,7.80,8.18,8.13,8.27,8.51,8.76,8.97,9.20,9.18,8.35,7.01,6.79,6.83,6.68,6.66,6.88,7.17,7.09,7.48,7.62,7.66,7.25,7.64,7.41,7.42,7.01,6.27,7.06,7.22,7.22,7.22,7.36,7.35,7.10,7.44,7.33,7.76,7.70,7.70,7.53,7.79,7.96,8.27,8.22,8.27,7.90,8.16,8.05,8.14,8.15,7.95,7.89,6.71,6.28,6.94,7.02,7.03,6.87,7.02,6.75,6.62,6.55,6.41,6.19,6.25,6.13,5.87,5.87,5.90,5.80,5.85,5.63,5.77,5.66,5.70,5.62,5.59,5.38,5.29,5.08,4.92,4.89,4.99,4.88,4.75,4.46,4.53,4.46,4.41,4.34,4.40,4.41,4.44,4.47,4.56,4.47,4.60,4.48,4.48,4.29,4.24,4.24,4.31,4.28,4.35,4.44,4.51,4.46,4.61,4.52,4.45,4.41,4.44,3.78,4.01,4.15,4.30,4.38,4.39,4.34,4.48,4.49,4.56,4.57,4.56,4.47,4.39,4.45,4.56,4.64,4.57,4.49,4.63,4.54,4.40,4.23,3.96,3.63,3.86,3.90,3.90,3.87,3.83,3.70,3.49,3.50,3.33,2.93,2.92,2.86,2.89,3.15,3.01,3.50,3.46,3.61,3.70,3.65,3.69,3.75,3.86,3.97,4.15,4.62,5.16,5.12,5.28,5.33,5.46,5.62,5.78,6.00,5.91,6.24,6.62,7.22,7.85,7.97,7.21,6.55,6.44,6.30,6.56,6.47,6.52,6.53,6.59,6.81,6.85,6.58,6.38,6.29,6.14,6.02,6.11,6.04,5.78,5.65,5.87,5.86,6.17,6.15,5.58,5.50,5.48,5.28,5.21,5.03,5.34
"집단대출 2) (연리%)",-,-,-,-,-,-,-,-,-,-,-,-,-,-,-,-,-,-,-,-,-,-,-,-,-,-,-,-,-,-,-,-,-,-,-,-,-,-,-,-,-,-,-,-,-,-,-,-,-,-,-,-,-,-,-,-,-,-,-,-,-,-,-,-,-,-,-,-,-,-,-,-,-,-,-,-,-,-,-,-,-,-,-,-,-,-,-,-,-,-,-,-,-,-,-,-,-,-,-,-,-,-,-,-,-,5.06,4.95,4.93,4.94,5.06,5.00,4.89,4.82,4.73,4.84,4.81,4.93,5.10,5.10,5.10,5.21,5.22,5.30,5.34,5.33,5.40,5.56,5.63,5.56,5.53,5.48,5.55,5.61,5.69,5.71,5.64,5.73,5.73,5.87,5.93,6.06,6.05,6.14,6.41,6.56,6.16,6.14,6.28,6.25,6.30,6.50,6.69,6.72,7.00,6.90,6.29,5.14,4.87,4.75,4.73,4.77,4.68,4.79,4.91,5.25,5.44,5.38,5.42,5.42,5.36,5.42,5.02,4.72,4.74,4.55,4.59,4.48,4.53,4.58,4.49,4.74,4.66,4.87,5.16,5.18,5.17,5.19,4.96,5.24,4.90,4.83,4.65,5.19,5.17,5.05,5.11,5.13,5.03,4.95,4.46,4.39,4.42,4.31,4.01,4.37,4.13,4.04,4.06,4.05,3.83,4.05,3.92,3.71,3.71,3.71,3.65,3.71,3.69,3.77,3.70,3.70,3.61,3.65,3.53,3.47,3.43,3.36,3.24,3.37,3.30,3.20,3.17,3.03,3.04,3.05,2.87,2.84,2.77,2.86,2.88,2.98,2.90,2.95,2.91,2.90,2.94,2.82,2.79,2.90,2.90,3.01,3.16,3.17,3.15,3.10,3.06,3.15,3.12,3.16,3.09,3.22,3.52,3.53,3.52,3.52,3.44,3.54,3.43,3.54,3.45,3.52,3.41,3.40,3.45,3.30,3.23,3.14,3.11,3.09,3.12,3.28,2.85,2.76,2.76,2.88,2.75,3.10,2.98,2.94,2.75,2.61,2.69,2.53,2.46,2.50,2.40,2.41,2.57,2.68,2.71,2.85,2.95,3.07,3.25,2.81,3.06,3.20,3.14,3.19,3.71,3.99,3.87,4.13,4.30,4.35,4.28,4.24,4.20,4.20,4.33,4.92,5.25,5.17,5.09,4.79,4.58,4.57,4.35,4.15,4.17,4.24,4.21,4.26,4.37,4.28,4.00,3.93,4.07,3.96,3.93,3.88,3.67,3.46,3.45,3.58,3.88,4.41,4.37,4.39,4.35,4.29,4.12,3.95,3.91,3.90
"공공및기타부문대출 (연리%)",9.77,10.06,10.36,11.27,11.31,10.64,9.48,9.87,10.20,9.70,9.37,9.80,8.83,9.16,9.64,8.93,8.88,9.25,9.04,8.61,10.19,10.16,10.80,11.79,13.61,13.22,12.19,13.87,12.67,14.17,12.05,13.01,11.76,10.68,9.78,9.85,9.36,9.16,8.70,8.46,9.22,8.38,9.84,9.54,7.87,8.73,7.60,8.28,8.61,8.38,7.65,7.94,8.63,6.63,8.95,8.25,8.31,8.28,9.35,7.88,7.81,7.89,7.58,7.44,7.64,7.30,7.81,7.30,6.98,7.46,6.49,6.53,6.65,6.72,7.13,5.15,6.50,6.94,5.92,6.28,5.96,6.66,6.22,5.98,5.83,6.06,5.50,5.41,5.05,5.13,5.49,5.74,6.12,6.06,5.33,5.73,6.01,5.13,5.10,6.21,5.91,6.22,5.77,5.02,5.21,5.77,4.93,4.78,4.51,3.71,5.13,4.63,5.20,5.19,5.17,5.51,4.76,5.01,5.14,5.01,4.97,4.47,5.11,5.79,5.59,5.24,5.71,5.73,5.51,5.69,5.79,5.45,5.55,5.13,5.30,5.71,6.00,5.48,5.58,5.72,5.63,6.41,6.16,5.14,7.03,5.22,6.21,6.39,6.77,6.85,6.99,6.65,6.96,7.40,7.40,6.53,5.57,4.28,5.28,4.14,4.55,4.12,5.15,6.04,5.75,6.16,6.04,5.45,5.82,5.25,4.36,4.62,4.98,4.31,5.55,5.62,5.46,5.46,5.10,4.67,5.84,4.95,4.71,5.00,5.42,5.37,5.38,5.38,4.78,5.00,5.47,5.10,4.98,4.97,4.95,5.53,4.86,4.62,4.98,4.22,3.94,3.94,3.91,3.87,4.59,4.10,4.15,4.93,4.43,4.29,4.13,4.30,4.69,3.96,4.17,3.97,4.11,3.96,4.11,4.97,4.24,4.13,4.22,4.08,3.67,4.01,4.23,3.50,3.28,3.45,3.36,4.13,2.93,2.99,3.54,3.21,3.19,3.10,3.17,2.81,3.22,3.33,2.95,3.12,3.32,2.84,3.00,2.98,3.29,3.03,3.08,2.78,3.43,3.25,2.70,3.62,3.48,3.28,3.35,3.30,3.41,3.21,3.54,2.96,3.56,3.55,4.02,3.73,3.77,3.45,3.84,3.50,3.08,3.03,3.20,3.50,3.12,3.74,3.87,3.29,3.61,3.75,3.49,3.32,3.35,2.86,3.23,2.62,2.87,3.27,2.32,2.46,2.58,2.19,2.72,2.35,2.42,2.13,2.28,2.10,2.07,2.70,2.15,2.31,2.16,2.21,2.44,2.43,2.46,2.47,2.89,2.63,2.60,2.82,3.04,3.25,3.04,3.17,3.76,3.97,3.91,4.58,5.55,5.34,5.20,5.41,4.88,4.70,5.49,4.85,4.89,5.05,5.33,4.82,5.09,4.90,4.89,4.81,4.70,4.61,4.24,4.50,4.19,4.61,4.64,4.45,4.51,4.32,3.99,4.25,4.04,3.93,3.59,3.65,3.53
