"산업별","규모별","성별",1999.01,1999.01,1999.01,1999.01,1999.01,1999.01,1999.01,1999.01,1999.01,1999.01,1999.01,1999.01,1999.01,1999.01,1999.01,1999.01,1999.02,1999.02,1999.02,1999.02,1999.02,1999.02,1999.02,1999.02,1999.02,1999.02,1999.02,1999.02,1999.02,1999.02,1999.02,1999.02,1999.03,1999.03,1999.03,1999.03,1999.03,1999.03,1999.03,1999.03,1999.03,1999.03,1999.03,1999.03,1999.03,1999.03,1999.03,1999.03,1999.04,1999.04,1999.04,1999.04,1999.04,1999.04,1999.04,1999.04,1999.04,1999.04,1999.04,1999.04,1999.04,1999.04,1999.04,1999.04,1999.05,1999.05,1999.05,1999.05,1999.05,1999.05,1999.05,1999.05,1999.05,1999.05,1999.05,1999.05,1999.05,1999.05,1999.05,1999.05,1999.06,1999.06,1999.06,1999.06,1999.06,1999.06,1999.06,1999.06,1999.06,1999.06,1999.06,1999.06,1999.06,1999.06,1999.06,1999.06,1999.07,1999.07,1999.07,1999.07,1999.07,1999.07,1999.07,1999.07,1999.07,1999.07,1999.07,1999.07,1999.07,1999.07,1999.07,1999.07,1999.08,1999.08,1999.08,1999.08,1999.08,1999.08,1999.08,1999.08,1999.08,1999.08,1999.08,1999.08,1999.08,1999.08,1999.08,1999.08,1999.09,1999.09,1999.09,1999.09,1999.09,1999.09,1999.09,1999.09,1999.09,1999.09,1999.09,1999.09,1999.09,1999.09,1999.09,1999.09,1999.10,1999.10,1999.10,1999.10,1999.10,1999.10,1999.10,1999.10,1999.10,1999.10,1999.10,1999.10,1999.10,1999.10,1999.10,1999.10,1999.11,1999.11,1999.11,1999.11,1999.11,1999.11,1999.11,1999.11,1999.11,1999.11,1999.11,1999.11,1999.11,1999.11,1999.11,1999.11,1999.12,1999.12,1999.12,1999.12,1999.12,1999.12,1999.12,1999.12,1999.12,1999.12,1999.12,1999.12,1999.12,1999.12,1999.12,1999.12,2000.01,2000.01,2000.01,2000.01,2000.01,2000.01,2000.01,2000.01,2000.01,2000.01,2000.01,2000.01,2000.01,2000.01,2000.01,2000.01,2000.02,2000.02,2000.02,2000.02,2000.02,2000.02,2000.02,2000.02,2000.02,2000.02,2000.02,2000.02,2000.02,2000.02,2000.02,2000.02,2000.03,2000.03,2000.03,2000.03,2000.03,2000.03,2000.03,2000.03,2000.03,2000.03,2000.03,2000.03,2000.03,2000.03,2000.03,2000.03,2000.04,2000.04,2000.04,2000.04,2000.04,2000.04,2000.04,2000.04,2000.04,2000.04,2000.04,2000.04,2000.04,2000.04,2000.04,2000.04,2000.05,2000.05,2000.05,2000.05,2000.05,2000.05,2000.05,2000.05,2000.05,2000.05,2000.05,2000.05,2000.05,2000.05,2000.05,2000.05,2000.06,2000.06,2000.06,2000.06,2000.06,2000.06,2000.06,2000.06,2000.06,2000.06,2000.06,2000.06,2000.06,2000.06,2000.06,2000.06,2000.07,2000.07,2000.07,2000.07,2000.07,2000.07,2000.07,2000.07,2000.07,2000.07,2000.07,2000.07,2000.07,2000.07,2000.07,2000.07,2000.08,2000.08,2000.08,2000.08,2000.08,2000.08,2000.08,2000.08,2000.08,2000.08,2000.08,2000.08,2000.08,2000.08,2000.08,2000.08,2000.09,2000.09,2000.09,2000.09,2000.09,2000.09,2000.09,2000.09,2000.09,2000.09,2000.09,2000.09,2000.09,2000.09,2000.09,2000.09,2000.10,2000.10,2000.10,2000.10,2000.10,2000.10,2000.10,2000.10,2000.10,2000.10,2000.10,2000.10,2000.10,2000.10,2000.10,2000.10,2000.11,2000.11,2000.11,2000.11,2000.11,2000.11,2000.11,2000.11,2000.11,2000.11,2000.11,2000.11,2000.11,2000.11,2000.11,2000.11,2000.12,2000.12,2000.12,2000.12,2000.12,2000.12,2000.12,2000.12,2000.12,2000.12,2000.12,2000.12,2000.12,2000.12,2000.12,2000.12,2001.01,2001.01,2001.01,2001.01,2001.01,2001.01,2001.01,2001.01,2001.01,2001.01,2001.01,2001.01,2001.01,2001.01,2001.01,2001.01,2001.02,2001.02,2001.02,2001.02,2001.02,2001.02,2001.02,2001.02,2001.02,2001.02,2001.02,2001.02,2001.02,2001.02,2001.02,2001.02,2001.03,2001.03,2001.03,2001.03,2001.03,2001.03,2001.03,2001.03,2001.03,2001.03,2001.03,2001.03,2001.03,2001.03,2001.03,2001.03,2001.04,2001.04,2001.04,2001.04,2001.04,2001.04,2001.04,2001.04,2001.04,2001.04,2001.04,2001.04,2001.04,2001.04,2001.04,2001.04,2001.05,2001.05,2001.05,2001.05,2001.05,2001.05,2001.05,2001.05,2001.05,2001.05,2001.05,2001.05,2001.05,2001.05,2001.05,2001.05,2001.06,2001.06,2001.06,2001.06,2001.06,2001.06,2001.06,2001.06,2001.06,2001.06,2001.06,2001.06,2001.06,2001.06,2001.06,2001.06,2001.07,2001.07,2001.07,2001.07,2001.07,2001.07,2001.07,2001.07,2001.07,2001.07,2001.07,2001.07,2001.07,2001.07,2001.07,2001.07,2001.08,2001.08,2001.08,2001.08,2001.08,2001.08,2001.08,2001.08,2001.08,2001.08,2001.08,2001.08,2001.08,2001.08,2001.08,2001.08,2001.09,2001.09,2001.09,2001.09,2001.09,2001.09,2001.09,2001.09,2001.09,2001.09,2001.09,2001.09,2001.09,2001.09,2001.09,2001.09,2001.10,2001.10,2001.10,2001.10,2001.10,2001.10,2001.10,2001.10,2001.10,2001.10,2001.10,2001.10,2001.10,2001.10,2001.10,2001.10,2001.11,2001.11,2001.11,2001.11,2001.11,2001.11,2001.11,2001.11,2001.11,2001.11,2001.11,2001.11,2001.11,2001.11,2001.11,2001.11,2001.12,2001.12,2001.12,2001.12,2001.12,2001.12,2001.12,2001.12,2001.12,2001.12,2001.12,2001.12,2001.12,2001.12,2001.12,2001.12
"산업별","규모별","성별",당월입직자수 (명),입직률 (%),신규채용자수 (명),신규채용률 (%),당월이직자수 (명),이직률 (%),퇴직및해고자수 (명),퇴직및해고율 (%),월평균근로일수 (일),총근로시간수 (시간),정상근로시간수 (시간),초과근로시간수 (시간),임금총액 (원),정액급여 (원),초과급여 (원),특별급여 (원),당월입직자수 (명),입직률 (%),신규채용자수 (명),신규채용률 (%),당월이직자수 (명),이직률 (%),퇴직및해고자수 (명),퇴직및해고율 (%),월평균근로일수 (일),총근로시간수 (시간),정상근로시간수 (시간),초과근로시간수 (시간),임금총액 (원),정액급여 (원),초과급여 (원),특별급여 (원),당월입직자수 (명),입직률 (%),신규채용자수 (명),신규채용률 (%),당월이직자수 (명),이직률 (%),퇴직및해고자수 (명),퇴직및해고율 (%),월평균근로일수 (일),총근로시간수 (시간),정상근로시간수 (시간),초과근로시간수 (시간),임금총액 (원),정액급여 (원),초과급여 (원),특별급여 (원),당월입직자수 (명),입직률 (%),신규채용자수 (명),신규채용률 (%),당월이직자수 (명),이직률 (%),퇴직및해고자수 (명),퇴직및해고율 (%),월평균근로일수 (일),총근로시간수 (시간),정상근로시간수 (시간),초과근로시간수 (시간),임금총액 (원),정액급여 (원),초과급여 (원),특별급여 (원),당월입직자수 (명),입직률 (%),신규채용자수 (명),신규채용률 (%),당월이직자수 (명),이직률 (%),퇴직및해고자수 (명),퇴직및해고율 (%),월평균근로일수 (일),총근로시간수 (시간),정상근로시간수 (시간),초과근로시간수 (시간),임금총액 (원),정액급여 (원),초과급여 (원),특별급여 (원),당월입직자수 (명),입직률 (%),신규채용자수 (명),신규채용률 (%),당월이직자수 (명),이직률 (%),퇴직및해고자수 (명),퇴직및해고율 (%),월평균근로일수 (일),총근로시간수 (시간),정상근로시간수 (시간),초과근로시간수 (시간),임금총액 (원),정액급여 (원),초과급여 (원),특별급여 (원),당월입직자수 (명),입직률 (%),신규채용자수 (명),신규채용률 (%),당월이직자수 (명),이직률 (%),퇴직및해고자수 (명),퇴직및해고율 (%),월평균근로일수 (일),총근로시간수 (시간),정상근로시간수 (시간),초과근로시간수 (시간),임금총액 (원),정액급여 (원),초과급여 (원),특별급여 (원),당월입직자수 (명),입직률 (%),신규채용자수 (명),신규채용률 (%),당월이직자수 (명),이직률 (%),퇴직및해고자수 (명),퇴직및해고율 (%),월평균근로일수 (일),총근로시간수 (시간),정상근로시간수 (시간),초과근로시간수 (시간),임금총액 (원),정액급여 (원),초과급여 (원),특별급여 (원),당월입직자수 (명),입직률 (%),신규채용자수 (명),신규채용률 (%),당월이직자수 (명),이직률 (%),퇴직및해고자수 (명),퇴직및해고율 (%),월평균근로일수 (일),총근로시간수 (시간),정상근로시간수 (시간),초과근로시간수 (시간),임금총액 (원),정액급여 (원),초과급여 (원),특별급여 (원),당월입직자수 (명),입직률 (%),신규채용자수 (명),신규채용률 (%),당월이직자수 (명),이직률 (%),퇴직및해고자수 (명),퇴직및해고율 (%),월평균근로일수 (일),총근로시간수 (시간),정상근로시간수 (시간),초과근로시간수 (시간),임금총액 (원),정액급여 (원),초과급여 (원),특별급여 (원),당월입직자수 (명),입직률 (%),신규채용자수 (명),신규채용률 (%),당월이직자수 (명),이직률 (%),퇴직및해고자수 (명),퇴직및해고율 (%),월평균근로일수 (일),총근로시간수 (시간),정상근로시간수 (시간),초과근로시간수 (시간),임금총액 (원),정액급여 (원),초과급여 (원),특별급여 (원),당월입직자수 (명),입직률 (%),신규채용자수 (명),신규채용률 (%),당월이직자수 (명),이직률 (%),퇴직및해고자수 (명),퇴직및해고율 (%),월평균근로일수 (일),총근로시간수 (시간),정상근로시간수 (시간),초과근로시간수 (시간),임금총액 (원),정액급여 (원),초과급여 (원),특별급여 (원),당월입직자수 (명),입직률 (%),신규채용자수 (명),신규채용률 (%),당월이직자수 (명),이직률 (%),퇴직및해고자수 (명),퇴직및해고율 (%),월평균근로일수 (일),총근로시간수 (시간),정상근로시간수 (시간),초과근로시간수 (시간),임금총액 (원),정액급여 (원),초과급여 (원),특별급여 (원),당월입직자수 (명),입직률 (%),신규채용자수 (명),신규채용률 (%),당월이직자수 (명),이직률 (%),퇴직및해고자수 (명),퇴직및해고율 (%),월평균근로일수 (일),총근로시간수 (시간),정상근로시간수 (시간),초과근로시간수 (시간),임금총액 (원),정액급여 (원),초과급여 (원),특별급여 (원),당월입직자수 (명),입직률 (%),신규채용자수 (명),신규채용률 (%),당월이직자수 (명),이직률 (%),퇴직및해고자수 (명),퇴직및해고율 (%),월평균근로일수 (일),총근로시간수 (시간),정상근로시간수 (시간),초과근로시간수 (시간),임금총액 (원),정액급여 (원),초과급여 (원),특별급여 (원),당월입직자수 (명),입직률 (%),신규채용자수 (명),신규채용률 (%),당월이직자수 (명),이직률 (%),퇴직및해고자수 (명),퇴직및해고율 (%),월평균근로일수 (일),총근로시간수 (시간),정상근로시간수 (시간),초과근로시간수 (시간),임금총액 (원),정액급여 (원),초과급여 (원),특별급여 (원),당월입직자수 (명),입직률 (%),신규채용자수 (명),신규채용률 (%),당월이직자수 (명),이직률 (%),퇴직및해고자수 (명),퇴직및해고율 (%),월평균근로일수 (일),총근로시간수 (시간),정상근로시간수 (시간),초과근로시간수 (시간),임금총액 (원),정액급여 (원),초과급여 (원),특별급여 (원),당월입직자수 (명),입직률 (%),신규채용자수 (명),신규채용률 (%),당월이직자수 (명),이직률 (%),퇴직및해고자수 (명),퇴직및해고율 (%),월평균근로일수 (일),총근로시간수 (시간),정상근로시간수 (시간),초과근로시간수 (시간),임금총액 (원),정액급여 (원),초과급여 (원),특별급여 (원),당월입직자수 (명),입직률 (%),신규채용자수 (명),신규채용률 (%),당월이직자수 (명),이직률 (%),퇴직및해고자수 (명),퇴직및해고율 (%),월평균근로일수 (일),총근로시간수 (시간),정상근로시간수 (시간),초과근로시간수 (시간),임금총액 (원),정액급여 (원),초과급여 (원),특별급여 (원),당월입직자수 (명),입직률 (%),신규채용자수 (명),신규채용률 (%),당월이직자수 (명),이직률 (%),퇴직및해고자수 (명),퇴직및해고율 (%),월평균근로일수 (일),총근로시간수 (시간),정상근로시간수 (시간),초과근로시간수 (시간),임금총액 (원),정액급여 (원),초과급여 (원),특별급여 (원),당월입직자수 (명),입직률 (%),신규채용자수 (명),신규채용률 (%),당월이직자수 (명),이직률 (%),퇴직및해고자수 (명),퇴직및해고율 (%),월평균근로일수 (일),총근로시간수 (시간),정상근로시간수 (시간),초과근로시간수 (시간),임금총액 (원),정액급여 (원),초과급여 (원),특별급여 (원),당월입직자수 (명),입직률 (%),신규채용자수 (명),신규채용률 (%),당월이직자수 (명),이직률 (%),퇴직및해고자수 (명),퇴직및해고율 (%),월평균근로일수 (일),총근로시간수 (시간),정상근로시간수 (시간),초과근로시간수 (시간),임금총액 (원),정액급여 (원),초과급여 (원),특별급여 (원),당월입직자수 (명),입직률 (%),신규채용자수 (명),신규채용률 (%),당월이직자수 (명),이직률 (%),퇴직및해고자수 (명),퇴직및해고율 (%),월평균근로일수 (일),총근로시간수 (시간),정상근로시간수 (시간),초과근로시간수 (시간),임금총액 (원),정액급여 (원),초과급여 (원),특별급여 (원),당월입직자수 (명),입직률 (%),신규채용자수 (명),신규채용률 (%),당월이직자수 (명),이직률 (%),퇴직및해고자수 (명),퇴직및해고율 (%),월평균근로일수 (일),총근로시간수 (시간),정상근로시간수 (시간),초과근로시간수 (시간),임금총액 (원),정액급여 (원),초과급여 (원),특별급여 (원),당월입직자수 (명),입직률 (%),신규채용자수 (명),신규채용률 (%),당월이직자수 (명),이직률 (%),퇴직및해고자수 (명),퇴직및해고율 (%),월평균근로일수 (일),총근로시간수 (시간),정상근로시간수 (시간),초과근로시간수 (시간),임금총액 (원),정액급여 (원),초과급여 (원),특별급여 (원),당월입직자수 (명),입직률 (%),신규채용자수 (명),신규채용률 (%),당월이직자수 (명),이직률 (%),퇴직및해고자수 (명),퇴직및해고율 (%),월평균근로일수 (일),총근로시간수 (시간),정상근로시간수 (시간),초과근로시간수 (시간),임금총액 (원),정액급여 (원),초과급여 (원),특별급여 (원),당월입직자수 (명),입직률 (%),신규채용자수 (명),신규채용률 (%),당월이직자수 (명),이직률 (%),퇴직및해고자수 (명),퇴직및해고율 (%),월평균근로일수 (일),총근로시간수 (시간),정상근로시간수 (시간),초과근로시간수 (시간),임금총액 (원),정액급여 (원),초과급여 (원),특별급여 (원),당월입직자수 (명),입직률 (%),신규채용자수 (명),신규채용률 (%),당월이직자수 (명),이직률 (%),퇴직및해고자수 (명),퇴직및해고율 (%),월평균근로일수 (일),총근로시간수 (시간),정상근로시간수 (시간),초과근로시간수 (시간),임금총액 (원),정액급여 (원),초과급여 (원),특별급여 (원),당월입직자수 (명),입직률 (%),신규채용자수 (명),신규채용률 (%),당월이직자수 (명),이직률 (%),퇴직및해고자수 (명),퇴직및해고율 (%),월평균근로일수 (일),총근로시간수 (시간),정상근로시간수 (시간),초과근로시간수 (시간),임금총액 (원),정액급여 (원),초과급여 (원),특별급여 (원),당월입직자수 (명),입직률 (%),신규채용자수 (명),신규채용률 (%),당월이직자수 (명),이직률 (%),퇴직및해고자수 (명),퇴직및해고율 (%),월평균근로일수 (일),총근로시간수 (시간),정상근로시간수 (시간),초과근로시간수 (시간),임금총액 (원),정액급여 (원),초과급여 (원),특별급여 (원),당월입직자수 (명),입직률 (%),신규채용자수 (명),신규채용률 (%),당월이직자수 (명),이직률 (%),퇴직및해고자수 (명),퇴직및해고율 (%),월평균근로일수 (일),총근로시간수 (시간),정상근로시간수 (시간),초과근로시간수 (시간),임금총액 (원),정액급여 (원),초과급여 (원),특별급여 (원),당월입직자수 (명),입직률 (%),신규채용자수 (명),신규채용률 (%),당월이직자수 (명),이직률 (%),퇴직및해고자수 (명),퇴직및해고율 (%),월평균근로일수 (일),총근로시간수 (시간),정상근로시간수 (시간),초과근로시간수 (시간),임금총액 (원),정액급여 (원),초과급여 (원),특별급여 (원),당월입직자수 (명),입직률 (%),신규채용자수 (명),신규채용률 (%),당월이직자수 (명),이직률 (%),퇴직및해고자수 (명),퇴직및해고율 (%),월평균근로일수 (일),총근로시간수 (시간),정상근로시간수 (시간),초과근로시간수 (시간),임금총액 (원),정액급여 (원),초과급여 (원),특별급여 (원),당월입직자수 (명),입직률 (%),신규채용자수 (명),신규채용률 (%),당월이직자수 (명),이직률 (%),퇴직및해고자수 (명),퇴직및해고율 (%),월평균근로일수 (일),총근로시간수 (시간),정상근로시간수 (시간),초과근로시간수 (시간),임금총액 (원),정액급여 (원),초과급여 (원),특별급여 (원),당월입직자수 (명),입직률 (%),신규채용자수 (명),신규채용률 (%),당월이직자수 (명),이직률 (%),퇴직및해고자수 (명),퇴직및해고율 (%),월평균근로일수 (일),총근로시간수 (시간),정상근로시간수 (시간),초과근로시간수 (시간),임금총액 (원),정액급여 (원),초과급여 (원),특별급여 (원),당월입직자수 (명),입직률 (%),신규채용자수 (명),신규채용률 (%),당월이직자수 (명),이직률 (%),퇴직및해고자수 (명),퇴직및해고율 (%),월평균근로일수 (일),총근로시간수 (시간),정상근로시간수 (시간),초과근로시간수 (시간),임금총액 (원),정액급여 (원),초과급여 (원),특별급여 (원)
"전산업(5인이상)","전규모(5인이상)","계(5인이상)",135685,2.41,100871,1.79,145354,2.58,94086,1.67,24.2,202.3,180.7,21.7,1369207,1079569,105281,184357,114285,2.03,90349,1.61,121689,2.17,81899,1.46,21.3,178.8,158.7,20.1,1566833,1054090,102024,410719,175783,3.13,149266,2.66,161900,2.89,116036,2.07,25.3,211.6,189.7,21.9,1464153,1104735,108027,251391,160796,2.86,135286,2.41,155190,2.76,106021,1.89,24.8,207.5,186.0,21.6,1422923,1089373,108965,224584,157935,2.81,120656,2.14,136400,2.42,96978,1.72,24.2,203.5,180.1,23.4,1373188,1096060,119688,157440,155983,2.76,135415,2.40,140599,2.49,109926,1.95,25.4,215.0,190.9,24.2,1638871,1102551,127561,408760,179533,3.17,139984,2.47,148781,2.63,103753,1.83,25.4,212.8,190.1,22.7,1519538,1094706,117943,306889,149965,2.63,128237,2.25,150485,2.64,117252,2.06,24.7,208.1,185.5,22.6,1472146,1093722,115389,263035,152601,2.68,130285,2.29,136582,2.40,114258,2.01,23.3,197.0,174.2,22.9,1756348,1102275,119859,534214,164678,2.88,142803,2.50,152146,2.66,110209,1.93,25.3,213.0,188.7,24.3,1460343,1113494,128106,218743,166052,2.90,144829,2.53,129450,2.26,104738,1.83,25.5,213.6,190.5,23.1,1398221,1100335,124376,173510,154698,2.68,140481,2.44,129475,2.25,104843,1.82,25.5,215.2,192.0,23.2,2070174,1190848,124007,755320,180152,3.20,156059,2.78,154801,2.75,124785,2.22,25.1,208.2,185.3,22.9,1591933,1151996,118805,321131,174443,3.09,150781,2.67,164965,2.92,132009,2.34,23.2,193.2,171.0,22.2,1637891,1121697,116966,399228,233619,4.13,196142,3.47,182446,3.23,137833,2.44,25.6,213.7,189.7,24.0,1551107,1146160,126761,278186,180378,3.16,155616,2.73,163678,2.87,123418,2.16,23.7,198.2,174.5,23.7,1583140,1149023,131298,302819,166819,2.91,144936,2.53,150927,2.64,115180,2.01,24.6,206.7,181.6,25.1,1481581,1175153,140238,166190,156585,2.73,142241,2.48,143357,2.50,114283,1.99,24.8,206.9,183.3,23.6,1764136,1186127,134872,443137,162279,2.82,142502,2.48,149606,2.60,114897,2.00,24.8,205.6,182.1,23.5,1653210,1196054,136465,320691,152444,2.64,133700,2.32,142720,2.47,115035,1.99,24.9,207.0,183.6,23.4,1686270,1198969,138692,348608,148350,2.57,132184,2.29,142829,2.47,115408,2.00,23.2,192.5,169.6,22.8,1823403,1202845,140374,480185,162062,2.80,141685,2.45,152882,2.64,122130,2.11,24.9,207.5,183.6,23.9,1601273,1199038,144823,257411,148704,2.57,127497,2.20,156769,2.71,130089,2.25,25.3,211.9,189.0,22.9,1504993,1189789,132085,183118,120841,2.09,106057,1.83,124322,2.15,101595,1.76,24.7,205.6,182.7,22.9,2125320,1262502,136872,725945,143869,2.42,125341,2.10,155762,2.61,125931,2.11,22.9,190.6,169.4,21.1,1906704,1236935,126742,543027,156981,2.64,135338,2.28,158792,2.67,125109,2.10,23.7,196.6,175.5,21.2,1601743,1204410,126112,271219,171862,2.89,142989,2.41,182991,3.08,130312,2.19,25.3,209.2,187.4,21.7,1644705,1233771,129220,281712,139589,2.35,124041,2.09,152558,2.57,118789,2.00,24.1,200.0,178.9,21.2,1652966,1236186,129850,286930,146433,2.47,126056,2.13,140713,2.38,116806,1.97,24.8,206.4,186.6,19.8,1548422,1249119,127983,171318,127182,2.15,117501,1.98,152930,2.58,127015,2.14,24.6,204.6,184.3,20.2,1825273,1253128,133071,439073,137119,2.32,122476,2.08,152571,2.59,125400,2.13,24.6,204.4,184.1,20.3,1738225,1266637,131653,339935,130651,2.22,120019,2.04,152214,2.59,128180,2.18,24.6,204.5,184.7,19.8,1700037,1264791,131039,304206,133191,2.27,121445,2.07,138033,2.35,114218,1.95,24.5,203.6,183.8,19.8,1941765,1271922,132382,537460,130019,2.22,118403,2.02,149408,2.55,128089,2.19,23.5,197.1,177.0,20.1,1670071,1267462,138902,263706,130573,2.24,121202,2.08,141668,2.43,122912,2.11,25.2,210.2,190.3,19.8,1589882,1269970,134179,185732,109669,1.88,100868,1.73,127490,2.19,104592,1.79,24.3,202.4,183.1,19.3,2215199,1328664,132307,754227
"광공업(10-37)(CD)","전규모(5인이상)","계(5인이상)",50799,2.17,41710,1.78,48605,2.08,35697,1.53,24.3,210.3,180.3,30.0,1190316,940898,154560,94858,42184,1.80,37856,1.62,47504,2.03,35060,1.50,21.2,185.5,156.8,28.7,1526923,907680,150337,468907,65940,2.82,58145,2.49,62093,2.66,47324,2.03,25.1,220.5,188.3,32.2,1311194,978544,163184,169466,65845,2.82,59085,2.53,59776,2.56,44246,1.89,24.7,216.4,184.9,31.5,1352234,960985,163690,227559,62810,2.68,52256,2.23,55728,2.38,42976,1.83,24.2,213.6,179.3,34.4,1273394,963873,183498,126024,69044,2.94,62131,2.64,56603,2.41,45298,1.93,25.4,225.8,190.2,35.6,1531435,956961,202033,372442,67403,2.85,61597,2.61,66474,2.81,46380,1.96,25.3,221.7,188.5,33.2,1383824,956029,181810,245985,65249,2.76,55728,2.36,59344,2.51,46362,1.96,24.2,214.4,181.2,33.2,1418059,965447,176121,276491,64078,2.70,56692,2.39,60394,2.55,52034,2.19,23.4,207.2,173.4,33.8,1626261,959358,186379,480523,75706,3.19,67865,2.86,68111,2.87,48405,2.04,25.2,223.2,186.9,36.3,1412438,981301,200524,230613,76344,3.20,66086,2.77,55697,2.34,46918,1.97,25.5,223.9,189.6,34.3,1278875,963621,194333,120920,71011,2.96,67084,2.79,58186,2.42,49069,2.04,25.5,225.9,191.3,34.6,2008930,1039737,186791,782403,80726,3.40,72400,3.05,60851,2.57,53400,2.25,25.2,217.0,183.7,33.2,1461016,1002170,181942,276905,76044,3.18,67548,2.83,65794,2.75,56724,2.37,23.2,199.8,168.4,31.4,1580261,978025,173376,428860,95231,3.97,77322,3.22,74361,3.10,60641,2.53,25.7,221.9,187.8,34.1,1371671,990145,192965,188561,68159,2.81,60327,2.49,66573,2.75,54216,2.24,23.8,206.7,173.8,32.9,1503205,993842,196283,313080,69639,2.87,63090,2.60,67119,2.77,54275,2.24,24.7,215.7,179.8,35.9,1374285,1020508,214137,139640,66060,2.72,59885,2.47,58080,2.39,46571,1.92,24.8,214.8,182.0,32.7,1639230,1026457,206305,406469,67906,2.79,61114,2.51,56618,2.33,45704,1.88,24.9,214.4,181.3,33.1,1555193,1037256,214720,303217,65630,2.68,57933,2.37,55651,2.28,46904,1.92,24.6,213.0,179.8,33.2,1691077,1062097,219176,409803,60759,2.47,54285,2.21,59467,2.42,49019,2.00,23.3,201.3,167.9,33.4,1666433,1041704,223477,401252,74083,3.02,68310,2.78,65874,2.68,55642,2.27,25.1,216.9,183.1,33.8,1558403,1043263,227496,287643,64233,2.61,56837,2.31,71082,2.88,62565,2.54,25.3,219.7,187.3,32.4,1373313,1034623,201096,137593,48353,1.97,42671,1.74,50853,2.07,45085,1.83,24.8,214.5,181.9,32.5,2037908,1075198,206105,756604,54002,2.11,48179,1.88,59682,2.33,51194,2.00,22.9,196.4,167.3,29.0,1877313,1068494,193733,615085,61762,2.42,55286,2.17,64822,2.54,53194,2.09,23.8,204.3,174.4,29.8,1507790,1050204,194501,263083,58696,2.30,48318,1.90,68275,2.68,51840,2.03,25.4,217.0,185.7,31.2,1489135,1075146,204093,209895,54772,2.16,49428,1.95,60890,2.40,51383,2.02,24.3,208.4,178.2,30.2,1585143,1079932,205179,300031,59619,2.35,51305,2.03,60301,2.38,49519,1.96,24.8,212.9,183.6,29.3,1418614,1084976,195958,137679,52823,2.09,49074,1.94,68518,2.71,55490,2.19,24.6,211.9,181.4,30.6,1736278,1080770,207222,448286,52934,2.10,48357,1.92,60471,2.40,52147,2.07,24.5,209.8,180.2,29.7,1627630,1101300,201840,324490,52195,2.08,49336,1.97,60289,2.40,49883,1.99,24.0,205.9,177.0,28.9,1664066,1114848,204804,344413,50740,2.03,48040,1.92,56228,2.25,48055,1.92,24.5,210.1,180.2,29.8,1830781,1118609,208260,503910,52385,2.10,47919,1.92,62973,2.52,54419,2.18,23.3,202.5,172.4,30.1,1592249,1110969,217780,263498,54608,2.20,50485,2.03,58277,2.35,52395,2.11,25.0,216.6,186.4,30.2,1447791,1114125,210122,123542,42069,1.70,39010,1.57,60903,2.46,49388,1.99,24.1,207.1,178.7,28.4,2148224,1153575,200621,794027
"광 업(10-14)","전규모(5인이상)","계(5인이상)",503,2.33,465,2.15,540,2.50,334,1.54,24.1,187.3,168.9,18.3,1374687,1144244,136140,94303,648,3.00,467,2.16,496,2.30,455,2.11,20.8,161.3,145.4,15.9,1423133,1046388,125028,251717,574,2.64,546,2.51,529,2.43,490,2.25,24.7,192.6,174.4,18.1,1422042,1112283,136135,173624,532,2.49,524,2.45,688,3.22,517,2.42,24.0,193.0,171.1,21.9,1382673,1079333,164898,138443,353,1.66,322,1.52,338,1.59,290,1.37,24.3,193.7,170.4,23.3,1310289,1111523,166473,32294,458,2.16,441,2.08,637,3.00,433,2.04,24.8,200.2,177.4,22.8,1885132,1134573,169628,580931,363,1.72,353,1.68,374,1.78,335,1.59,25.0,199.2,177.7,21.5,1398059,1132147,170358,95554,742,3.52,227,1.08,401,1.90,228,1.08,24.7,198.2,175.1,23.1,1680951,1160456,176391,344103,445,2.08,351,1.64,278,1.30,160,0.75,22.9,182.3,161.3,20.9,1910734,1137520,160951,612263,457,2.12,403,1.87,331,1.54,291,1.35,25.4,202.8,177.7,25.1,1477504,1147590,192323,137591,373,1.72,344,1.59,359,1.66,298,1.37,25.5,203.0,180.1,22.9,1475316,1138328,169403,167585,201,0.93,181,0.83,396,1.82,298,1.37,25.3,201.9,179.4,22.5,2020862,1182914,183036,654912,277,1.42,269,1.38,470,2.42,313,1.61,24.6,190.3,170.8,19.5,1456565,1161031,161792,133742,390,2.02,369,1.92,208,1.08,166,0.86,22.2,174.2,157.2,16.9,1657151,1095621,143801,417729,360,1.85,314,1.62,504,2.59,376,1.93,25.7,201.8,180.3,21.5,1511624,1166462,159268,185894,333,1.73,310,1.61,544,2.82,424,2.20,24.0,188.9,165.4,23.5,1417740,1152712,182173,82855,417,2.18,326,1.71,302,1.58,240,1.26,25.4,195.4,172.0,23.4,1524950,1173669,188763,162518,306,1.59,283,1.47,439,2.29,325,1.69,24.8,198.8,173.0,25.8,1930291,1183484,196615,550192,296,1.55,254,1.33,362,1.90,288,1.51,24.5,195.5,170.6,24.9,1587737,1183981,197569,206187,274,1.44,189,0.99,308,1.62,206,1.08,24.3,193.6,170.6,23.0,1860314,1179573,178413,502328,344,1.81,295,1.56,347,1.83,202,1.06,23.2,186.2,161.4,24.8,1923310,1208942,197054,517314,254,1.34,128,0.67,328,1.73,213,1.12,24.4,194.7,168.3,26.4,1570050,1216780,213982,139287,306,1.62,258,1.37,444,2.35,288,1.52,25.5,205.1,179.0,26.1,1659269,1213692,206091,239485,315,1.68,264,1.41,335,1.79,226,1.21,24.7,199.0,173.2,25.7,2068072,1238311,207764,621995,278,1.61,146,0.85,570,3.30,330,1.91,21.9,178.7,150.1,28.5,1582123,1117883,262587,201652,219,1.29,196,1.15,252,1.48,156,0.92,23.5,183.4,165.4,17.9,1554551,1196075,152569,205907,503,2.97,354,2.09,248,1.46,164,0.97,25.2,197.4,178.2,19.2,1625132,1240264,181339,203528,295,1.72,232,1.35,543,3.16,359,2.09,23.9,190.1,167.5,22.6,1615014,1209800,178358,226856,368,2.17,279,1.65,308,1.82,263,1.55,24.7,198.6,174.3,24.3,1568327,1242140,180694,145493,251,1.48,190,1.12,366,2.15,249,1.46,24.2,193.9,170.3,23.7,2058428,1264860,188836,604732,355,2.10,331,1.96,707,4.19,670,3.97,23.6,189.9,165.8,24.1,1580248,1274309,186646,119292,229,1.38,199,1.20,324,1.96,249,1.51,23.6,191.0,166.6,24.4,1829533,1284491,180264,364776,269,1.64,258,1.57,207,1.26,207,1.26,24.3,194.9,171.7,23.1,2104920,1281468,180202,643250,284,1.72,284,1.72,281,1.70,216,1.31,22.6,182.2,159.9,22.2,1617169,1270897,182578,163694,403,2.44,366,2.22,320,1.94,274,1.66,24.9,201.8,177.2,24.6,1631250,1280780,193805,156664,196,1.18,163,0.98,323,1.95,209,1.26,24.1,194.7,170.5,24.2,2188000,1308908,196138,682953
"제 조 업(15-37)","전규모(5인이상)","계(5인이상)",50296,2.17,41245,1.78,48065,2.07,35363,1.53,24.3,210.5,180.4,30.1,1188596,939001,154732,94863,41536,1.79,37389,1.61,47008,2.03,34605,1.49,21.2,185.8,156.9,28.8,1527895,906382,150574,470939,65366,2.83,57599,2.49,61564,2.66,46834,2.02,25.1,220.8,188.5,32.3,1310152,977287,163439,169426,65313,2.82,58561,2.53,59088,2.55,43729,1.89,24.7,216.7,185.0,31.6,1351954,959898,163678,228377,62457,2.69,51934,2.24,55390,2.38,42686,1.84,24.2,213.8,179.4,34.5,1273058,962525,183653,126879,68586,2.94,61690,2.65,55966,2.40,44865,1.93,25.4,226.0,190.3,35.7,1528233,955353,202326,370554,67040,2.86,61244,2.61,66100,2.82,46045,1.97,25.3,221.9,188.6,33.3,1383696,954446,181913,247337,64507,2.75,55501,2.37,58943,2.51,46134,1.97,24.2,214.5,181.2,33.3,1415681,963683,176118,275879,63633,2.71,56341,2.40,60116,2.56,51874,2.21,23.4,207.5,173.6,33.9,1623662,957730,186611,479320,75249,3.20,67462,2.87,67780,2.88,48114,2.04,25.2,223.4,187.0,36.4,1411840,979775,200599,231466,75971,3.22,65742,2.79,55338,2.34,46620,1.98,25.5,224.1,189.7,34.4,1277077,962022,194561,120493,70810,2.97,66903,2.81,57790,2.43,48771,2.05,25.5,226.1,191.5,34.7,2008822,1038441,186825,783557,80449,3.42,72131,3.07,60381,2.57,53087,2.26,25.2,217.2,183.9,33.4,1461053,1000867,182107,278078,75654,3.19,67179,2.83,65586,2.77,56558,2.38,23.2,200.0,168.4,31.5,1579635,977068,173617,428951,94871,3.98,77008,3.23,73857,3.10,60265,2.53,25.7,222.1,187.9,34.2,1370537,988717,193238,188582,67826,2.82,60017,2.50,66029,2.75,53792,2.24,23.8,206.8,173.9,32.9,1503887,992573,196396,314919,69222,2.88,62764,2.61,66817,2.78,54035,2.25,24.7,215.9,179.9,36.0,1373086,1019289,214339,139458,65754,2.73,59602,2.48,57641,2.39,46246,1.92,24.8,214.9,182.1,32.8,1636920,1025211,206381,405328,67610,2.80,60860,2.52,56256,2.33,45416,1.88,24.9,214.6,181.4,33.1,1554937,1036102,214855,303980,65356,2.69,57744,2.38,55343,2.28,46698,1.92,24.6,213.2,179.9,33.3,1689755,1061180,219494,409081,60415,2.48,53990,2.22,59120,2.43,48817,2.00,23.3,201.4,167.9,33.5,1664434,1040402,223683,400349,73829,3.03,68182,2.80,65546,2.69,55429,2.27,25.1,217.1,183.2,33.8,1558312,1041918,227601,288793,63927,2.61,56579,2.31,70638,2.89,62277,2.55,25.3,219.8,187.3,32.5,1371109,1033243,201057,136808,48038,1.97,42407,1.74,50518,2.07,44859,1.84,24.8,214.6,182.0,32.6,2037676,1073944,206092,757639,53724,2.12,48033,1.89,59112,2.33,50864,2.00,22.9,196.5,167.4,29.1,1879305,1068160,193268,617876,61543,2.43,55090,2.17,64570,2.55,53038,2.09,23.8,204.4,174.5,29.9,1507476,1049227,194782,263466,58193,2.30,47964,1.90,68027,2.69,51676,2.04,25.4,217.1,185.8,31.3,1488216,1074030,204247,209938,54477,2.16,49196,1.95,60347,2.39,51024,2.02,24.3,208.5,178.2,30.3,1584941,1079052,205361,300528,59251,2.36,51026,2.03,59993,2.39,49256,1.96,24.8,213.0,183.7,29.3,1417604,1083915,196061,137626,52572,2.09,48884,1.94,68152,2.71,55241,2.20,24.6,212.1,181.4,30.6,1734099,1079525,207346,447228,52579,2.10,48026,1.92,59764,2.39,51477,2.06,24.5,209.9,180.2,29.7,1627948,1100141,201942,325865,51966,2.09,49137,1.97,59965,2.41,49634,1.99,24.0,206.0,177.0,29.0,1662969,1113723,204967,344278,50471,2.03,47782,1.92,56021,2.26,47848,1.93,24.5,210.2,180.3,29.9,1828960,1117527,208447,502985,52101,2.10,47635,1.92,62692,2.53,54203,2.19,23.3,202.7,172.5,30.1,1592082,1109902,218015,264165,54205,2.20,50119,2.03,57957,2.35,52121,2.11,25.0,216.7,186.5,30.2,1446559,1113006,210232,123320,41873,1.70,38847,1.58,60580,2.46,49179,2.00,24.1,207.2,178.7,28.4,2147956,1152529,200651,794775
"전기, 가스 및 수도사업(40-41)","전규모(5인이상)","계(5인이상)",469,1.03,121,0.27,1002,2.21,556,1.23,24.7,206.8,182.2,24.7,1801226,1506133,246177,48916,1099,2.45,85,0.19,1497,3.34,951,2.12,22.1,186.5,161.5,25.0,2066868,1529905,260719,276243,305,0.69,187,0.42,191,0.43,132,0.30,24.6,209.6,182.3,27.3,2802153,1482921,263362,1055871,198,0.44,87,0.20,643,1.44,383,0.86,25.8,215.1,192.4,22.7,1887459,1502258,232641,152560,211,0.48,126,0.29,276,0.63,156,0.35,24.5,207.7,182.2,25.5,1785046,1507405,243931,33710,1260,2.86,326,0.74,958,2.18,339,0.77,25.7,218.4,193.2,25.2,3276313,1513533,243427,1519353,495,1.12,273,0.62,321,0.72,178,0.40,25.7,216.2,192.3,23.9,1723779,1389791,236236,97753,225,0.51,174,0.39,226,0.51,151,0.34,25.9,219.4,194.1,25.3,1862505,1475832,253498,133175,396,0.89,304,0.68,305,0.69,225,0.51,24.5,208.1,181.2,26.9,2812176,1430309,276120,1105748,260,0.58,200,0.45,230,0.52,152,0.34,25.2,214.0,184.5,29.5,1918113,1448514,285913,183686,148,0.33,111,0.25,429,0.96,231,0.52,25.5,215.9,187.1,28.8,1864494,1466275,266397,131821,342,0.77,106,0.24,217,0.49,162,0.37,25.9,218.7,191.7,27.0,4005780,1552712,261814,2191254,348,0.79,143,0.32,363,0.82,166,0.38,24.7,214.6,187.4,27.2,1898285,1565822,263882,68581,222,0.50,144,0.33,273,0.62,168,0.38,23.7,200.7,174.0,26.7,2138695,1638194,272532,227969,352,0.80,220,0.50,564,1.28,317,0.72,25.4,212.2,184.9,27.3,2833869,1588997,277137,967734,553,1.26,152,0.35,381,0.87,246,0.56,24.7,205.3,176.1,29.2,2004652,1566899,304329,133424,1544,3.51,216,0.49,1736,3.95,279,0.63,24.4,204.5,174.8,29.7,2030499,1560670,318215,151613,463,1.06,220,0.50,410,0.94,169,0.39,25.5,214.5,186.2,28.3,3009620,1577097,284000,1148524,234,0.53,180,0.41,268,0.61,187,0.43,25.2,208.5,183.7,24.9,1972858,1598054,262962,111843,254,0.58,73,0.17,267,0.61,221,0.50,25.3,212.3,184.9,27.5,2259410,1653444,284083,321883,299,0.68,205,0.47,208,0.48,161,0.37,23.9,201.1,172.6,28.5,3505307,1648496,344347,1512463,201,0.46,166,0.38,176,0.40,136,0.31,25.0,211.0,182.0,28.9,2255594,1654172,349918,251503,396,0.90,378,0.86,210,0.48,177,0.40,26.1,219.1,192.3,26.7,2121072,1699218,319037,102816,194,0.44,140,0.32,318,0.72,247,0.56,25.3,211.9,185.7,26.1,3466744,1703273,324962,1438508,348,0.76,248,0.54,276,0.61,239,0.52,23.9,201.4,173.6,27.7,3335904,1701601,357275,1277027,339,0.74,137,0.30,276,0.60,210,0.46,24.4,203.8,177.6,26.3,2310909,1768882,340644,201383,138,0.30,103,0.23,227,0.50,172,0.38,24.8,206.8,181.2,25.5,2585304,1711276,324869,549158,386,0.85,144,0.32,463,1.02,211,0.46,24.5,207.6,180.0,27.6,2574716,1688309,317510,568897,216,0.47,134,0.29,315,0.69,131,0.29,25.0,213.8,185.6,28.3,2126275,1690917,337370,97988,190,0.42,143,0.31,240,0.53,159,0.35,25.5,220.1,187.3,32.8,3280930,1687247,387166,1206517,179,0.39,120,0.26,195,0.43,133,0.29,25.3,217.6,183.7,33.9,2230251,1705875,396359,128017,287,0.63,165,0.36,271,0.60,164,0.36,25.5,222.4,188.9,33.4,2303528,1717211,393230,193085,365,0.80,287,0.63,414,0.91,225,0.50,25.4,219.8,188.0,31.7,3593692,1704313,373952,1515426,191,0.42,119,0.26,435,0.96,166,0.37,23.7,206.0,172.3,33.7,2369008,1714988,424967,229053,262,0.58,221,0.49,199,0.44,120,0.27,25.6,221.5,190.1,31.3,2773953,1826062,415088,532802,229,0.51,168,0.37,195,0.43,138,0.31,25.3,218.8,184.0,34.7,4548139,1962517,495685,2089936
"건설업(45)","전규모(5인이상)","계(5인이상)",8476,2.57,7461,2.26,10013,3.04,8314,2.52,24.3,190.9,181.7,9.2,1553262,1241538,59688,252036,6606,2.01,5171,1.58,8636,2.63,5836,1.78,21.2,166.4,159.6,6.7,1499913,1218496,52205,229212,13449,4.13,11839,3.63,9507,2.92,7526,2.31,25.7,202.2,194.4,7.8,1506580,1247224,53271,206085,14380,4.36,9871,2.99,7824,2.37,5713,1.73,25.3,197.9,190.8,7.1,1389294,1242213,54582,92499,22041,6.55,9857,2.93,12732,3.78,6361,1.89,24.5,191.8,184.1,7.7,1516005,1261135,60641,194229,13172,3.81,10877,3.15,11135,3.22,8310,2.40,25.9,204.4,196.1,8.3,1542244,1264027,66777,211441,10747,3.09,9303,2.68,8574,2.47,7526,2.16,25.4,200.4,190.9,9.6,1600395,1228506,78522,293368,9795,2.80,9176,2.62,11577,3.31,9522,2.72,25.3,200.1,191.1,9.0,1486533,1264423,80190,141921,9223,2.65,8423,2.42,10314,2.96,8476,2.43,23.2,182.2,175.5,6.7,1912282,1280459,54866,576957,9744,2.81,7318,2.11,9527,2.75,7125,2.05,25.7,199.9,193.0,6.9,1417850,1287927,57880,72043,11196,3.22,10008,2.88,8713,2.51,6832,1.97,26.0,203.3,194.8,8.5,1512527,1282432,70202,159892,9265,2.65,8560,2.45,8520,2.44,6910,1.98,25.9,204.1,195.5,8.6,1948126,1362232,83617,502277,13587,4.54,12624,4.21,11899,3.97,8013,2.68,25.1,193.9,187.8,6.1,1681827,1310285,40665,330877,10781,3.58,10285,3.41,9368,3.11,6857,2.28,22.9,181.0,172.6,8.4,1616990,1296094,66101,254795,10731,3.55,9855,3.26,10613,3.51,7749,2.56,25.9,203.8,193.0,10.8,1711737,1335411,83592,292734,13036,4.31,12006,3.97,9787,3.23,7522,2.48,23.8,183.3,176.7,6.6,1525438,1341420,65192,118826,11416,3.73,8524,2.79,9352,3.06,6396,2.09,24.8,193.4,184.3,9.1,1630583,1350012,67447,213124,9693,3.15,8672,2.82,11628,3.77,9183,2.98,24.9,195.4,185.7,9.6,1581655,1352700,68474,160482,11508,3.76,10582,3.46,10632,3.47,8009,2.62,24.9,193.7,183.8,9.9,1818662,1366814,69672,382176,10343,3.37,9447,3.08,7493,2.44,6268,2.04,26.1,200.5,191.4,9.2,1652563,1383829,67638,201096,8132,2.62,7474,2.41,10272,3.32,7688,2.48,23.1,179.3,171.6,7.8,1901904,1370284,67675,463945,9472,3.08,8764,2.85,7298,2.37,5085,1.65,25.1,197.2,187.2,9.9,1584766,1395888,83052,105825,11055,3.57,6773,2.19,14405,4.65,9128,2.95,25.8,202.7,193.6,9.0,1559656,1372860,77098,109697,6451,2.10,6104,1.99,10321,3.37,5764,1.88,24.9,194.0,185.8,8.1,2153002,1422434,76823,653744,10238,3.37,8565,2.82,11351,3.73,6946,2.28,22.5,173.6,169.1,4.4,1732463,1371032,46020,315410,10118,3.34,9465,3.12,9063,2.99,7018,2.32,24.1,186.9,180.7,6.2,1516366,1382557,50244,83564,7747,2.55,6535,2.15,15908,5.23,6315,2.08,25.6,199.2,192.7,6.5,1646390,1381826,46896,217667,7342,2.48,7079,2.39,11730,3.96,7941,2.68,24.2,188.1,181.8,6.3,1528649,1384965,49904,93780,9493,3.26,9211,3.16,8573,2.94,7185,2.46,25.2,197.2,190.9,6.3,1627306,1411643,54102,161560,9234,3.16,9186,3.14,10263,3.51,8669,2.96,25.1,195.4,188.7,6.8,1740101,1413737,59101,267263,8024,2.75,7741,2.66,11209,3.84,8222,2.82,25.2,196.9,189.8,7.1,1741071,1429726,60575,250770,9115,3.16,8595,2.98,7697,2.67,6760,2.34,25.6,199.6,193.3,6.2,1580990,1443118,51557,86315,7360,2.54,6918,2.39,8022,2.77,6752,2.33,24.9,193.6,187.5,6.0,1993987,1437597,49976,506413,7123,2.46,6659,2.30,7019,2.43,6566,2.27,23.9,187.1,181.0,6.0,1555112,1433257,47698,74155,9180,3.17,8543,2.95,8289,2.87,6015,2.08,25.8,202.6,196.0,6.5,1632617,1434086,49880,148649,7579,2.61,6971,2.40,6823,2.35,5301,1.83,25.0,195.3,188.3,6.9,1957910,1452213,57725,447971
"도소매,소비자용품 수리업 음식점업(50-55)(GH)","전규모(5인이상)","계(5인이상)",26002,3.39,17881,2.33,20917,2.73,14675,1.91,24.6,199.3,186.5,12.7,1230195,1039312,53501,137381,17082,2.21,15118,1.96,20225,2.62,15222,1.97,21.7,173.0,163.3,9.7,1378964,1036929,42311,299724,28329,3.69,22756,2.96,28677,3.73,23100,3.01,25.5,203.2,193.6,9.7,1294337,1068946,44336,181054,24019,3.13,20250,2.64,25209,3.28,17757,2.31,25.1,200.6,190.8,9.9,1242317,1061972,45018,135327,22515,2.94,19562,2.55,23510,3.06,17090,2.23,24.4,196.2,185.2,11.0,1203736,1065587,47242,90908,24360,3.18,20406,2.66,25406,3.32,19850,2.59,25.6,206.6,195.1,11.5,1450938,1110382,52617,287940,31581,4.13,26066,3.41,22226,2.91,16184,2.12,25.7,205.1,195.1,9.9,1387397,1078191,44478,264728,27233,3.52,24525,3.17,27624,3.57,21823,2.82,25.4,201.1,190.4,10.7,1303966,1110004,43162,150800,26339,3.40,23295,3.01,21507,2.78,18670,2.41,23.6,188.4,178.8,9.6,1524161,1080505,44785,398871,26100,3.35,24091,3.09,28639,3.68,19950,2.56,25.6,204.6,194.1,10.6,1254895,1076664,49200,129031,24822,3.20,22394,2.88,22119,2.85,18448,2.38,25.6,203.1,194.3,8.8,1258228,1094561,45007,118661,25663,3.29,23010,2.95,20119,2.58,16484,2.12,25.8,205.2,196.0,9.2,1846128,1151840,48044,646244,23192,3.11,21222,2.84,24673,3.31,21010,2.82,25.2,199.8,190.1,9.7,1332306,1104637,50221,177449,26085,3.50,22979,3.09,26823,3.60,20923,2.81,23.3,184.4,175.6,8.8,1410299,1102423,45466,262410,30265,4.07,25819,3.47,25897,3.48,19509,2.62,25.7,204.1,193.7,10.4,1365775,1125373,45276,195126,25788,3.45,22308,2.98,25285,3.38,19197,2.57,23.9,189.4,179.0,10.3,1365497,1151260,49065,165173,23480,3.14,21039,2.81,24037,3.21,17463,2.33,24.9,196.4,186.7,9.7,1329121,1185059,48815,95247,23388,3.13,22623,3.02,22626,3.02,17888,2.39,25.0,199.1,188.9,10.2,1541107,1163310,51232,326565,29228,3.90,25846,3.45,24232,3.24,18898,2.52,25.0,197.6,187.3,10.2,1533430,1186015,50142,297273,24742,3.28,21894,2.90,23936,3.17,19436,2.58,25.1,199.2,189.6,9.5,1457393,1186181,48910,222303,20601,2.73,18083,2.40,22553,2.99,17579,2.33,23.2,183.7,174.6,9.2,1656271,1200616,46570,409085,22715,3.02,20373,2.71,26124,3.47,20442,2.72,24.8,196.7,186.9,9.7,1395529,1194392,50227,150909,22704,3.03,20577,2.75,21270,2.84,17831,2.38,25.6,203.0,194.0,9.0,1367872,1195258,49515,123098,21590,2.88,19226,2.56,18206,2.42,15506,2.06,24.9,197.1,187.6,9.4,1946974,1231558,52760,662655,21718,2.85,19495,2.56,23872,3.13,18778,2.47,23.3,184.7,174.9,9.8,1662049,1230466,50147,381434,25173,3.31,22422,2.95,22807,3.00,18779,2.47,23.7,187.8,178.7,9.1,1427128,1231053,48200,147875,28154,3.70,23019,3.02,23287,3.06,19402,2.55,25.3,200.5,191.1,9.3,1548486,1257405,46614,244465,20182,2.63,18339,2.39,23390,3.05,17404,2.27,24.2,192.4,182.8,9.6,1488441,1264692,51871,171878,26380,3.46,19570,2.56,21747,2.85,19606,2.57,25.1,200.7,190.2,10.5,1489967,1284474,56563,148930,19136,2.49,17902,2.33,21313,2.77,19010,2.48,24.9,198.0,188.1,10.0,1667786,1273665,53094,341027,22674,2.96,20942,2.73,24436,3.19,20111,2.63,24.9,198.9,188.1,10.8,1631459,1289762,54348,287349,18365,2.40,16851,2.21,23198,3.04,19604,2.57,25.0,200.2,190.3,9.8,1518319,1288245,52293,177781,18842,2.48,16876,2.22,18918,2.49,16054,2.11,24.7,196.8,187.0,9.8,1795113,1289800,50268,455044,20906,2.75,19114,2.52,22324,2.94,20387,2.69,23.8,190.1,180.4,9.7,1562001,1290554,50973,220474,21384,2.82,19800,2.61,25054,3.31,23167,3.06,25.4,202.7,193.5,9.1,1486182,1287487,45930,152763,17110,2.27,16116,2.14,16526,2.19,14898,1.98,24.6,196.3,186.8,9.4,2160405,1327228,49856,783320
"도,소매 및 자동차용품 수리업(50-52)","전규모(5인이상)","계(5인이상)",20420,3.17,13941,2.17,17256,2.68,11291,1.75,24.6,198.4,186.2,12.2,1268602,1071119,53985,143498,13944,2.16,12231,1.89,16535,2.56,12427,1.92,21.6,171.8,162.4,9.4,1443545,1071671,42909,328966,23213,3.60,18292,2.84,24380,3.78,19367,3.01,25.5,201.8,192.6,9.1,1348657,1103212,44136,201309,19457,3.03,15873,2.47,21667,3.37,14826,2.31,25.0,199.5,190.1,9.4,1287912,1099178,45612,143122,18456,2.88,15699,2.45,19659,3.07,13906,2.17,24.3,194.9,184.4,10.5,1249690,1105217,48895,95578,20454,3.20,16910,2.64,21872,3.42,16838,2.63,25.7,207.2,196.0,11.2,1538726,1163461,55676,319589,26262,4.11,22136,3.47,18181,2.85,12753,2.00,25.7,204.9,195.3,9.6,1449877,1120001,46094,283781,22275,3.45,20716,3.20,21789,3.37,17269,2.67,25.3,200.8,190.4,10.4,1329527,1134006,44009,151512,22002,3.40,19116,2.96,17299,2.67,14687,2.27,23.4,186.8,177.7,9.2,1610625,1120188,45171,445266,21656,3.32,19807,3.04,23410,3.59,14991,2.30,25.6,203.4,193.9,9.5,1291345,1112211,49413,129721,20751,3.19,18538,2.85,17978,2.77,14732,2.27,25.6,202.7,194.2,8.5,1304175,1130219,46284,127672,20366,3.12,18754,2.87,16575,2.54,13760,2.11,25.8,204.5,195.8,8.6,1985990,1199833,48904,737253,19315,3.10,17510,2.81,20824,3.35,17835,2.87,25.2,198.2,189.4,8.8,1388867,1146617,50094,192156,22311,3.59,19572,3.15,21729,3.50,16357,2.63,23.2,182.8,174.8,8.1,1479358,1147263,45447,286648,25631,4.12,21334,3.43,22113,3.56,16387,2.64,25.6,202.0,193.3,8.7,1419143,1167729,44181,207232,21562,3.45,18437,2.95,20778,3.32,15697,2.51,23.8,187.7,178.3,9.4,1420760,1192057,48467,180237,20015,3.20,17812,2.85,21059,3.37,14971,2.39,24.8,194.7,185.9,8.8,1382674,1233008,47978,101688,20165,3.23,19489,3.12,19318,3.09,14885,2.38,25.0,197.2,187.8,9.4,1620490,1208631,51584,360274,24887,3.98,21950,3.51,20242,3.24,15893,2.54,24.9,196.0,186.6,9.4,1606962,1230252,50680,326030,20332,3.23,18230,2.89,18815,2.99,15342,2.43,25.0,197.7,189.1,8.6,1529920,1233315,49191,247413,16978,2.69,14723,2.33,18555,2.94,14200,2.25,23.1,181.6,173.6,8.0,1753436,1250226,46643,456568,19291,3.06,17183,2.73,22220,3.53,17070,2.71,24.7,195.4,186.5,8.8,1450969,1242092,50318,158558,18990,3.03,17244,2.75,17950,2.86,15189,2.42,25.5,201.7,193.5,8.1,1426699,1242321,51027,133349,17569,2.80,15460,2.46,15100,2.40,12652,2.01,24.8,195.8,187.1,8.6,2091306,1279054,53941,758309,17705,2.89,15994,2.61,18180,2.97,13469,2.20,23.1,182.9,173.8,9.0,1771029,1299581,52005,419441,20098,3.28,17450,2.85,16796,2.74,13785,2.25,23.7,186.3,178.2,8.2,1503475,1293895,50812,158766,22486,3.65,17706,2.88,18934,3.08,15567,2.53,25.2,198.4,189.9,8.5,1656599,1322365,49024,285209,16154,2.61,14445,2.33,19036,3.08,13829,2.23,24.1,190.1,181.3,8.8,1569047,1330400,54315,184332,21069,3.42,14664,2.38,16777,2.72,14898,2.42,24.9,198.7,189.2,9.5,1578924,1351603,58823,168497,14868,2.40,13842,2.23,17190,2.77,15491,2.50,24.7,195.9,186.7,9.1,1784756,1338652,55607,390497,19090,3.09,17793,2.88,19337,3.13,15674,2.54,24.7,196.7,186.7,10.0,1731326,1353993,56441,320893,15282,2.47,14276,2.31,18349,2.97,15056,2.44,24.8,197.7,188.8,8.9,1601934,1353698,54892,193344,15301,2.49,13589,2.21,15533,2.53,13337,2.17,24.6,195.0,186.0,8.9,1920879,1353334,52462,515082,16302,2.65,14677,2.39,18253,2.97,16576,2.70,23.6,187.9,179.1,8.8,1644369,1353968,51975,238426,16539,2.70,15123,2.47,19954,3.26,18614,3.04,25.3,201.2,193.0,8.2,1569323,1349946,45803,173573,13360,2.19,12579,2.06,13066,2.14,11930,1.96,24.4,193.7,185.5,8.2,2377255,1397147,48732,931374
"숙박 및 음식점업(55)","전규모(5인이상)","계(5인이상)",5582,4.54,3940,3.20,3661,2.98,3384,2.75,24.8,203.6,188.2,15.4,1030190,873678,50981,105531,3138,2.51,2887,2.31,3690,2.95,2795,2.24,22.0,179.1,168.0,11.1,1044356,856923,39218,148215,5116,4.11,4464,3.59,4297,3.46,3733,3.00,25.8,210.8,198.4,12.4,1014018,892115,45372,76530,4562,3.65,4377,3.50,3542,2.83,2931,2.34,25.4,206.7,194.4,12.3,1009356,871874,41984,95498,4059,3.22,3863,3.06,3851,3.05,3184,2.52,25.0,202.9,189.2,13.6,970702,864619,38855,67228,3906,3.09,3496,2.77,3534,2.80,3012,2.38,25.1,203.4,190.7,12.7,1007693,842385,37170,128138,5319,4.20,3930,3.10,4045,3.19,3431,2.71,25.6,205.8,194.3,11.5,1072343,867362,36330,168651,4958,3.87,3809,2.98,5835,4.56,4554,3.56,25.5,202.6,190.4,12.1,1174417,988354,38871,147192,4337,3.41,4179,3.29,4208,3.31,3983,3.13,24.3,196.4,184.6,11.9,1082884,877981,42814,162088,4444,3.49,4284,3.37,5229,4.11,4959,3.90,25.7,211.0,195.2,15.8,1067963,894361,48109,125493,4071,3.22,3856,3.05,4141,3.27,3716,2.94,25.7,205.4,195.0,10.3,1021616,910930,38428,72258,5297,4.19,4256,3.37,3544,2.80,2724,2.15,25.8,209.2,197.0,12.2,1127024,905081,43623,178321,3877,3.13,3712,3.00,3849,3.11,3175,2.57,25.4,207.3,193.3,14.0,1048176,893749,50857,103571,3774,3.05,3407,2.75,5094,4.12,4566,3.69,24.0,192.2,179.8,12.4,1061826,876158,45565,140103,4634,3.78,4485,3.66,3784,3.09,3122,2.55,26.1,214.9,196.1,18.8,1095078,910529,50831,133718,4226,3.43,3871,3.14,4507,3.66,3500,2.84,24.4,197.8,182.8,15.0,1084866,944088,52103,88675,3465,2.82,3227,2.62,2978,2.42,2492,2.03,25.4,205.2,190.8,14.4,1057454,941823,53059,62572,3223,2.61,3134,2.54,3308,2.68,3003,2.43,25.2,208.7,194.5,14.1,1139129,933811,49449,155869,4341,3.52,3896,3.16,3990,3.23,3005,2.43,25.3,205.7,191.2,14.6,1159848,961266,47410,151173,4410,3.56,3664,2.96,5121,4.14,4094,3.31,25.5,206.7,192.6,14.1,1086574,945188,47473,93913,3623,2.94,3360,2.73,3998,3.25,3379,2.75,23.9,194.6,179.5,15.1,1157302,945855,46195,165251,3424,2.79,3190,2.60,3904,3.18,3372,2.75,25.2,203.5,189.2,14.3,1110855,949463,49759,111631,3714,3.04,3333,2.73,3320,2.72,2642,2.16,25.9,210.0,196.6,13.4,1066154,953878,41755,70520,4021,3.28,3766,3.07,3106,2.53,2854,2.33,25.2,203.5,190.2,13.3,1208596,988572,46721,173302,4013,2.69,3501,2.35,5692,3.82,5309,3.57,23.7,192.5,179.3,13.1,1211332,944622,42462,224246,5075,3.45,4972,3.38,6011,4.08,4994,3.39,23.8,194.0,180.8,13.2,1107828,968232,37272,102323,5668,3.87,5313,3.63,4353,2.98,3835,2.62,26.0,209.2,196.5,12.6,1094391,984562,36493,73335,4028,2.73,3894,2.64,4354,2.95,3575,2.42,24.9,202.0,188.8,13.2,1150836,989484,41636,119716,5311,3.61,4906,3.33,4970,3.37,4708,3.20,25.6,209.1,194.6,14.5,1116977,1003005,47088,66884,4268,2.89,4060,2.75,4123,2.79,3519,2.38,25.5,207.0,193.6,13.3,1177368,1001195,42556,133617,3584,2.43,3149,2.13,5099,3.45,4437,3.00,25.5,207.9,194.0,13.8,1211667,1019766,45552,146348,3083,2.11,2575,1.76,4849,3.32,4548,3.11,25.9,210.7,197.1,13.6,1163828,1010753,41272,111802,3541,2.45,3287,2.27,3385,2.34,2717,1.88,25.1,204.5,191.2,13.3,1260389,1019672,40939,199777,4604,3.18,4437,3.07,4071,2.81,3811,2.63,24.5,199.7,185.9,13.8,1213247,1022055,46729,144462,4845,3.34,4677,3.22,5100,3.51,4553,3.14,25.7,209.0,195.9,13.0,1136031,1024439,46467,65123,3750,2.59,3537,2.44,3460,2.39,2968,2.05,25.3,207.0,192.4,14.6,1249579,1033551,54577,161451
"운수, 창고 및 통신업(60-64)","전규모(5인이상)","계(5인이상)",11531,2.33,6747,1.36,12005,2.43,8344,1.69,24.3,211.7,183.0,28.7,1395318,1006922,186805,201591,7321,1.48,6694,1.35,9582,1.94,6830,1.38,22.1,192.5,165.2,27.3,1651886,1078625,175479,397782,10840,2.20,8737,1.78,9294,1.89,6345,1.29,25.5,223.5,192.6,30.9,1406700,1037691,189903,179106,10798,2.19,9608,1.95,10967,2.22,8252,1.67,25.4,216.6,187.6,29.0,1536680,1035942,186057,314681,10254,2.08,8559,1.73,8829,1.79,5772,1.17,24.5,215.5,183.3,32.2,1402480,1045744,197636,159100,10478,2.12,9048,1.83,10004,2.02,8193,1.66,25.2,219.6,189.0,30.6,1727585,1050838,191126,485620,25395,5.13,9285,1.87,13440,2.71,7172,1.45,25.6,222.7,192.4,30.3,1356786,990662,187954,178170,9776,1.93,9072,1.79,10340,2.04,9224,1.82,25.1,220.6,189.0,31.5,1623009,1073061,184994,364954,11032,2.18,10117,2.00,8291,1.64,6535,1.29,23.4,206.5,176.1,30.4,1629506,1072168,190295,367044,11650,2.29,10341,2.03,8824,1.73,7502,1.47,25.3,221.6,188.8,32.7,1522318,1065991,191279,265048,10185,1.99,9188,1.79,9075,1.77,7408,1.45,25.3,219.8,188.8,31.0,1530320,1056822,180654,292844,10534,2.05,9608,1.87,10597,2.06,7864,1.53,25.4,220.1,189.8,30.4,1870067,1183347,189640,497080,12289,2.43,11022,2.18,10096,2.00,8270,1.63,25.8,213.6,184.4,29.2,1555796,1128377,169859,257559,12390,2.44,10572,2.08,10652,2.10,7637,1.50,23.6,204.4,174.8,29.6,1804704,1161434,179698,463572,19584,3.84,16753,3.29,10356,2.03,6646,1.30,25.9,221.8,191.5,30.3,1535839,1194459,178572,162809,19636,3.78,17144,3.30,11908,2.29,8190,1.58,24.3,212.5,178.0,34.5,1838378,1176753,183218,478408,12660,2.40,11192,2.12,10517,2.00,6939,1.32,25.0,216.0,184.2,31.7,1514039,1188332,198119,127588,12780,2.42,11384,2.15,12033,2.28,9410,1.78,24.9,214.3,183.5,30.8,1990742,1217239,184326,589176,13965,2.64,12048,2.27,12238,2.31,8823,1.67,24.9,213.6,183.8,29.9,1587940,1224853,180452,182635,13559,2.55,12469,2.35,11953,2.25,9939,1.87,25.5,216.9,187.5,29.4,1817724,1238396,184075,395253,10558,1.98,9503,1.78,11416,2.14,9466,1.78,23.6,201.4,172.5,28.9,1870387,1215318,181784,473284,18740,3.52,12527,2.35,13672,2.57,11607,2.18,24.9,216.9,184.7,32.1,1733349,1233269,198322,301756,11385,2.12,10545,1.96,10332,1.92,8499,1.58,25.3,218.3,188.5,29.7,1711970,1245211,185536,281222,8490,1.58,7903,1.47,9310,1.73,7162,1.33,24.8,213.0,183.3,29.6,1952267,1258220,188767,505280,8520,1.59,7957,1.48,13339,2.48,11702,2.18,23.5,202.8,172.7,30.0,1852102,1244474,187057,420569,10801,2.03,8659,1.63,12593,2.37,9497,1.78,23.7,204.1,175.3,28.8,1618147,1215451,176908,225787,14354,2.71,12633,2.38,16951,3.19,8916,1.68,25.4,217.3,188.7,28.5,1584806,1255336,181356,148113,11630,2.20,10621,2.01,12875,2.44,9384,1.78,24.3,209.0,180.3,28.7,1869703,1250406,181499,437799,10895,2.07,10034,1.90,12941,2.46,10598,2.01,24.9,214.5,184.9,29.6,1570808,1250298,192898,127610,10401,1.98,9761,1.86,11739,2.24,10676,2.03,24.7,212.5,182.9,29.6,1903829,1264618,190810,448401,11829,2.26,10140,1.94,12973,2.48,11212,2.14,25.0,214.9,184.4,30.5,1649344,1288819,197365,163160,11224,2.15,10267,1.97,12731,2.44,11104,2.13,25.2,216.7,186.5,30.1,1846407,1254203,185181,407022,11244,2.16,10280,1.97,13453,2.58,11834,2.27,24.7,211.8,181.8,29.9,1887289,1256010,190212,441066,11620,2.24,10915,2.11,13234,2.55,12107,2.33,24.2,208.7,178.3,30.3,1756115,1267099,206330,282686,11996,2.32,11562,2.24,12037,2.33,10488,2.03,25.4,216.8,187.4,29.3,1700464,1277313,202435,220716,10048,1.94,9280,1.80,11736,2.27,10059,1.95,24.9,215.1,184.1,31.0,2096423,1377376,207957,511088
"금융및보험업,부동산,사업서비스업(65-74)(JK)","전규모(5인이상)","계(5인이상)",24632,2.39,18023,1.75,38912,3.77,17739,1.72,23.8,194.3,176.4,17.8,1664389,1282163,33120,349106,30099,2.96,18833,1.85,23824,2.34,11547,1.14,21.0,171.1,156.0,15.1,1712088,1212942,38552,460594,32118,3.14,25696,2.51,26723,2.61,17595,1.72,25.1,203.5,186.6,16.9,1744200,1258350,40120,445729,31231,3.04,23960,2.33,39726,3.86,21187,2.06,24.3,198.2,181.4,16.9,1586192,1250185,41003,295003,27267,2.67,20273,1.99,25122,2.46,16870,1.65,23.4,191.4,174.5,16.9,1540511,1256677,41039,242795,24388,2.39,21047,2.06,26785,2.62,19702,1.93,24.9,205.3,187.5,17.9,1843502,1249366,41334,552802,29938,2.94,21956,2.15,24664,2.42,16432,1.61,25.1,202.9,187.7,15.2,1899199,1294151,40749,564299,29740,2.90,22793,2.22,29709,2.90,21615,2.11,24.7,200.0,185.0,15.0,1544503,1213156,39748,291599,23771,2.32,17712,1.73,21714,2.12,16906,1.65,22.8,187.1,171.1,16.0,2114020,1260015,42318,811688,28044,2.73,22305,2.17,25013,2.44,18067,1.76,25.1,203.6,186.8,16.8,1640007,1286338,48884,304785,27235,2.64,22051,2.14,21716,2.11,15204,1.48,25.3,205.5,188.8,16.8,1576049,1273862,50160,252027,25191,2.43,20209,1.95,21739,2.10,15548,1.50,25.3,207.0,190.3,16.7,2527251,1423934,52926,1050391,32570,3.29,24653,2.49,28609,2.89,18954,1.92,24.7,200.0,184.4,15.6,2006598,1355618,42113,608867,35166,3.54,26542,2.67,33522,3.37,24242,2.44,22.8,187.1,170.6,16.5,1808728,1286102,44731,477894,39323,3.95,33544,3.37,30451,3.06,20604,2.07,25.2,204.3,187.6,16.6,1896621,1306889,42881,546852,35248,3.51,28366,2.82,33572,3.34,23941,2.38,23.1,186.4,169.9,16.5,1763880,1332917,50493,380471,27044,2.69,22209,2.21,25388,2.52,19924,1.98,24.0,196.8,177.9,18.9,1651764,1348112,57137,246514,30986,3.08,27033,2.68,27971,2.78,22442,2.23,24.4,198.9,180.0,18.8,1962855,1349305,51724,561825,27953,2.77,23236,2.30,31670,3.13,23581,2.33,24.2,197.3,178.7,18.6,1898946,1376341,45662,476943,27707,2.75,22978,2.28,28268,2.81,22341,2.22,24.6,201.0,182.6,18.4,1740932,1352812,44158,343963,32276,3.21,28606,2.84,22972,2.28,17566,1.75,22.7,184.4,167.1,17.3,2151287,1396162,46628,708497,24173,2.38,19706,1.94,24793,2.44,18118,1.78,24.3,200.2,180.9,19.2,1697588,1386522,44953,266112,25722,2.53,20987,2.07,26754,2.64,21151,2.08,25.0,206.3,186.8,19.4,1681399,1352945,49892,278562,25388,2.50,20935,2.06,25141,2.48,19048,1.88,24.2,198.4,179.3,19.0,2514004,1539010,62448,912545,34885,3.48,27579,2.75,31423,3.13,25169,2.51,22.4,184.9,166.8,18.0,2208278,1464179,44468,699629,33942,3.37,25357,2.52,31655,3.14,21237,2.11,23.2,190.0,172.7,17.3,1903422,1393524,44499,465398,33249,3.29,25323,2.51,31422,3.11,21105,2.09,24.8,202.2,185.0,17.2,1989524,1425874,45856,517793,29226,2.89,23511,2.33,28836,2.85,21123,2.09,23.4,190.0,175.1,14.9,1788830,1429761,35850,323219,24640,2.44,21553,2.13,25840,2.55,20780,2.05,24.2,199.0,190.8,8.2,1735708,1452236,34632,248839,21616,2.14,19003,1.88,26877,2.66,22010,2.18,24.1,195.3,187.7,7.6,2036909,1450413,35854,550642,28591,2.84,23558,2.34,28364,2.82,21428,2.13,24.1,198.5,189.4,9.1,2060168,1467885,37232,555051,25461,2.53,21803,2.17,24621,2.45,19292,1.92,24.6,203.5,194.2,9.3,1804643,1458969,37196,308477,26903,2.67,22536,2.24,28181,2.80,21020,2.09,24.0,197.5,189.6,7.8,2217436,1459848,38454,719133,25434,2.53,21821,2.17,27648,2.75,20905,2.08,23.1,191.1,183.0,8.1,1832868,1442176,39300,351391,21560,2.15,19264,1.92,25694,2.56,20128,2.01,24.7,203.6,195.8,7.7,1766132,1455084,39077,271970,23473,2.35,20437,2.05,20654,2.07,16226,1.63,23.9,196.2,188.0,8.1,2594325,1571021,41102,982201
"금융 및 보험업(65-67)","전규모(5인이상)","계(5인이상)",7753,1.56,4181,0.84,12064,2.42,5135,1.03,24.2,183.4,179.1,4.3,2107079,1457281,31132,618666,15266,3.09,6172,1.25,10935,2.22,3330,0.67,21.0,159.7,154.9,4.8,2103721,1353715,36524,713482,13401,2.69,9398,1.89,9222,1.85,5234,1.05,25.4,194.8,189.1,5.7,2123849,1386927,37453,699469,13675,2.72,8695,1.73,21582,4.30,8994,1.79,24.6,189.0,183.2,5.8,1860370,1374457,41442,444470,10153,2.05,4505,0.91,9808,1.98,5695,1.15,23.5,180.7,174.2,6.6,1865021,1410311,41852,412857,7601,1.54,4989,1.01,6875,1.39,4422,0.89,25.5,196.2,190.5,5.7,2304337,1461810,42510,800017,12581,2.54,6241,1.26,8921,1.80,4256,0.86,25.5,194.9,189.2,5.6,2399389,1457346,41023,901021,12330,2.47,7055,1.41,13252,2.66,8432,1.69,24.8,189.8,184.5,5.3,1760552,1306449,37605,416498,8478,1.70,4370,0.88,7450,1.50,4892,0.98,22.8,176.4,170.6,5.8,2632621,1371879,42380,1218361,10909,2.19,7473,1.50,8665,1.74,5451,1.09,25.6,195.9,188.0,7.9,1986982,1423609,57775,505598,10709,2.14,6908,1.38,7579,1.51,4045,0.81,25.7,198.7,190.7,8.0,1932724,1452920,59335,420470,8865,1.76,6319,1.25,6602,1.31,3740,0.74,25.8,200.2,192.8,7.4,3125243,1667771,61402,1396070,10237,2.28,5129,1.14,8926,1.99,4225,0.94,24.9,190.8,184.9,6.0,2712482,1547435,49096,1115951,12762,2.84,6546,1.46,13148,2.92,6484,1.44,23.0,177.2,171.5,5.7,2282091,1454457,44566,783067,10811,2.41,6113,1.36,10547,2.35,5622,1.25,25.7,196.5,190.6,5.9,2478574,1522831,43189,912553,11589,2.58,7316,1.63,11755,2.62,5700,1.27,23.3,178.1,172.0,6.1,2229991,1504601,44762,680627,6818,1.52,4696,1.05,7178,1.60,4949,1.10,24.3,187.2,179.4,7.8,1985570,1532651,63592,389327,10023,2.23,6955,1.55,7079,1.58,4486,1.00,25.0,190.0,183.4,6.6,2427624,1548015,48355,831255,8828,1.95,5421,1.20,10586,2.34,6322,1.40,24.5,185.3,180.1,5.2,2434659,1591163,35326,808170,9935,2.21,6729,1.49,7998,1.78,5042,1.12,25.1,191.1,185.6,5.5,2103873,1534582,34844,534447,7193,1.59,5045,1.12,6978,1.54,4607,1.02,22.7,171.7,166.1,5.6,2743557,1631503,43479,1068575,6324,1.40,3234,0.72,7496,1.66,4537,1.00,25.2,190.6,186.4,4.2,2083057,1577958,41325,463772,7948,1.76,4887,1.08,9696,2.15,6246,1.38,25.7,196.0,190.0,5.9,2084168,1553574,54533,476060,6908,1.54,3758,0.84,9146,2.04,5539,1.23,24.7,187.8,181.2,6.6,3193483,1850328,77040,1266114,11636,2.68,5923,1.36,9364,2.15,5741,1.32,22.8,174.1,168.5,5.5,3062356,1761018,48915,1252422,11384,2.60,6340,1.45,14398,3.29,7732,1.77,23.7,181.2,174.7,6.5,2532442,1601329,51302,879810,9228,2.13,4683,1.08,10858,2.50,4890,1.13,25.4,193.6,187.5,6.1,2485878,1654574,52247,779056,7951,1.84,4434,1.03,9834,2.27,5028,1.16,23.8,179.4,176.0,3.4,2264800,1652105,27810,584885,6343,1.47,4270,0.99,6529,1.52,4524,1.05,24.7,188.1,184.2,3.9,2147786,1687119,30993,429672,5010,1.16,2999,0.70,7510,1.74,4685,1.09,24.6,185.7,181.8,3.9,2597790,1690699,31075,876017,7915,1.85,4566,1.07,9080,2.12,4688,1.10,24.6,186.5,182.2,4.2,2776119,1726001,32975,1017143,7397,1.73,5132,1.20,6626,1.55,4456,1.04,25.2,192.3,188.2,4.0,2258281,1704608,31885,521788,7992,1.87,4853,1.13,9733,2.28,6271,1.47,24.6,186.3,181.9,4.4,2913250,1700809,35943,1176497,6772,1.59,4248,1.00,8085,1.90,4036,0.95,23.6,180.3,175.7,4.5,2382024,1677111,39167,665745,4040,0.95,3080,0.73,7660,1.80,5016,1.18,25.4,194.3,189.3,5.0,2234417,1697049,41228,496139,5125,1.22,3633,0.86,5352,1.27,3370,0.80,24.3,185.2,180.0,5.1,3461031,1878874,45307,1536849
"부동산 및 사업서비스업(70-74)","전규모(5인이상)","계(5인이상)",16879,3.16,13842,2.60,26848,5.03,12604,2.36,23.4,204.5,174.0,30.5,1249050,1117865,34984,96200,14833,2.83,12661,2.42,12889,2.46,8217,1.57,21.0,181.9,157.0,24.9,1341832,1079853,40469,221510,18717,3.56,16298,3.10,17501,3.33,12361,2.35,24.8,211.7,184.2,27.5,1383281,1136117,42656,204507,17556,3.33,15265,2.90,18144,3.45,12193,2.32,24.0,206.9,179.6,27.3,1326667,1132555,40587,153525,17114,3.25,15768,3.00,15314,2.91,11175,2.12,23.4,201.4,174.8,26.6,1236027,1112523,40276,83228,16787,3.18,16058,3.04,19910,3.77,15280,2.90,24.4,213.9,184.6,29.3,1410093,1049565,40228,320300,17357,3.31,15715,3.00,15743,3.00,12176,2.32,24.7,210.5,186.3,24.2,1426013,1139767,40489,245756,17410,3.31,15738,2.99,16457,3.13,13183,2.51,24.7,209.7,185.5,24.3,1340056,1124873,41776,173407,15293,2.90,13342,2.53,14264,2.71,12014,2.28,22.8,197.2,171.7,25.6,1624136,1154345,42259,427532,17135,3.24,14832,2.81,16348,3.10,12616,2.39,24.7,210.9,185.7,25.2,1311733,1156466,40472,114795,16526,3.12,15143,2.86,14137,2.67,11159,2.11,24.8,212.1,187.0,25.1,1237801,1104056,41459,92287,16326,3.07,13890,2.61,15137,2.85,11808,2.22,24.9,213.5,188.0,25.5,1959029,1192235,44873,721921,22333,4.12,19524,3.61,19683,3.64,14729,2.72,24.5,207.7,184.1,23.6,1422806,1196978,36338,189490,22404,4.12,19996,3.67,20374,3.74,17758,3.26,22.6,195.3,169.9,25.3,1418518,1147321,44868,226330,28512,5.22,27431,5.02,19904,3.64,14982,2.74,24.8,210.6,185.2,25.4,1421597,1130623,42629,248344,23659,4.26,21050,3.79,21817,3.93,18241,3.29,22.9,193.1,168.2,24.9,1386949,1194081,55126,137742,20226,3.63,17513,3.15,18210,3.27,14975,2.69,23.8,204.5,176.8,27.8,1382915,1199484,51939,131492,20963,3.75,20078,3.59,20892,3.74,17956,3.21,23.9,206.0,177.3,28.7,1588152,1189104,54440,344608,19125,3.42,17815,3.19,21084,3.77,17259,3.09,23.9,206.9,177.6,29.3,1465746,1202628,54019,209100,17772,3.19,16249,2.92,20270,3.64,17299,3.11,24.2,209.0,180.2,28.8,1446208,1205207,51721,189280,25083,4.53,23561,4.25,15994,2.89,12959,2.34,22.7,194.6,167.8,26.8,1672033,1205728,49177,417128,17849,3.17,16472,2.92,17297,3.07,13581,2.41,23.6,207.8,176.6,31.2,1388669,1233103,47861,107705,17774,3.15,16100,2.86,17058,3.03,14905,2.64,24.4,214.5,184.2,30.2,1360020,1192857,46189,120974,18480,3.27,17177,3.04,15995,2.83,13509,2.39,23.8,206.8,177.9,28.9,1975758,1292401,50890,632467,23249,4.09,21656,3.81,22059,3.88,19428,3.42,22.2,193.2,165.5,27.6,1553869,1236737,41061,276070,22558,3.96,19017,3.34,17257,3.03,13505,2.37,22.8,196.7,171.2,25.5,1424598,1235338,39321,149937,24021,4.18,20640,3.59,20564,3.58,16215,2.82,24.4,208.6,183.1,25.5,1616554,1254024,41053,321476,21275,3.68,19077,3.30,19002,3.28,16095,2.78,23.1,197.9,174.5,23.4,1434388,1264187,41837,128364,18297,3.15,17283,2.98,19311,3.33,16256,2.80,23.9,207.0,195.6,11.4,1429913,1277933,37332,114646,16606,2.86,16004,2.76,19367,3.34,17325,2.99,23.7,202.4,192.1,10.2,1620633,1272077,39401,309156,20676,3.58,18992,3.29,19284,3.34,16740,2.90,23.7,207.4,194.7,12.7,1530444,1276908,40382,213153,18064,3.12,16671,2.88,17995,3.11,14836,2.57,24.1,211.8,198.6,13.1,1469579,1277537,41118,150923,18911,3.27,17683,3.06,18448,3.19,14749,2.55,23.6,205.8,195.3,10.4,1704318,1282155,40305,381857,18662,3.22,17573,3.04,19563,3.38,16869,2.91,22.7,199.1,188.3,10.7,1429197,1269481,39398,120317,17520,3.03,16184,2.80,18034,3.12,15112,2.61,24.3,210.3,200.6,9.7,1423485,1278036,37503,107945,18348,3.18,16804,2.91,15302,2.65,12856,2.23,23.5,204.1,193.9,10.2,1964416,1347277,38045,579092
"교육,보건및사업,개인서비스업(80-93)(M-0)","전규모(5인이상)","계(5인이상)",13776,2.21,8928,1.43,13900,2.23,8761,1.41,24.0,187.6,179.0,8.5,1578479,1258504,51872,268103,9894,1.59,6592,1.06,10421,1.67,6453,1.04,21.4,168.7,159.1,9.6,1643119,1225091,55035,362993,24802,3.99,21906,3.52,25415,4.09,14014,2.25,25.5,197.8,191.2,6.6,1714501,1320872,44305,349324,14325,2.31,12425,2.00,11045,1.78,8483,1.37,25.0,195.1,187.1,8.0,1532837,1268384,51743,212711,12837,2.06,10023,1.61,10203,1.63,7753,1.24,24.3,190.2,180.8,9.5,1547666,1283558,57826,206282,13281,2.12,11580,1.85,9708,1.55,8234,1.31,25.6,202.6,192.1,10.5,1788539,1318817,53602,416120,13974,2.22,11504,1.82,13082,2.07,9881,1.57,25.6,203.9,191.6,12.4,1642083,1295994,49844,296246,7947,1.26,6769,1.07,11665,1.85,8555,1.35,25.3,199.6,189.4,10.1,1603134,1252409,51099,299626,17762,2.83,13742,2.19,14057,2.24,11412,1.82,23.1,185.3,173.5,11.7,1891589,1313318,56121,522150,13174,2.09,10683,1.69,11802,1.87,9008,1.43,25.5,200.6,189.8,10.8,1541879,1293828,58009,190041,16122,2.55,14991,2.37,11701,1.85,9697,1.53,25.6,201.4,191.5,9.9,1527923,1249767,53073,225082,12692,1.99,11904,1.87,10097,1.58,8806,1.38,25.6,202.4,192.3,10.1,1926260,1316930,55415,553915,17440,2.62,13995,2.10,18310,2.75,14972,2.25,24.9,200.0,185.8,14.2,1699872,1356824,70799,272249,13755,2.07,12711,1.91,18533,2.79,15458,2.32,23.0,185.2,172.1,13.1,1693659,1271818,66383,355459,38133,5.78,32629,4.94,30204,4.58,22367,3.39,25.7,207.4,192.4,14.9,1744580,1341138,73792,329650,17958,2.69,15313,2.29,16172,2.42,10106,1.51,23.7,190.5,175.3,15.3,1643745,1295633,87514,260598,21036,3.14,18666,2.79,12778,1.91,9904,1.48,24.9,199.0,184.9,14.1,1653710,1347107,76288,230315,13215,1.95,12424,1.83,10609,1.56,8620,1.27,24.8,198.1,185.1,13.0,1987184,1415280,76915,494989,11485,1.69,9496,1.39,13948,2.05,9695,1.42,24.8,194.5,182.2,12.3,1728525,1384236,73410,270879,10209,1.51,8906,1.31,15152,2.23,9926,1.46,25.0,197.6,185.2,12.3,1717674,1335519,75183,306972,15725,2.34,14028,2.08,15941,2.37,13929,2.07,23.2,180.8,171.2,9.6,1908194,1387231,70335,450628,12678,1.88,11839,1.76,14945,2.22,11100,1.65,24.6,193.2,183.0,10.2,1702517,1343989,71150,287376,13209,1.97,11400,1.70,12716,1.90,10738,1.60,25.5,200.5,191.3,9.2,1643268,1344284,65695,233289,10375,1.55,9078,1.35,10173,1.52,8783,1.31,24.7,192.5,182.9,9.5,2096156,1466888,63581,565686,14158,1.89,13318,1.78,15819,2.11,11903,1.59,23.1,181.6,171.8,9.7,1873204,1424997,62084,386121,14846,1.99,14012,1.88,17576,2.35,15174,2.03,23.6,186.5,177.3,9.2,1672845,1333739,63692,275413,29524,3.97,27058,3.63,26921,3.62,22562,3.03,25.4,199.6,190.0,9.6,1790970,1386104,55646,349219,16051,2.15,14919,2.00,14374,1.92,11343,1.52,24.1,191.1,180.0,11.1,1707301,1378891,64946,263465,15190,2.03,14249,1.90,10996,1.47,8987,1.20,25.0,198.2,187.1,11.1,1712210,1402243,67917,242048,13782,1.83,12432,1.65,13980,1.86,11001,1.46,24.8,196.0,185.2,10.8,1891347,1449399,69309,372639,12888,1.71,11618,1.54,14923,1.98,12147,1.61,24.8,194.8,183.8,11.0,1816993,1421640,67785,327568,14004,1.87,13002,1.73,23407,3.12,21373,2.85,25.0,197.9,187.1,10.8,1772419,1393174,67355,311888,17737,2.39,16508,2.23,12817,1.73,10278,1.39,24.7,194.4,184.1,10.2,2008485,1434664,65355,508465,12360,1.66,11856,1.59,15775,2.11,13539,1.81,23.9,189.2,178.3,10.9,1763280,1440307,70208,252765,11583,1.56,11327,1.52,12118,1.63,10599,1.43,25.7,202.6,192.4,10.1,1767353,1420730,66617,280005,9161,1.23,8886,1.20,10653,1.44,8582,1.16,24.7,194.2,184.3,9.9,2024304,1465845,65993,492465
"교육 서비스업(80)","전규모(5인이상)","계(5인이상)",6434,2.65,3983,1.64,5072,2.09,2652,1.09,23.6,182.2,174.3,8.0,1733815,1342289,40165,351361,4317,1.76,1879,0.77,3725,1.52,1659,0.68,20.9,166.4,155.2,11.1,1804330,1324507,43865,435958,11768,4.80,11227,4.58,11897,4.85,6678,2.72,24.8,190.7,186.1,4.6,1952520,1469938,23457,459125,5114,2.09,4717,1.92,3098,1.26,2420,0.99,24.6,193.2,185.6,7.6,1660019,1399191,43337,217491,4791,1.94,2996,1.21,3480,1.41,2861,1.16,23.8,186.1,177.8,8.3,1673290,1424721,43594,204975,5505,2.22,5062,2.04,2569,1.03,2560,1.03,25.2,202.9,191.9,11.0,1942883,1442277,31331,469275,5703,2.27,4612,1.84,4826,1.92,4262,1.70,25.2,201.1,189.1,12.0,1938854,1500897,33374,404582,2786,1.10,2106,0.84,4552,1.80,2792,1.11,24.8,197.2,186.5,10.7,1747946,1405871,30660,311415,8968,3.58,7603,3.04,6117,2.44,4910,1.96,22.8,186.2,171.6,14.5,2104349,1412797,48840,642712,5653,2.23,4312,1.70,2798,1.10,1773,0.70,25.1,200.2,187.2,13.1,1657591,1416669,43004,197918,7492,2.92,7482,2.92,3533,1.38,3435,1.34,25.3,202.8,190.7,12.2,1743295,1410800,42499,289997,6086,2.34,6074,2.34,3142,1.21,2998,1.15,25.1,203.8,190.9,12.9,2003530,1464689,45460,493381,6500,2.33,5123,1.83,9536,3.41,8338,2.98,24.4,205.3,184.2,21.1,1872883,1486278,72772,313833,4162,1.51,3970,1.44,5526,2.00,4415,1.60,22.6,189.1,170.3,18.8,1858949,1382963,72712,403273,17275,6.28,14842,5.40,13737,4.99,11663,4.24,25.5,213.2,191.3,21.9,1929888,1426717,82834,420337,7151,2.57,5614,2.01,7491,2.69,3493,1.25,23.2,190.8,172.2,18.6,1804132,1416482,89428,298222,8975,3.23,7985,2.87,3475,1.25,2742,0.99,24.4,201.2,181.2,20.0,1828997,1459481,90609,278908,3486,1.23,3423,1.21,2426,0.85,2081,0.73,24.3,200.1,181.2,18.9,2078413,1467016,96216,515182,2703,0.95,2569,0.90,4302,1.51,2812,0.99,24.2,195.7,177.6,18.1,1913372,1502188,93948,317236,2844,1.00,2337,0.83,7486,2.64,4223,1.49,24.3,198.5,180.4,18.0,1875615,1479577,93778,302260,9663,3.47,9131,3.28,7351,2.64,7154,2.57,22.7,180.0,168.6,11.4,2123744,1484605,78938,560201,2903,1.03,2774,0.99,6531,2.32,4311,1.53,23.8,188.9,177.1,11.7,1919061,1469732,83398,365930,3427,1.24,3415,1.23,3765,1.36,3593,1.30,25.0,199.6,187.8,11.8,1849221,1476399,78854,293967,3835,1.38,3710,1.34,3500,1.26,3026,1.09,24.2,190.1,178.5,11.6,2131962,1565879,67946,498136,3545,1.26,3514,1.25,5915,2.11,3690,1.31,22.2,175.9,165.1,10.7,2081330,1528388,72639,480302,3596,1.29,3185,1.14,5930,2.13,5241,1.88,23.0,184.3,174.3,10.0,1735993,1422281,71629,242082,12099,4.38,11458,4.15,10461,3.79,10101,3.66,24.6,195.3,184.6,10.6,1969359,1468438,53665,447256,4810,1.73,4681,1.69,5815,2.09,4498,1.62,23.4,188.8,174.9,13.8,1836449,1459440,72855,304154,3485,1.26,3199,1.16,1868,0.67,1753,0.63,24.5,197.1,183.0,14.1,1884192,1492431,76010,315750,5078,1.82,4699,1.69,3147,1.13,2371,0.85,24.3,194.9,180.8,14.1,1984676,1576017,74563,334096,3359,1.20,3258,1.16,3036,1.08,2825,1.01,24.2,192.0,177.9,14.1,1986331,1515445,76038,394848,3100,1.10,2955,1.05,10445,3.72,9778,3.48,24.1,192.4,179.1,13.3,1880713,1501889,73863,304960,8705,3.19,8553,3.13,3488,1.28,2565,0.94,24.1,191.1,178.5,12.6,2118017,1545860,72451,499706,2966,1.06,2945,1.06,4952,1.78,3823,1.37,23.4,187.0,174.4,12.6,1881127,1516107,73046,291974,3251,1.18,3201,1.16,4255,1.54,3226,1.17,25.3,201.3,188.4,12.9,1985252,1525831,75064,384356,1990,0.72,1836,0.67,2818,1.02,2051,0.74,24.1,190.5,179.1,11.4,2030257,1591044,69605,369606
"보건 및 사회복지사업(85)","전규모(5인이상)","계(5인이상)",4247,1.97,2630,1.22,3603,1.67,2338,1.08,24.5,190.2,182.7,7.5,1516174,1196946,58660,260567,2761,1.28,2299,1.06,3843,1.77,2793,1.29,21.7,169.7,160.6,9.1,1532378,1136315,69334,326729,8507,3.95,7384,3.43,9225,4.28,4857,2.25,26.1,202.1,193.8,8.3,1600931,1229524,65644,305763,4920,2.29,3750,1.75,4076,1.90,3030,1.41,25.3,195.5,187.2,8.3,1397365,1152854,63772,180738,4515,2.09,3813,1.77,3799,1.76,2719,1.26,24.8,193.1,182.5,10.6,1527927,1185525,76578,265824,4465,2.06,4037,1.87,3536,1.63,2810,1.30,25.8,200.4,191.4,9.1,1642089,1242555,73810,325724,4098,1.89,3385,1.56,3610,1.66,1967,0.91,25.9,206.9,192.5,14.4,1391996,1129953,68110,193934,2548,1.17,2134,0.98,2896,1.33,1837,0.84,25.9,201.2,192.2,9.0,1507413,1128308,71409,307695,5154,2.37,2918,1.34,4327,1.99,3284,1.51,23.2,183.2,173.5,9.7,1708535,1288442,65295,354797,3455,1.58,2619,1.20,5457,2.50,4414,2.02,25.6,199.5,190.0,9.5,1463801,1212368,78092,173341,4532,2.10,3760,1.74,5394,2.50,3876,1.79,25.9,200.0,191.6,8.4,1360552,1111020,66150,183383,4345,2.02,3721,1.73,3693,1.72,2912,1.35,25.8,200.4,192.7,7.8,1719504,1192285,66473,460746,7532,3.30,5763,2.53,5696,2.50,4194,1.84,25.2,195.8,186.6,9.2,1554501,1257273,72032,225197,6290,2.74,5533,2.41,9982,4.34,8884,3.87,23.2,182.7,173.3,9.3,1498687,1142698,69925,286064,16479,7.29,13858,6.13,11659,5.16,7273,3.22,26.0,204.7,193.9,10.7,1575055,1297992,70206,206857,6369,2.76,5733,2.48,4429,1.92,3241,1.40,24.2,191.5,177.3,14.2,1431557,1149267,104809,177481,7321,3.14,6275,2.69,5619,2.41,3650,1.57,25.3,198.5,188.6,9.9,1537876,1250168,71728,215980,6162,2.63,5580,2.38,5053,2.15,3660,1.56,25.2,197.2,188.6,8.6,1862095,1444260,66482,351353,5077,2.15,3812,1.62,5687,2.41,3741,1.59,25.3,193.4,185.5,7.9,1533848,1240944,64194,228711,4424,1.88,3809,1.62,5212,2.22,3510,1.49,25.6,196.8,188.2,8.6,1538652,1187599,67540,283512,3532,1.51,2529,1.08,4774,2.04,3254,1.39,23.6,181.6,172.9,8.8,1645497,1269938,68678,306880,5520,2.37,4869,2.09,5200,2.23,4077,1.75,25.3,197.0,187.6,9.3,1468295,1222897,66083,179315,6382,2.74,4861,2.08,5806,2.49,4586,1.97,26.1,203.0,195.2,7.8,1470638,1207287,55548,207802,4543,1.94,3535,1.51,3734,1.60,3080,1.32,25.2,195.2,186.5,8.6,1847090,1357750,59531,429808,4742,1.96,4338,1.79,4254,1.76,3497,1.44,23.5,185.9,175.5,10.4,1703807,1363430,62031,278344,5819,2.40,5521,2.27,6488,2.67,5345,2.20,24.1,189.3,179.1,10.2,1615676,1238671,65707,311297,10915,4.51,9851,4.07,11008,4.55,7556,3.12,26.1,202.5,193.3,9.1,1671189,1324568,59254,287366,4800,1.98,4443,1.84,4277,1.77,3303,1.36,24.6,191.1,182.2,8.8,1585692,1283193,59532,242967,5481,2.26,4843,2.00,4295,1.77,3216,1.33,25.5,198.8,190.1,8.8,1623899,1338404,59825,225669,4490,1.84,3741,1.53,4704,1.93,2868,1.18,25.4,196.1,187.7,8.4,1787761,1399246,69752,318763,4940,2.03,3912,1.61,5072,2.08,3321,1.36,25.3,196.1,187.5,8.6,1706736,1361562,64015,281159,4271,1.75,3451,1.42,5465,2.25,4267,1.75,25.5,199.9,190.5,9.4,1740251,1293070,66060,381120,4275,1.77,3550,1.47,5593,2.31,4460,1.84,25.2,195.7,186.7,9.0,1938761,1347948,63825,526988,4953,2.06,4566,1.90,5809,2.41,5193,2.16,24.3,190.2,180.0,10.2,1670886,1407491,73961,189432,3544,1.48,3370,1.40,3066,1.28,2764,1.15,26.1,203.5,194.5,9.0,1587193,1314793,65647,206751,3557,1.48,3539,1.47,4470,1.86,3445,1.43,25.1,195.9,186.7,9.2,1860058,1328222,65912,465923
"기타 공공, 사회 및 개인서비스업(90-93)","전규모(5인이상)","계(5인이상)",3095,1.90,2315,1.42,5225,3.20,3771,2.31,24.1,192.1,181.3,10.7,1427956,1214562,60428,152965,2816,1.75,2414,1.50,2853,1.77,2001,1.24,22.0,170.8,163.0,7.8,1546540,1192985,52845,300710,4527,2.81,3295,2.04,4293,2.66,2479,1.54,25.8,202.7,195.3,7.5,1504141,1216099,47538,240504,4291,2.66,3958,2.45,3871,2.40,3033,1.88,25.2,197.6,189.4,8.2,1519511,1222958,48526,248027,3531,2.18,3214,1.99,2924,1.81,2173,1.34,24.5,192.8,183.0,9.8,1381832,1198326,54597,128909,3311,2.04,2481,1.53,3603,2.22,2864,1.76,25.8,205.0,193.4,11.6,1746449,1230496,60910,455042,4173,2.57,3507,2.16,4646,2.87,3652,2.25,25.8,204.4,194.2,10.3,1516344,1200264,50926,265154,2613,1.62,2529,1.56,4217,2.61,3926,2.43,25.3,201.1,190.2,10.9,1506222,1180384,55573,270265,3640,2.27,3221,2.01,3613,2.26,3218,2.01,23.4,186.7,176.5,10.1,1805821,1190606,55096,560118,4066,2.54,3752,2.34,3547,2.22,2821,1.76,25.8,202.6,193.7,9.0,1463790,1208997,54646,200148,4098,2.55,3749,2.33,2774,1.73,2386,1.49,25.8,201.0,192.9,8.2,1407067,1177610,52506,176951,2261,1.40,2109,1.30,3262,2.01,2896,1.79,25.9,202.7,194.2,8.5,2077260,1243982,56776,776502,3408,2.15,3109,1.96,3078,1.94,2440,1.54,25.2,196.7,187.4,9.3,1606390,1273563,65561,267266,3303,2.08,3208,2.02,3025,1.91,2159,1.36,23.3,182.2,173.4,8.8,1686481,1264141,50310,372029,4379,2.75,3929,2.47,4808,3.02,3431,2.16,25.8,201.1,192.3,8.8,1665431,1254007,63185,348239,4438,2.80,3966,2.50,4252,2.68,3372,2.13,24.0,188.6,177.6,11.0,1672371,1297454,58876,316042,4740,2.99,4406,2.78,3684,2.32,3512,2.21,25.1,195.9,186.0,9.9,1514383,1291066,57708,165608,3567,2.23,3421,2.14,3130,1.96,2879,1.80,25.2,195.7,186.8,8.9,2008878,1280779,57953,670146,3705,2.31,3115,1.94,3959,2.47,3142,1.96,25.0,193.9,185.5,8.5,1686765,1385616,50524,250624,2941,1.84,2760,1.73,2454,1.53,2193,1.37,25.4,197.2,189.3,7.9,1702939,1299578,53773,349589,2530,1.58,2368,1.48,3816,2.38,3521,2.19,23.4,181.0,173.0,8.0,1914920,1388253,57698,468968,4255,2.67,4196,2.64,3214,2.02,2712,1.70,25.0,195.4,186.3,9.0,1666064,1301043,57146,307874,3400,2.12,3124,1.95,3145,1.96,2559,1.60,25.7,198.6,191.5,7.0,1538864,1315566,57737,165560,1997,1.24,1833,1.14,2939,1.83,2677,1.67,24.9,192.4,185.2,7.2,2398882,1455274,61952,881656,5871,2.60,5466,2.42,5650,2.50,4716,2.09,23.6,184.0,176.1,7.9,1797393,1363085,49072,385234,5431,2.40,5306,2.35,5158,2.28,4588,2.03,23.9,186.2,179.0,7.3,1656693,1327078,51797,277816,6510,2.88,5749,2.54,5452,2.41,4905,2.17,25.6,201.8,193.0,8.7,1700949,1351228,54215,295505,6441,2.83,5795,2.55,4282,1.88,3542,1.56,24.5,193.9,183.8,10.1,1679506,1382614,61085,235807,6224,2.71,6207,2.71,4833,2.11,4018,1.75,25.2,198.9,188.8,10.1,1598069,1360904,66706,170458,4214,1.83,3992,1.73,6129,2.66,5762,2.50,25.0,197.1,187.8,9.3,1887705,1348679,62455,476571,4589,2.00,4448,1.94,6815,2.98,6001,2.62,25.0,196.9,187.2,9.7,1726322,1370344,61653,294325,6633,2.93,6596,2.91,7497,3.31,7328,3.23,25.5,202.6,193.2,9.3,1674370,1367504,60779,246086,4757,2.11,4405,1.95,3736,1.65,3253,1.44,24.9,196.9,188.1,8.7,1949367,1391650,58339,499377,4441,1.96,4345,1.92,5014,2.21,4523,1.99,24.0,190.9,181.3,9.6,1716976,1382283,62749,271944,4788,2.12,4756,2.10,4797,2.12,4609,2.04,25.8,203.2,195.2,7.9,1692825,1404996,57343,230485,3614,1.60,3511,1.55,3365,1.49,3086,1.36,24.9,197.0,188.1,8.8,2191200,1459612,61690,669897
