"가정별","성별","연령별",1960,1961,1962,1963,1964,1965,1966,1967,1968,1969,1970,1971,1972,1973,1974,1975,1976,1977,1978,1979,1980,1981,1982,1983,1984,1985,1986,1987,1988,1989,1990,1991,1992,1993,1994,1995,1996,1997,1998,1999,2000,2001,2002,2003,2004,2005,2006,2007,2008,2009,2010,2011,2012,2013,2014,2015,2016,2017,2018,2019,2020,2021,2022,2023,2024,2025,2026,2027,2028,2029,2030,2031,2032,2033,2034,2035,2036,2037,2038,2039,2040,2041,2042,2043,2044,2045,2046,2047,2048,2049,2050,2051,2052,2053,2054,2055,2056,2057,2058,2059,2060,2061,2062,2063,2064,2065,2066,2067,2068,2069,2070,2071,2072
"중위 추계(기본 추계: 출산율-중위 / 기대수명-중위 / 국제순이동-중위)","전체","계",25012374,25765673,26513030,27261747,27984155,28704674,29435571,30130983,30838302,31544266,32240827,32882704,33505406,34103149,34692266,35280725,35848523,36411795,36969185,37534236,38123775,38723248,39326352,39910403,40405956,40805744,41213674,41621690,42031247,42449038,42869283,43295704,43747962,44194628,44641540,45092991,45524681,45953580,46286503,46616677,47008111,47370164,47644736,47892330,48082519,48184561,48438292,48683638,49054708,49307835,49554112,49936638,50199853,50428893,50746659,51014947,51217803,51361911,51585058,51764822,51836239,51769539,51672569,51712619,51751065,51684564,51609121,51534551,51459877,51384052,51305713,51223269,51135265,51040632,50937726,50824868,50701389,50567057,50417167,50247657,50059218,49851637,49625415,49380766,49117432,48835031,48532231,48208374,47863071,47495914,47106960,46697391,46267614,45818111,45350648,44867534,44371641,43864958,43349217,42827316,42302086,41775305,41248542,40723791,40202384,39685210,39172974,38666431,38165892,37670942,37181774,36698961,36222293
"중위 추계(기본 추계: 출산율-중위 / 기대수명-중위 / 국제순이동-중위)","전체","0 - 4세",4590812,4729444,4824275,4855180,4797702,4710919,4662734,4621997,4581311,4562049,4548177,4619581,4675505,4695313,4689282,4541059,4380101,4222842,4107110,4025181,4033727,4075892,4112359,4119715,4013144,3845533,3664739,3469862,3330753,3277842,3203203,3238866,3316174,3403133,3483283,3545704,3559073,3524075,3452808,3349173,3259783,3162858,3006361,2843122,2699556,2524288,2359807,2298242,2301398,2273634,2271803,2315573,2330921,2309327,2295016,2290097,2240110,2151219,2038736,1930344,1776616,1618830,1494041,1387730,1296661,1219810,1163069,1132285,1126311,1144645,1182654,1227443,1266869,1300255,1327327,1348334,1364010,1375467,1379606,1373826,1360214,1340453,1315728,1291052,1270421,1252572,1235987,1219048,1200231,1178309,1152490,1122514,1088662,1051699,1012777,973294,934751,898586,866055,838138,815471,798311,786552,779764,777259,778153,781475,786240,791520,796509,800555,803192,804122
"중위 추계(기본 추계: 출산율-중위 / 기대수명-중위 / 국제순이동-중위)","전체","5 - 9세",3350533,3600742,3829857,4100606,4358095,4550019,4686035,4783612,4812868,4745919,4629882,4524871,4457446,4413524,4422587,4478159,4540577,4611679,4626835,4584686,4458426,4316638,4168352,4056805,3990530,3967667,4017250,4083227,4109267,4021803,3843481,3644652,3440905,3281101,3191664,3166753,3188482,3269997,3367330,3459152,3521464,3533008,3494260,3416386,3321422,3233565,3136070,2976622,2809151,2671496,2497927,2336396,2276951,2279822,2252502,2251100,2297146,2308987,2288927,2276175,2278285,2231797,2142084,2027744,1914933,1766989,1611458,1484748,1381117,1289904,1213921,1157815,1127373,1121485,1139688,1177391,1221784,1260821,1293879,1320685,1341487,1357010,1368354,1372453,1366732,1353262,1333697,1309205,1284771,1264358,1246698,1230287,1213524,1194896,1173197,1147635,1117954,1084432,1047835,1009295,970206,932044,896243,864037,836403,813968,796987,785354,778642,776167,777063,780360,785080
"중위 추계(기본 추계: 출산율-중위 / 기대수명-중위 / 국제순이동-중위)","전체","10 - 14세",2646238,2734833,2818491,2894588,3059841,3316802,3567290,3793884,4065204,4330264,4531308,4619637,4725521,4740548,4678202,4595185,4514152,4438586,4382084,4395448,4458622,4532506,4605889,4624448,4588086,4491342,4347844,4193288,4047425,3961486,3926908,3975202,4034347,4050294,3978499,3824371,3655722,3439030,3271379,3164569,3129982,3156586,3231727,3325398,3409535,3465407,3483708,3439518,3368274,3284134,3209709,3119491,2969359,2803088,2666175,2488686,2327307,2264077,2267391,2241561,2250969,2297714,2311839,2289761,2273651,2271667,2221724,2136724,2023361,1910507,1763359,1608641,1482645,1379589,1288875,1213327,1157551,1127284,1121415,1139521,1177050,1221236,1260078,1292971,1319644,1340342,1355788,1367077,1371152,1365465,1352080,1332628,1308261,1283952,1263649,1246086,1229766,1213093,1194565,1172981,1147553,1118030,1084683,1048280,1009942,971058,933097,897479,865441,837953,815634,798743,787174
"중위 추계(기본 추계: 출산율-중위 / 기대수명-중위 / 국제순이동-중위)","전체","15 - 19세",2418444,2385695,2406634,2480480,2538928,2608078,2697527,2782684,2858382,3016634,3269356,3499916,3723447,3960106,4174551,4334269,4455008,4546786,4604018,4587525,4519689,4411934,4331102,4304820,4339154,4407777,4481930,4549972,4581350,4550521,4442014,4297041,4138758,3996579,3909674,3896948,3953516,4031766,4060624,3999155,3842432,3615529,3391243,3216920,3108835,3080061,3103285,3184001,3282024,3368818,3428793,3468536,3435576,3373050,3289729,3222268,3132204,2982455,2820005,2685976,2518218,2345886,2287873,2301077,2272843,2267007,2309228,2323747,2301322,2285032,2283155,2233375,2148742,2035900,1923663,1777168,1623231,1497998,1395564,1305368,1230266,1174849,1144832,1139092,1157207,1194636,1238645,1277291,1310016,1336555,1357147,1372510,1383738,1387782,1382098,1368763,1349393,1325136,1300951,1280766,1263305,1247077,1230489,1212050,1190565,1165252,1135860,1102667,1066432,1028273,989573,951796,916355
"중위 추계(기본 추계: 출산율-중위 / 기대수명-중위 / 국제순이동-중위)","전체","20 - 24세",2322705,2364469,2396924,2391964,2391559,2375793,2345065,2367660,2442257,2502316,2569044,2640975,2729488,2780387,2874517,3074414,3336525,3544548,3743774,3936519,4093407,4264325,4370369,4393485,4347506,4274337,4245645,4207912,4177568,4208326,4342407,4429021,4504498,4531297,4491139,4391626,4247453,4077566,3938084,3853441,3854382,3933235,4011329,4045569,3970573,3788780,3587201,3380558,3226850,3153001,3139049,3175673,3268949,3370906,3457405,3511968,3559849,3529657,3498197,3439052,3392351,3278327,3105237,2953664,2838789,2660295,2494651,2431280,2426368,2389769,2384126,2426189,2440583,2418364,2402164,2400385,2351103,2267308,2155611,2044680,1899865,1747829,1624276,1523211,1434173,1360058,1305450,1276022,1270569,1288649,1325750,1369285,1407469,1439796,1466007,1486341,1501518,1512613,1516583,1510910,1497682,1478512,1454534,1430652,1410735,1393501,1377474,1361082,1342843,1321585,1296545,1267466,1234634
"중위 추계(기본 추계: 출산율-중위 / 기대수명-중위 / 국제순이동-중위)","전체","25 - 29세",1933080,2028591,2117003,2198636,2248720,2278869,2318981,2352602,2349726,2350851,2335969,2297759,2309954,2378425,2458215,2535266,2588407,2647963,2727306,2862241,3072797,3299851,3499449,3713565,3917373,4097891,4206166,4291592,4346783,4342301,4326749,4264005,4216818,4203646,4237069,4300710,4344493,4424219,4441047,4418353,4352913,4224596,4064589,3941430,3853273,3843827,3927136,4018371,4056267,4001090,3834105,3664802,3464864,3315255,3259130,3269454,3279811,3368161,3493062,3587776,3645542,3675202,3628784,3594717,3533643,3476469,3392971,3246886,3083875,2951792,2773392,2607482,2543679,2538480,2501988,2496575,2538708,2553294,2531251,2515340,2513810,2464615,2380937,2269322,2158347,2013319,1860835,1736780,1635314,1545960,1471574,1416691,1386961,1381266,1399235,1436385,1480084,1518463,1550974,1577350,1597829,1613126,1624313,1628375,1622795,1609627,1590468,1566447,1542489,1522496,1505202,1489131,1472706
"중위 추계(기본 추계: 출산율-중위 / 기대수명-중위 / 국제순이동-중위)","전체","30 - 34세",1556328,1609631,1668138,1737520,1809800,1897676,1994345,2080356,2157800,2206952,2237747,2268991,2306035,2296469,2277514,2245682,2236634,2278218,2355958,2446500,2525214,2595896,2682293,2787668,2937236,3089272,3344633,3529362,3756309,3966001,4134702,4259036,4345014,4376728,4353044,4296721,4257500,4212189,4162297,4181625,4247992,4332087,4421320,4473012,4450632,4360436,4226271,4078911,3954807,3856438,3877784,3967427,4058688,4086255,4045454,3871602,3688255,3491542,3360617,3306462,3307803,3306451,3390434,3524540,3615767,3670087,3717056,3685186,3632729,3559267,3502597,3419461,3273431,3110295,2978111,2799624,2633573,2569710,2564652,2528297,2522916,2565215,2580018,2558106,2542198,2540694,2491539,2407731,2295860,2184573,2039223,1886391,1762012,1660280,1570700,1496117,1441096,1411322,1405667,1423735,1461026,1504889,1543428,1576077,1602572,1623149,1638524,1649782,1653890,1648315,1635124,1615925,1591848
"중위 추계(기본 추계: 출산율-중위 / 기대수명-중위 / 국제순이동-중위)","전체","35 - 39세",1370125,1378285,1393159,1411114,1461341,1503227,1558304,1624748,1702174,1777460,1866982,1948564,2029069,2108309,2166022,2209126,2251043,2293446,2310640,2300125,2279565,2269264,2298095,2369242,2462888,2552192,2564329,2647684,2703254,2805972,3042329,3273671,3489073,3712065,3924912,4092051,4204082,4312799,4357948,4324945,4273079,4228965,4187506,4154850,4216022,4267337,4361921,4449040,4509979,4466962,4387036,4241327,4087693,3949716,3854386,3892100,3964685,4054300,4095610,4051769,3866979,3683026,3482511,3349843,3297256,3305481,3320524,3411604,3519526,3599061,3653968,3701374,3670012,3617976,3544873,3488502,3405705,3260004,3097121,2965160,2786993,2621212,2557503,2552625,2516480,2511196,2553576,2568534,2546779,2530947,2529495,2480455,2396730,2284896,2173619,2028310,1875523,1751168,1649457,1559893,1485320,1430312,1400573,1394974,1413100,1450448,1494370,1532970,1565675,1592222,1612846,1628267,1639566
"중위 추계(기본 추계: 출산율-중위 / 기대수명-중위 / 국제순이동-중위)","전체","40 - 44세",1125034,1153393,1192402,1245123,1285534,1318905,1328372,1345172,1366081,1420672,1467129,1518568,1575198,1642717,1720007,1820221,1913806,1995036,2069345,2132768,2178570,2226462,2274207,2289040,2276724,2262901,2259794,2282293,2337657,2419171,2477748,2545795,2608361,2676856,2796727,2995391,3217477,3405223,3625438,3860167,4020438,4155285,4271265,4342326,4312441,4248300,4184030,4156757,4135275,4244225,4306370,4409021,4483989,4527975,4479628,4398381,4230029,4078404,3951400,3847859,3872171,3944406,4035019,4066215,4023556,3851246,3679608,3488687,3343046,3282713,3291549,3307141,3398478,3506627,3586480,3641740,3689494,3658642,3607044,3534382,3478407,3396023,3250793,3088360,2956743,2778966,2613456,2549841,2545061,2509083,2503915,2546399,2561524,2539933,2524219,2522913,2474060,2390486,2278797,2167632,2022442,1869705,1745346,1643632,1554074,1479506,1424501,1394764,1389167,1407304,1444685,1488672,1527348
"중위 추계(기본 추계: 출산율-중위 / 기대수명-중위 / 국제순이동-중위)","전체","45 - 49세",979930,1001234,1018295,1028448,1042490,1067093,1098163,1139852,1197933,1239082,1271554,1288932,1295548,1314772,1352755,1398399,1448885,1512900,1583123,1659875,1756088,1851271,1928379,2001786,2066471,2119340,2166942,2211518,2230327,2219245,2166709,2155466,2180285,2246633,2335451,2418904,2478292,2553587,2613214,2716095,2921443,3160621,3346133,3569142,3802111,3958097,4139484,4248784,4354664,4321262,4271709,4191090,4173386,4125313,4295086,4354036,4441770,4506942,4553179,4487622,4385732,4213912,4061992,3926944,3828741,3865770,3944572,4041970,4074072,4026680,3855874,3685334,3495431,3350483,3290592,3299778,3315837,3407450,3515960,3596314,3652105,3700344,3670128,3619034,3546827,3491221,3409227,3264354,3102163,2970673,2793071,2627593,2563903,2559191,2523407,2518360,2561014,2576401,2555032,2539456,2538304,2489625,2406111,2294413,2183169,2037876,1884934,1760335,1658426,1568709,1494005,1438893,1409087
"중위 추계(기본 추계: 출산율-중위 / 기대수명-중위 / 국제순이동-중위)","전체","50 - 54세",845256,862029,886427,899002,897329,909012,933841,955066,964239,978427,1017150,1041058,1071643,1122447,1169097,1202947,1224803,1243071,1261600,1289291,1324926,1376616,1444187,1517874,1600217,1686760,1772028,1852866,1927566,1994986,2021714,2066185,2111226,2126067,2111389,2090711,2074866,2103395,2173953,2270251,2365862,2427537,2505591,2568222,2664066,2861891,3106401,3287112,3524016,3761143,3934363,4163908,4263019,4364665,4334785,4289039,4170297,4163840,4122273,4297890,4338269,4425748,4489552,4525612,4459873,4367799,4202152,4057446,3927373,3825551,3863600,3943291,4041468,4074563,4028272,3858952,3689608,3500954,3356933,3297665,3307358,3324058,3416096,3525134,3606128,3662547,3711352,3681895,3631410,3559738,3504568,3423065,3278633,3116718,2985395,2808075,2642732,2579046,2574503,2539026,2534154,2577016,2592728,2571644,2556230,2555235,2506760,2423328,2311605,2200240,2054811,1901647,1776790
"중위 추계(기본 추계: 출산율-중위 / 기대수명-중위 / 국제순이동-중위)","전체","55 - 59세",628974,630604,640591,677339,726011,756811,778738,802670,821228,830540,846448,874484,872562,874616,890487,919381,951865,993395,1047164,1097369,1130835,1144240,1159080,1181647,1215411,1258578,1306470,1369732,1441506,1516598,1589504,1674389,1749203,1820265,1881895,1927926,1961234,2011322,2029040,2016474,2006389,2008937,2041047,2105442,2196938,2285610,2363424,2441497,2518813,2611705,2817315,3065255,3241925,3457310,3699016,3884217,4134915,4225899,4340508,4295393,4237067,4113626,4113957,4070751,4246026,4292571,4384454,4451091,4489822,4421800,4332354,4169855,4027734,3900082,3800410,3839460,3919958,4018833,4052964,4007998,3840689,3673112,3486328,3343769,3285465,3295833,3313322,3405784,3515269,3596845,3653864,3703231,3674678,3625003,3554085,3499572,3418803,3275101,3113776,2982905,2806189,2641293,2577794,2573523,2538456,2533818,2576904,2592992,2572286,2557098,2556314,2508141,2424908
"중위 추계(기본 추계: 출산율-중위 / 기대수명-중위 / 국제순이동-중위)","전체","60 - 64세",518465,535842,538118,525579,521670,530387,539542,552756,586162,634557,658773,684845,689332,698262,698520,709170,744604,773967,793066,811766,835876,860174,893176,935774,977601,1010305,1035168,1055954,1079622,1111801,1156731,1205934,1267444,1332971,1404302,1488523,1587609,1659101,1724288,1779701,1817056,1859995,1915420,1950647,1946812,1946175,1933740,1963549,2024598,2117041,2212040,2302960,2377804,2443552,2541221,2750831,2994342,3170368,3389068,3627949,3814370,4064749,4148113,4258205,4211091,4155466,4042638,4045830,4005606,4176009,4224945,4318208,4386286,4426675,4361898,4275411,4116744,3977890,3853314,3756412,3796745,3878169,3977826,4013231,3969950,3805278,3640103,3455800,3315163,3258086,3269232,3287599,3380469,3490353,3572518,3630215,3680231,3652793,3604184,3534309,3480713,3400948,3258299,3097922,2967816,2792046,2627924,2564822,2560927,2526394,2522082,2565438,2581940
"중위 추계(기본 추계: 출산율-중위 / 기대수명-중위 / 국제순이동-중위)","전체","65 - 69세",345675,344564,360707,386169,390534,403947,425836,434477,428329,428822,428725,467031,455436,476567,511455,538406,557018,577862,596346,608411,623957,640668,658652,674263,690739,712208,739370,774362,816658,866053,900851,919104,938875,965304,1002718,1048214,1100172,1164709,1229902,1298093,1381212,1461093,1528114,1592234,1649747,1689609,1734658,1804867,1866427,1870279,1878314,1846336,1874691,1914508,2005729,2105631,2210004,2286519,2356588,2448622,2662232,2894911,3063850,3274183,3509250,3688605,3937463,4022461,4133555,4087901,4037170,3930899,3937019,3901597,4071468,4122684,4217182,4286567,4328644,4267926,4185290,4031714,3897301,3776974,3683916,3726013,3808525,3908907,3945577,3904139,3742776,3580873,3400137,3262390,3207168,3219397,3238897,3332207,3442371,3525040,3583398,3634049,3607969,3560809,3492390,3440097,3361789,3220742,3061895,2933062,2758865,2596179,2533871
"중위 추계(기본 추계: 출산율-중위 / 기대수명-중위 / 국제순이동-중위)","전체","70 - 74세",210394,224438,227011,223091,235616,245292,260200,257088,268120,278900,311808,321793,318364,316993,310619,335061,345540,357675,378315,405381,425995,441394,459713,475169,489218,506353,517741,535655,553867,570640,598852,619032,649470,690656,733184,766793,788665,813599,842637,881165,922213,963947,1023257,1081502,1140499,1214841,1294801,1362205,1426335,1492503,1539637,1587018,1674052,1754449,1763752,1779544,1729122,1756800,1795390,1886106,1990347,2090525,2164766,2234677,2322783,2527085,2753018,2919238,3124245,3351004,3528324,3771898,3856948,3967616,3926557,3881887,3784214,3793806,3764596,3933014,3986827,4082534,4153130,4197060,4141760,4064258,3917834,3789703,3675420,3587793,3632046,3715507,3816288,3854259,3815237,3658909,3502176,3327098,3193920,3141519,3155198,3176160,3269768,3379832,3462780,3521712,3572948,3548804,3503875,3437747,3387545,3311620,3173298
"중위 추계(기본 추계: 출산율-중위 / 기대수명-중위 / 국제순이동-중위)","전체","75 - 79세",111199,116485,126531,134787,143397,151950,157264,150598,145121,145016,149850,162497,164326,172242,181623,205140,215892,223076,223042,221813,227859,235639,254134,270403,288285,308108,317362,328409,341072,353200,393129,411385,425260,432880,441816,459426,484221,509498,540375,576492,608084,629856,654403,678767,713772,751853,791754,844714,898014,954171,1025532,1101326,1167399,1228474,1298398,1350503,1400166,1494315,1579149,1589635,1608464,1567444,1596539,1637098,1723662,1820534,1912336,1988025,2059642,2145482,2341230,2553812,2713279,2908241,3123040,3295733,3529347,3612136,3720121,3684090,3647845,3563245,3577170,3557089,3721878,3778423,3874576,3945280,3990377,3942601,3871945,3736347,3617899,3513217,3434517,3482062,3566340,3666690,3705545,3669263,3520848,3372684,3207448,3082418,3034977,3050888,3074045,3167664,3276827,3359465,3418616,3470115,3449036
"중위 추계(기본 추계: 출산율-중위 / 기대수명-중위 / 국제순이동-중위)","전체","80세이상",59182,65394,68467,72121,75588,79894,83334,85761,91367,95805,100925,103202,106532,111452,116813,138840,143663,150745,159459,169337,178222,180478,186916,194699,205373,215180,226263,238002,250263,263092,302252,316920,332251,348153,364774,382219,421824,441505,456139,467826,483387,516029,551171,587361,626285,664484,704601,748890,797816,859933,922626,980499,1050587,1125228,1209247,1305490,1417791,1528426,1634958,1764631,1890824,2016985,2155978,2289858,2382540,2477683,2522199,2667343,2807907,2936935,3073495,3161051,3325288,3482404,3642320,3907917,4143340,4398893,4678492,4976979,5331351,5710019,5964917,6261283,6439563,6666413,6868319,7045122,7227939,7472140,7661086,7866016,8026726,8172480,8292820,8345100,8357303,8350323,8349002,8355098,8422448,8491524,8562264,8585389,8549121,8468876,8394914,8310959,8223952,8157403,8112309,8083376,8114530
"중위 추계(기본 추계: 출산율-중위 / 기대수명-중위 / 국제순이동-중위)","전체","80 - 84세",-,-,-,-,-,-,-,-,-,-,-,-,-,-,-,-,-,-,-,-,-,-,-,-,-,-,-,-,-,-,-,-,-,-,-,-,-,-,-,-,310114,329611,350265,375966,404920,429246,448312,470006,492598,528386,565597,599815,643644,687406,733018,793916,867222,930279,987409,1055839,1109242,1157812,1238755,1311746,1322888,1338962,1305676,1343140,1387561,1465132,1551816,1628432,1700342,1768443,1848045,2026780,2213886,2358541,2533024,2724128,2885798,3098927,3174324,3274550,3244378,3220461,3156498,3175184,3168324,3322974,3380958,3474671,3542613,3587253,3551490,3491781,3374834,3272988,3185068,3121919,3173940,3257485,3354382,3392824,3360385,3226890,3095500,2949986,2841142,2803012,2822291,2848758,2941057
"중위 추계(기본 추계: 출산율-중위 / 기대수명-중위 / 국제순이동-중위)","전체","85 - 89세",-,-,-,-,-,-,-,-,-,-,-,-,-,-,-,-,-,-,-,-,-,-,-,-,-,-,-,-,-,-,-,-,-,-,-,-,-,-,-,-,128397,138867,150508,158543,165287,173940,188510,203971,224477,244803,261945,275332,290468,305257,335355,363551,391295,425167,458588,497418,548700,605532,646358,685925,737630,778346,817041,886264,946008,955427,967698,942066,979181,1020938,1082263,1150235,1203395,1264623,1322381,1387901,1534189,1678439,1794877,1932673,2082158,2218443,2391411,2449812,2531353,2506794,2497138,2460587,2482313,2490578,2621932,2676459,2759264,2816850,2855810,2835518,2791248,2703440,2627539,2566114,2526926,2581796,2659016,2744884,2779004,2751468,2644041,2542067,2431429
"중위 추계(기본 추계: 출산율-중위 / 기대수명-중위 / 국제순이동-중위)","전체","90 - 94세",-,-,-,-,-,-,-,-,-,-,-,-,-,-,-,-,-,-,-,-,-,-,-,-,-,-,-,-,-,-,-,-,-,-,-,-,-,-,-,-,37139,39163,41466,43367,46025,50264,56026,62191,67293,71866,77964,86046,95044,109626,116393,120958,128909,138080,147576,168248,187321,203889,218926,235791,258561,289611,322117,351115,377656,408626,432609,455623,497877,533247,537883,544495,527781,557282,588413,626524,668422,695156,737563,776914,819836,916474,1003442,1077440,1162933,1254659,1347222,1459243,1492302,1544207,1525853,1527957,1516951,1535590,1552275,1642766,1683681,1742369,1780060,1806888,1801217,1774851,1723423,1679961,1649730,1636074,1684582,1743642,1805570
"중위 추계(기본 추계: 출산율-중위 / 기대수명-중위 / 국제순이동-중위)","전체","95 - 99세",-,-,-,-,-,-,-,-,-,-,-,-,-,-,-,-,-,-,-,-,-,-,-,-,-,-,-,-,-,-,-,-,-,-,-,-,-,-,-,-,6758,7294,7704,8184,8700,9516,10113,10958,11541,12800,14866,16966,18920,20321,21645,23923,26886,31033,37233,38355,40208,43381,45030,48645,56005,63135,69231,77612,86041,95480,107596,119873,130867,140750,152846,162285,171415,189046,203015,203834,205956,198182,214335,229992,245912,263171,270952,291240,309299,328106,372180,407210,438894,474668,512798,556206,605687,615980,637869,627256,632862,634297,644477,657535,700968,721277,749465,765583,778085,779251,767798,747300,730784
"중위 추계(기본 추계: 출산율-중위 / 기대수명-중위 / 국제순이동-중위)","전체","100세 이상",-,-,-,-,-,-,-,-,-,-,-,-,-,-,-,-,-,-,-,-,-,-,-,-,-,-,-,-,-,-,-,-,-,-,-,-,-,-,-,-,979,1094,1228,1301,1353,1518,1640,1764,1907,2078,2254,2340,2511,2618,2836,3142,3479,3867,4152,4771,5353,6371,6909,7751,7456,7629,8134,9212,10641,12270,13776,15057,17021,19026,21283,24122,26863,29401,31659,34592,36986,39315,43818,47154,47279,47864,46016,51446,56030,59607,63588,64305,70604,75774,80747,92697,100567,108915,117980,127639,140717,153933,155806,162028,159625,164062,167510,170545,175991,187598,193597,201609,205690
"중위 추계(기본 추계: 출산율-중위 / 기대수명-중위 / 국제순이동-중위)","남자","계",12550691,12936583,13320983,13708120,14081950,14452831,14829861,15205393,15576098,15940965,16308607,16648884,16955438,17234877,17514223,17765828,18058503,18349416,18637254,18929361,19235736,19535680,19837392,20129120,20375175,20575600,20771997,20959980,21155226,21357389,21568181,21783914,22013655,22242554,22472496,22705329,22924512,23148092,23295727,23457837,23666769,23854971,23991377,24120872,24210740,24243234,24369561,24491190,24671648,24774341,24881114,25069867,25187380,25285319,25445077,25585894,25670949,25736793,25857689,25948706,25925697,25870941,25818686,25859888,25876776,25837903,25795052,25753184,25711849,25670259,25627273,25581979,25533877,25482355,25426558,25365537,25299055,25226848,25146147,25055270,24954651,24844377,24724984,24596640,24459520,24313819,24158908,23994470,23820596,23636945,23443302,23240251,23028412,22808799,22581760,22347707,22107905,21863691,21616063,21365813,21114313,20862429,20610866,20360655,20112015,19865280,19620983,19379441,19140643,18904218,18670107,18438434,18209029
"중위 추계(기본 추계: 출산율-중위 / 기대수명-중위 / 국제순이동-중위)","남자","0 - 4세",2383544,2452879,2500793,2516739,2487244,2441718,2419344,2402855,2378659,2363493,2362393,2412538,2447126,2458932,2455536,2373560,2277734,2189998,2122886,2081358,2087411,2109966,2129549,2136203,2084255,1995049,1908721,1806973,1741382,1722889,1687147,1711889,1760364,1812752,1859029,1893876,1895407,1872827,1829498,1766586,1716148,1658958,1573834,1488560,1409160,1315045,1227097,1192170,1191039,1174722,1172828,1193656,1200629,1188302,1179604,1175609,1148547,1102364,1045183,989933,911251,830797,766227,711053,663673,623974,594599,578964,575930,585299,604754,627677,647854,664942,678800,689554,697580,703448,705569,702614,695649,685538,672886,660260,649704,640572,632088,623423,613797,602581,589369,574030,556707,537794,517876,497671,477947,459439,442791,428505,416906,408125,402108,398637,397357,397815,399515,401955,404659,407213,409285,410634,411110
"중위 추계(기본 추계: 출산율-중위 / 기대수명-중위 / 국제순이동-중위)","남자","5 - 9세",1733443,1864580,1983775,2125558,2260781,2360217,2428011,2477814,2493776,2460340,2400902,2351739,2317049,2289895,2289501,2319163,2357566,2395908,2408848,2383807,2314435,2229556,2153742,2096080,2060357,2046870,2073931,2109423,2123004,2078155,1991341,1892414,1790092,1711765,1671042,1664291,1689685,1736754,1792374,1842718,1877208,1881924,1858210,1808293,1752569,1698879,1641923,1556291,1468935,1393600,1300568,1214418,1180798,1179593,1163582,1161732,1183575,1188607,1176909,1169113,1168681,1143757,1097221,1039269,981805,906030,826640,760939,707080,659636,620392,591346,575885,572889,582186,601482,624199,644174,661092,674812,685459,693405,699213,701315,698391,691501,681493,668962,656461,646019,636986,628592,620019,610491,599391,586314,571128,553977,535253,515534,495533,476007,457687,441207,427068,415589,406901,400950,397517,396252,396711,398399,400814
"중위 추계(기본 추계: 출산율-중위 / 기대수명-중위 / 국제순이동-중위)","남자","10 - 14세",1358903,1402613,1448949,1492698,1579817,1714064,1845446,1963670,2105819,2245241,2349947,2396532,2451025,2460133,2429491,2384577,2342590,2302362,2269220,2273652,2305805,2342517,2378037,2386003,2366607,2316422,2243103,2163735,2088582,2043883,2029056,2052888,2082673,2090973,2055540,1978698,1899255,1793390,1711884,1662899,1651269,1671109,1714089,1767832,1813909,1844524,1853437,1826108,1779836,1729504,1682748,1630159,1550478,1464013,1389826,1294946,1209141,1173575,1172580,1157242,1161061,1183139,1189663,1176998,1167483,1164900,1138230,1094074,1036505,979031,903678,824719,759398,705847,658668,619656,590786,575418,572432,581677,600880,623487,643361,660191,673840,684434,692339,698119,700209,697302,690459,680510,668046,655611,645226,636242,627897,619374,609899,598859,585853,570750,553691,535069,515457,495564,476144,457920,441529,427467,416049,407409,401491
"중위 추계(기본 추계: 출산율-중위 / 기대수명-중위 / 국제순이동-중위)","남자","15 - 19세",1248858,1240278,1255899,1290756,1309266,1336648,1380929,1428209,1471923,1556114,1688217,1809311,1926265,2046212,2157237,2240011,2301340,2350952,2384182,2378013,2343977,2286198,2242817,2226838,2240935,2272313,2308439,2342692,2358183,2341468,2289382,2215342,2134720,2062442,2017721,2010189,2030805,2070863,2088473,2062556,1987021,1876518,1765454,1680219,1630004,1621106,1637309,1683355,1740377,1788329,1821378,1842937,1821485,1779769,1728466,1684718,1632747,1554471,1470638,1397832,1307326,1216428,1183580,1188393,1171771,1167856,1187673,1194359,1181519,1171897,1169384,1142857,1098895,1041593,984416,909424,830862,765890,712625,665691,626885,598183,582928,579990,589219,608356,630873,650659,667414,681006,691554,699427,705182,707263,704363,697550,687646,675240,662865,652534,643597,635295,626812,617381,606389,593440,578402,561419,542878,523352,503547,484213,466071
"중위 추계(기본 추계: 출산율-중위 / 기대수명-중위 / 국제순이동-중위)","남자","20 - 24세",1171363,1188724,1204229,1204791,1217465,1224348,1216523,1233220,1268677,1288141,1314867,1349350,1397225,1421584,1468221,1570423,1711349,1814081,1903754,1992601,2078090,2180617,2235847,2244086,2218868,2185328,2179523,2161770,2144822,2160951,2237534,2282016,2319533,2331611,2310177,2259595,2194125,2111495,2034268,1992175,1989852,2025970,2066245,2087878,2056353,1969021,1874314,1772836,1695754,1658347,1654707,1678222,1734689,1794501,1844096,1877884,1903218,1882066,1860305,1823024,1779560,1711404,1620461,1548436,1486372,1390474,1303354,1268442,1263926,1243827,1240140,1259763,1266446,1253874,1244346,1241638,1215162,1171519,1114455,1057381,982659,904635,840228,787436,740904,702419,673963,658941,656237,665636,684794,707214,726872,743512,757003,767465,775274,780983,783035,780116,773281,763377,751022,738737,728498,719636,711396,702966,693580,682634,669740,654762,637852
"중위 추계(기본 추계: 출산율-중위 / 기대수명-중위 / 국제순이동-중위)","남자","25 - 29세",960543,1017695,1065655,1107810,1134420,1145871,1163475,1182153,1185423,1199511,1207106,1193169,1194881,1223388,1257320,1289827,1317288,1354062,1407774,1485232,1584377,1692645,1790014,1893189,1992653,2092942,2140451,2184804,2215868,2215298,2222615,2189388,2165343,2159527,2177475,2210162,2222172,2258208,2261150,2252178,2232158,2179040,2098801,2036930,1992129,1981697,2024586,2073207,2096715,2071602,1989754,1909497,1808875,1734720,1714497,1730403,1739228,1791765,1868033,1924269,1949923,1962374,1933726,1915057,1878599,1841645,1792831,1715998,1630727,1558462,1462990,1375902,1340900,1336168,1315841,1312243,1332072,1338814,1326198,1316875,1314598,1288363,1244920,1188266,1131748,1057456,979575,915175,862384,815861,777406,748958,733821,730888,740049,759069,781458,801131,817798,831324,841829,849679,855423,857523,854687,847966,838171,825876,813608,803372,794518,786294,777892
"중위 추계(기본 추계: 출산율-중위 / 기대수명-중위 / 국제순이동-중위)","남자","30 - 34세",738376,765035,793285,836659,882373,935819,992511,1042065,1086199,1115419,1129990,1148290,1166998,1162405,1154727,1137048,1140414,1169762,1215645,1270576,1320116,1353919,1398963,1460106,1540638,1626661,1726765,1810698,1921027,2023780,2123583,2187801,2232004,2247695,2234505,2204571,2187039,2172352,2148305,2150092,2176913,2213068,2255001,2285705,2279293,2240142,2180616,2109088,2045263,1992214,2000527,2049481,2094985,2111042,2096735,2015092,1922760,1825165,1764834,1743237,1745712,1745107,1796779,1883794,1938196,1969945,1996598,1976227,1940894,1897043,1860277,1811583,1734624,1649105,1576669,1481047,1393766,1358676,1354046,1333796,1330182,1350130,1357035,1344490,1335131,1332851,1306627,1263046,1206143,1149343,1074767,996582,931905,878887,832168,793541,764973,749798,746896,756135,775265,797782,817580,834353,847972,858552,866463,872261,874394,871556,864811,854976,842634
"중위 추계(기본 추계: 출산율-중위 / 기대수명-중위 / 국제순이동-중위)","남자","35 - 39세",682686,676712,679243,680161,698422,714200,741232,771926,817300,864561,920441,971765,1020101,1066617,1100456,1123445,1144977,1166571,1177062,1174643,1168846,1170953,1192121,1232128,1282221,1314595,1341391,1383009,1406584,1453648,1562784,1679109,1787559,1900657,2009543,2095913,2148707,2198346,2210902,2199114,2180572,2166558,2153573,2142489,2166489,2184835,2228330,2273836,2309682,2289453,2252710,2181088,2101052,2028863,1982864,2004556,2044466,2089929,2114600,2095902,1999740,1907424,1808706,1750443,1731341,1744455,1757521,1812587,1878096,1925620,1957721,1984633,1964550,1929436,1885768,1849160,1800636,1723814,1638375,1566000,1470477,1383248,1348176,1343620,1323474,1319914,1339935,1346952,1334502,1325189,1322948,1296784,1253220,1196294,1139448,1064824,986569,921814,868732,821959,783285,754684,739498,736612,745886,765067,787647,807511,824343,838016,848642,856595,862429
"중위 추계(기본 추계: 출산율-중위 / 기대수명-중위 / 국제순이동-중위)","남자","40 - 44세",570525,584734,603816,627309,642039,652785,648791,653268,656236,676632,695800,718462,743874,781933,828202,887724,949159,1002288,1047568,1083740,1110891,1137936,1163656,1172788,1168830,1165918,1165761,1176211,1201983,1241917,1268797,1301987,1332496,1366473,1426899,1527547,1641684,1742628,1853383,1964249,2045158,2113646,2169132,2201473,2192667,2165148,2139138,2130204,2117845,2164790,2192383,2240870,2279295,2305325,2286346,2248961,2160777,2083256,2021308,1970422,1979773,2020470,2067075,2087030,2069513,1986113,1902383,1808708,1739757,1716248,1729692,1743081,1798310,1863987,1911735,1944070,1971204,1951455,1916627,1873224,1836849,1788569,1711992,1626759,1554540,1459209,1372105,1337075,1332594,1312568,1309078,1329174,1336314,1323982,1314743,1312583,1286521,1243021,1186132,1129291,1054675,976394,911590,858470,811667,772967,744345,729152,726273,735571,754794,777434,797363
"중위 추계(기본 추계: 출산율-중위 / 기대수명-중위 / 국제순이동-중위)","남자","45 - 49세",485198,496049,504656,510900,522679,535956,551738,572071,598864,614673,623917,626273,622886,623922,635119,650006,670994,704404,747213,797311,859667,919177,965593,1007134,1043789,1073822,1099493,1123269,1132978,1127174,1100340,1095429,1107613,1140436,1184655,1225938,1266396,1301587,1330322,1383436,1483122,1598458,1697943,1812161,1924199,2000124,2089417,2142938,2196142,2184842,2166821,2133627,2124531,2089888,2169125,2199587,2241597,2278705,2308830,2280977,2225868,2138197,2061862,1995415,1947890,1968894,2013504,2063068,2081918,2061835,1979393,1896422,1803493,1735080,1711916,1725612,1739327,1794736,1860626,1908678,1941339,1968765,1949439,1914967,1871880,1835776,1787784,1711480,1626467,1554397,1459249,1372248,1337234,1332832,1312960,1309561,1329760,1337059,1324874,1315722,1313654,1287710,1244271,1187407,1130553,1055918,977569,912671,859472,812606,773852,745189,729974
"중위 추계(기본 추계: 출산율-중위 / 기대수명-중위 / 국제순이동-중위)","남자","50 - 54세",408634,418520,432218,439228,436407,443633,456513,466761,472555,482998,504235,514448,528379,550741,569661,580476,584284,585688,587255,594640,607140,630060,666215,710345,760825,814133,863615,911411,957429,997839,1001442,1024861,1049469,1058595,1053212,1045400,1040241,1060928,1099849,1149801,1194103,1224816,1261221,1292202,1341081,1436212,1554676,1648729,1770211,1887016,1972536,2085550,2136013,2190098,2180821,2165419,2112259,2107628,2075419,2159754,2177535,2221205,2258061,2281401,2252613,2207838,2123780,2051380,1988040,1938731,1960386,2005496,2055509,2074964,2055631,1974299,1892285,1800347,1732681,1710009,1724066,1738224,1793874,1860050,1908491,1941561,1969365,1950588,1916588,1873923,1838174,1790567,1714645,1629942,1558102,1463254,1376452,1341507,1337232,1317570,1314297,1334628,1342131,1330149,1321124,1319175,1293393,1250056,1193242,1136385,1061750,983347,918360
"중위 추계(기본 추계: 출산율-중위 / 기대수명-중위 / 국제순이동-중위)","남자","55 - 59세",289392,292521,298221,316997,341962,358167,370877,382888,391433,395092,403184,416503,413697,413557,421197,435319,452778,473166,498041,518057,528205,529106,530231,535138,546814,564617,586187,618856,657283,698631,739200,788855,832888,873455,907157,932110,947145,970309,980344,979909,981156,990089,1012176,1047715,1095353,1136993,1174921,1212829,1251007,1297637,1397202,1519137,1608745,1719950,1841582,1932408,2054239,2102223,2164174,2147149,2121562,2068337,2068112,2034448,2117431,2142637,2188632,2227167,2252857,2223514,2180559,2098765,2028252,1966668,1918930,1941301,1986938,2037425,2057586,2039197,1959359,1878693,1788170,1721609,1699657,1714199,1728930,1784855,1851303,1900136,1933624,1961813,1943710,1910347,1868279,1833061,1786023,1710673,1626465,1555020,1460680,1374280,1339520,1335455,1316099,1313006,1333496,1341260,1329554,1320705,1318919,1293369,1250206
"중위 추계(기본 추계: 출산율-중위 / 기대수명-중위 / 국제순이동-중위)","남자","60 - 64세",230431,239434,241992,237584,237198,236043,242419,248040,263762,287157,299491,312145,313400,317671,317665,320952,336620,349839,359231,369793,382208,391953,405033,421952,437544,449283,456346,460271,465153,475876,493103,515094,545528,581164,622405,670698,719920,763853,799938,828732,852303,875583,901451,920359,923453,928692,930455,951179,986275,1035802,1083119,1126838,1164089,1195750,1243960,1345931,1466124,1554982,1668124,1787518,1876783,1999375,2042614,2101922,2082774,2062168,2015600,2017632,1987872,2068825,2095621,2142545,2181994,2208753,2181721,2140944,2062026,1993984,1934698,1889029,1912337,1958591,2009613,2030649,2013464,1935590,1856760,1768138,1703052,1682031,1697133,1712495,1768674,1835368,1884616,1918597,1947251,1929987,1897447,1856177,1821682,1775428,1700901,1617460,1546656,1453080,1367316,1332895,1329124,1310175,1307337,1328025,1336085
"중위 추계(기본 추계: 출산율-중위 / 기대수명-중위 / 국제순이동-중위)","남자","65 - 69세",141661,141887,148284,158662,160834,174264,184531,188260,185683,186153,178840,196448,188800,197881,214018,225695,233858,243781,251992,256937,263454,271107,279657,287396,294903,303471,314236,328403,346607,367064,375468,379487,384640,393008,406538,424965,449576,477897,512154,551423,595086,637330,676884,711353,740526,764040,788456,822884,855346,861451,871002,863928,883241,908072,958234,1009632,1059400,1098706,1132243,1177211,1280138,1394231,1478069,1584823,1700794,1787365,1908010,1952534,2013313,1996070,1978807,1936757,1940864,1914703,1995240,2023603,2071435,2111774,2139662,2115526,2077570,2002416,1937678,1881510,1838655,1863239,1910236,1961797,1983747,1967920,1892490,1816092,1730115,1667187,1647545,1663427,1679608,1736045,1802858,1852420,1886870,1915980,1899747,1868346,1828216,1794759,1749638,1676342,1594088,1524299,1431960,1347321,1313530
"중위 추계(기본 추계: 출산율-중위 / 기대수명-중위 / 국제순이동-중위)","남자","70 - 74세",80707,84914,86420,85583,91624,96350,101220,106623,114381,117573,139249,136981,130081,123544,117351,121921,128280,133976,142897,154087,162400,168560,175629,181807,188216,197029,201682,208766,215339,222274,234292,242700,254547,269882,285254,297065,305777,313712,323974,337200,353411,371625,396315,425721,457420,494667,534440,571360,604560,637772,664268,689761,733285,775208,783053,796175,780645,800334,825893,876494,928928,975339,1012668,1045428,1087769,1185734,1294560,1376471,1479793,1590428,1675366,1792141,1836543,1896799,1882663,1869368,1833034,1839588,1818020,1897577,1927638,1976294,2017377,2046380,2025917,1991612,1921607,1861429,1809564,1770538,1796561,1844047,1895804,1918632,1904542,1832739,1760071,1678141,1618449,1600752,1617582,1634755,1691285,1757884,1807556,1842375,1871846,1857010,1827293,1788895,1757053,1713730,1642446
"중위 추계(기본 추계: 출산율-중위 / 기대수명-중위 / 국제순이동-중위)","남자","75 - 79세",45335,47111,49893,51682,53175,55662,57915,56172,53518,54878,56261,60229,58837,60479,62222,68485,71525,73696,72632,71238,73846,76421,83840,89588,96046,103369,105534,109645,115578,119565,132365,140919,146260,149838,154503,162677,171472,181842,192944,204497,215420,224127,232732,241516,252637,265655,281091,301667,326089,353244,386793,422066,454917,485151,518840,546349,573514,620799,663906,672113,685809,675869,696606,722713,768879,816937,857801,896044,930457,971590,1063624,1163525,1240661,1336884,1439376,1520904,1630904,1673737,1732040,1721137,1712838,1684391,1693680,1678484,1755670,1787369,1836375,1877423,1906931,1891191,1861346,1798475,1744735,1699158,1666003,1694098,1741921,1793417,1816803,1804505,1737978,1671084,1595708,1541339,1526776,1544868,1563326,1619532,1685166,1734400,1769262,1798788,1786042
"중위 추계(기본 추계: 출산율-중위 / 기대수명-중위 / 국제순이동-중위)","남자","80세이상",21092,22897,23655,25003,26244,27086,28386,29398,31890,32989,33767,34701,34814,35983,36299,37196,37747,38882,41054,43676,44868,44989,46448,48339,51674,53778,56819,60044,63424,66977,79732,83735,87926,92281,96841,101634,115106,121101,125965,130272,135869,146152,158316,170466,183498,196454,209355,222509,236572,254016,271770,288632,310273,335074,363446,396492,438712,482218,524710,576516,626047,677488,737256,793265,829873,870938,893336,958590,1023165,1082203,1144489,1184767,1259699,1330663,1402652,1521232,1626839,1742049,1869415,2002047,2155866,2321445,2434414,2570664,2648835,2747761,2838853,2916408,2993203,3101304,3187364,3283243,3361409,3430611,3489446,3517711,3527406,3532085,3538534,3549390,3591346,3636471,3681892,3704626,3700054,3675503,3655415,3629665,3603923,3591320,3591877,3597949,3634730
"중위 추계(기본 추계: 출산율-중위 / 기대수명-중위 / 국제순이동-중위)","남자","80 - 84세",-,-,-,-,-,-,-,-,-,-,-,-,-,-,-,-,-,-,-,-,-,-,-,-,-,-,-,-,-,-,-,-,-,-,-,-,-,-,-,-,95912,102574,110728,119483,128928,137401,144246,150705,157822,167548,178050,189129,204670,222240,241136,266996,299295,328523,355506,387167,412934,438090,476263,510831,518803,531274,524559,548322,575242,614795,655862,687998,723126,754889,791760,872733,956862,1024437,1107398,1195011,1269016,1365896,1403862,1456926,1449276,1447410,1430227,1442176,1435689,1506670,1538666,1585814,1624485,1652829,1643836,1620651,1569428,1526231,1490850,1466989,1497394,1544174,1593368,1616174,1606014,1548599,1492065,1428791,1384158,1374921,1394534,1414603,1469152
"중위 추계(기본 추계: 출산율-중위 / 기대수명-중위 / 국제순이동-중위)","남자","85 - 89세",-,-,-,-,-,-,-,-,-,-,-,-,-,-,-,-,-,-,-,-,-,-,-,-,-,-,-,-,-,-,-,-,-,-,-,-,-,-,-,-,31792,34821,38111,40967,43798,46981,51536,56685,61896,67954,72981,76453,79849,83433,90390,96002,104270,115958,128236,143004,162714,184329,201240,217654,238467,256289,274135,303962,329987,336056,345016,340707,361388,383895,412447,442065,462419,490387,515690,544103,605934,666085,716999,778371,842304,900876,974713,1002876,1044593,1039451,1042995,1037628,1050129,1052363,1110003,1138850,1179264,1211120,1234632,1232564,1217476,1182513,1153922,1132554,1121030,1151516,1192949,1235057,1254502,1246566,1203605,1163470,1119392
"중위 추계(기본 추계: 출산율-중위 / 기대수명-중위 / 국제순이동-중위)","남자","90 - 94세",-,-,-,-,-,-,-,-,-,-,-,-,-,-,-,-,-,-,-,-,-,-,-,-,-,-,-,-,-,-,-,-,-,-,-,-,-,-,-,-,7115,7634,8266,8674,9341,10493,11788,13145,14740,16099,17855,19834,22157,25415,27414,28260,29319,30906,32865,37779,41611,45872,50323,54970,61639,71431,81638,91409,100949,111848,120909,130095,145902,159341,162045,166625,164251,177991,192193,207624,223631,232557,249743,265118,281713,318188,350585,379735,414161,449384,484911,527776,542548,567500,563982,569653,572077,581574,587845,624271,644078,670882,690661,705404,707685,700153,682386,668997,661147,660065,684538,713730,741977
"중위 추계(기본 추계: 출산율-중위 / 기대수명-중위 / 국제순이동-중위)","남자","95 - 99세",-,-,-,-,-,-,-,-,-,-,-,-,-,-,-,-,-,-,-,-,-,-,-,-,-,-,-,-,-,-,-,-,-,-,-,-,-,-,-,-,966,1026,1092,1205,1287,1411,1607,1784,1908,2178,2615,2917,3268,3632,4108,4790,5352,6289,7505,7776,7927,8158,8291,8601,9811,10842,11940,13732,15666,17961,21013,24117,27126,30049,33511,36407,39397,44812,49214,49773,51227,50301,56175,61825,67068,72528,74720,81619,87561,93697,107705,118733,129354,141740,154204,168191,184306,188666,198254,196173,199849,203001,207349,211709,226966,235514,246956,254725,260581,262847,260265,254523,250925
"중위 추계(기본 추계: 출산율-중위 / 기대수명-중위 / 국제순이동-중위)","남자","100세 이상",-,-,-,-,-,-,-,-,-,-,-,-,-,-,-,-,-,-,-,-,-,-,-,-,-,-,-,-,-,-,-,-,-,-,-,-,-,-,-,-,84,97,119,137,144,168,178,190,206,237,269,299,329,354,398,444,476,542,598,790,861,1039,1139,1209,1153,1102,1064,1165,1321,1543,1689,1850,2157,2489,2889,3402,3910,4422,4920,5536,6058,6606,7635,8424,8474,8759,8608,10002,11199,12102,13087,13292,14893,16179,17421,20366,22331,24494,26953,29393,32549,35901,36592,38785,38359,39721,41059,42095,43535,46921,48935,51623,53284
"중위 추계(기본 추계: 출산율-중위 / 기대수명-중위 / 국제순이동-중위)","여자","계",12461683,12829090,13192047,13553627,13902205,14251843,14605710,14925590,15262204,15603301,15932220,16233820,16549968,16868272,17178043,17514897,17790020,18062379,18331931,18604875,18888039,19187568,19488960,19781283,20030781,20230144,20441677,20661710,20876021,21091649,21301102,21511790,21734307,21952074,22169044,22387662,22600169,22805488,22990776,23158840,23341342,23515193,23653359,23771458,23871779,23941327,24068731,24192448,24383060,24533494,24672998,24866771,25012473,25143574,25301582,25429053,25546854,25625118,25727369,25816116,25910542,25898598,25853883,25852731,25874289,25846661,25814069,25781367,25748028,25713793,25678440,25641290,25601388,25558277,25511168,25459331,25402334,25340209,25271020,25192387,25104567,25007260,24900431,24784126,24657912,24521212,24373323,24213904,24042475,23858969,23663658,23457140,23239202,23009312,22768888,22519827,22263736,22001267,21733154,21461503,21187773,20912876,20637676,20363136,20090369,19819930,19551991,19286990,19025249,18766724,18511667,18260527,18013264
"중위 추계(기본 추계: 출산율-중위 / 기대수명-중위 / 국제순이동-중위)","여자","0 - 4세",2207268,2276565,2323482,2338441,2310458,2269201,2243390,2219142,2202652,2198556,2185784,2207043,2228379,2236381,2233746,2167499,2102367,2032844,1984224,1943823,1946316,1965926,1982810,1983512,1928889,1850484,1756018,1662889,1589371,1554953,1516056,1526977,1555810,1590381,1624254,1651828,1663666,1651248,1623310,1582587,1543635,1503900,1432527,1354562,1290396,1209243,1132710,1106072,1110359,1098912,1098975,1121917,1130292,1121025,1115412,1114488,1091563,1048855,993553,940411,865365,788033,727814,676677,632988,595836,568470,553321,550381,559346,577900,599766,619015,635313,648527,658780,666430,672019,674037,671212,664565,654915,642842,630792,620717,612000,603899,595625,586434,575728,563121,548484,531955,513905,494901,475623,456804,439147,423264,409633,398565,390186,384444,381127,379902,380338,381960,384285,386861,389296,391270,392558,393012
"중위 추계(기본 추계: 출산율-중위 / 기대수명-중위 / 국제순이동-중위)","여자","5 - 9세",1617090,1736162,1846082,1975048,2097314,2189802,2258024,2305798,2319092,2285579,2228980,2173132,2140397,2123629,2133086,2158996,2183011,2215771,2217987,2200879,2143991,2087082,2014610,1960725,1930173,1920797,1943319,1973804,1986263,1943648,1852140,1752238,1650813,1569336,1520622,1502462,1498797,1533243,1574956,1616434,1644256,1651084,1636050,1608093,1568853,1534686,1494147,1420331,1340216,1277896,1197359,1121978,1096153,1100229,1088920,1089368,1113571,1120380,1112018,1107062,1109604,1088040,1044863,988475,933128,860959,784818,723809,674037,630268,593529,566469,551488,548596,557502,575909,597585,616647,632787,645873,656028,663605,669141,671138,668341,661761,652204,640243,628310,618339,609712,601695,593505,584405,573806,561321,546826,530455,512582,493761,474673,456037,438556,422830,409335,398379,390086,384404,381125,379915,380352,381961,384266
"중위 추계(기본 추계: 출산율-중위 / 기대수명-중위 / 국제순이동-중위)","여자","10 - 14세",1287335,1332220,1369542,1401890,1480024,1602738,1721844,1830214,1959385,2085023,2181361,2223105,2274496,2280415,2248711,2210608,2171562,2136224,2112864,2121796,2152817,2189989,2227852,2238445,2221479,2174920,2104741,2029553,1958843,1917603,1897852,1922314,1951674,1959321,1922959,1845673,1756467,1645640,1559495,1501670,1478713,1485477,1517638,1557566,1595626,1620883,1630271,1613410,1588438,1554630,1526961,1489332,1418881,1339075,1276349,1193740,1118166,1090502,1094811,1084319,1089908,1114575,1122176,1112763,1106168,1106767,1083494,1042650,986856,931476,859681,783922,723247,673742,630207,593671,566765,551866,548983,557844,576170,597749,616717,632780,645804,655908,663449,668958,670943,668163,661621,652118,640215,628341,618423,609844,601869,593719,584666,574122,561700,547280,530992,513211,494485,475494,456953,439559,423912,410486,399585,391334,385683
"중위 추계(기본 추계: 출산율-중위 / 기대수명-중위 / 국제순이동-중위)","여자","15 - 19세",1169586,1145417,1150735,1189724,1229662,1271430,1316598,1354475,1386459,1460520,1581139,1690605,1797182,1913894,2017314,2094258,2153668,2195834,2219836,2209512,2175712,2125736,2088285,2077982,2098219,2135464,2173491,2207280,2223167,2209053,2152632,2081699,2004038,1934137,1891953,1886759,1922711,1960903,1972151,1936599,1855411,1739011,1625789,1536701,1478831,1458955,1465976,1500646,1541647,1580489,1607415,1625599,1614091,1593281,1561263,1537550,1499457,1427984,1349367,1288144,1210892,1129458,1104293,1112684,1101072,1099151,1121555,1129388,1119803,1113135,1113771,1090518,1049847,994307,939247,867744,792369,732108,682939,639677,603381,576666,561904,559102,567988,586280,607772,626632,642602,655549,665593,673083,678556,680519,677735,671213,661747,649896,638086,628232,619708,611782,603677,594669,584176,571812,557458,541248,523554,504921,486026,467583,450284
"중위 추계(기본 추계: 출산율-중위 / 기대수명-중위 / 국제순이동-중위)","여자","20 - 24세",1151342,1175745,1192695,1187173,1174094,1151445,1128542,1134440,1173580,1214175,1254177,1291625,1332263,1358803,1406296,1503991,1625176,1730467,1840020,1943918,2015317,2083708,2134522,2149399,2128638,2089009,2066122,2046142,2032746,2047375,2104873,2147005,2184965,2199686,2180962,2132031,2053328,1966071,1903816,1861266,1864530,1907265,1945084,1957691,1914220,1819759,1712887,1607722,1531096,1494654,1484342,1497451,1534260,1576405,1613309,1634084,1656631,1647591,1637892,1616028,1612791,1566923,1484776,1405228,1352417,1269821,1191297,1162838,1162442,1145942,1143986,1166426,1174137,1164490,1157818,1158747,1135941,1095789,1041156,987299,917206,843194,784048,735775,693269,657639,631487,617081,614332,623013,640956,662071,680597,696284,709004,718876,726244,731630,733548,730794,724401,715135,703512,691915,682237,673865,666078,658116,649263,638951,626805,612704,596782
"중위 추계(기본 추계: 출산율-중위 / 기대수명-중위 / 국제순이동-중위)","여자","25 - 29세",972537,1010896,1051348,1090826,1114300,1132998,1155506,1170449,1164303,1151340,1128863,1104590,1115073,1155037,1200895,1245439,1271119,1293901,1319532,1377009,1488420,1607206,1709435,1820376,1924720,2004949,2065715,2106788,2130915,2127003,2104134,2074617,2051475,2044119,2059594,2090548,2122321,2166011,2179897,2166175,2120755,2045556,1965788,1904500,1861144,1862130,1902550,1945164,1959552,1929488,1844351,1755305,1655989,1580535,1544633,1539051,1540583,1576396,1625029,1663507,1695619,1712828,1695058,1679660,1655044,1634824,1600140,1530888,1453148,1393330,1310402,1231580,1202779,1202312,1186147,1184332,1206636,1214480,1205053,1198465,1199212,1176252,1136017,1081056,1026599,955863,881260,821605,772930,730099,694168,667733,653140,650378,659186,677316,698626,717332,733176,746026,756000,763447,768890,770852,768108,761661,752297,740571,728881,719124,710684,702837,694814
"중위 추계(기본 추계: 출산율-중위 / 기대수명-중위 / 국제순이동-중위)","여자","30 - 34세",817952,844596,874853,900861,927427,961857,1001834,1038291,1071601,1091533,1107757,1120701,1139037,1134064,1122787,1108634,1096220,1108456,1140313,1175924,1205098,1241977,1283330,1327562,1396598,1462611,1617868,1718664,1835282,1942221,2011119,2071235,2113010,2129033,2118539,2092150,2070461,2039837,2013992,2031533,2071079,2119019,2166319,2187307,2171339,2120294,2045655,1969823,1909544,1864224,1877257,1917946,1963703,1975213,1948719,1856510,1765495,1666377,1595783,1563225,1562091,1561344,1593655,1640746,1677571,1700142,1720458,1708959,1691835,1662224,1642320,1607878,1538807,1461190,1401442,1318577,1239807,1211034,1210606,1194501,1192734,1215085,1222983,1213616,1207067,1207843,1184912,1144685,1089717,1035230,964456,889809,830107,781393,738532,702576,676123,661524,658771,667600,685761,707107,725848,741724,754600,764597,772061,777521,779496,776759,770313,760949,749214
"중위 추계(기본 추계: 출산율-중위 / 기대수명-중위 / 국제순이동-중위)","여자","35 - 39세",687439,701573,713916,730953,762919,789027,817072,852822,884874,912899,946541,976799,1008968,1041692,1065566,1085681,1106066,1126875,1133578,1125482,1110719,1098311,1105974,1137114,1180667,1237597,1222938,1264675,1296670,1352324,1479545,1594562,1701514,1811408,1915369,1996138,2055375,2114453,2147046,2125831,2092507,2062407,2033933,2012361,2049533,2082502,2133591,2175204,2200297,2177509,2134326,2060239,1986641,1920853,1871522,1887544,1920219,1964371,1981010,1955867,1867239,1775602,1673805,1599400,1565915,1561026,1563003,1599017,1641430,1673441,1696247,1716741,1705462,1688540,1659105,1639342,1605069,1536190,1458746,1399160,1316516,1237964,1209327,1209005,1193006,1191282,1213641,1221582,1212277,1205758,1206547,1183671,1143510,1088602,1034171,963486,888954,829354,780725,737934,702035,675628,661075,658362,667214,685381,706723,725459,741332,754206,764204,771672,777137
"중위 추계(기본 추계: 출산율-중위 / 기대수명-중위 / 국제순이동-중위)","여자","40 - 44세",554509,568659,588586,617814,643495,666120,679581,691904,709845,744040,771329,800106,831324,860784,891805,932497,964647,992748,1021777,1049028,1067679,1088526,1110551,1116252,1107894,1096983,1094033,1106082,1135674,1177254,1208951,1243808,1275865,1310383,1369828,1467844,1575793,1662595,1772055,1895918,1975280,2041639,2102133,2140853,2119774,2083152,2044892,2026553,2017430,2079435,2113987,2168151,2204694,2222650,2193282,2149420,2069252,1995148,1930092,1877437,1892398,1923936,1967944,1979185,1954043,1865133,1777225,1679979,1603289,1566465,1561857,1564060,1600168,1642640,1674745,1697670,1718290,1707187,1690417,1661158,1641558,1607454,1538801,1461601,1402203,1319757,1241351,1212766,1212467,1196515,1194837,1217225,1225210,1215951,1209476,1210330,1187539,1147465,1092665,1038341,967767,893311,833756,785162,742407,706539,680156,665612,662894,671733,689891,711238,729985
"중위 추계(기본 추계: 출산율-중위 / 기대수명-중위 / 국제순이동-중위)","여자","45 - 49세",494732,505185,513639,517548,519811,531137,546425,567781,599069,624409,647637,662659,672662,690850,717636,748393,777891,808496,835910,862564,896421,932094,962786,994652,1022682,1045518,1067449,1088249,1097349,1092071,1066369,1060037,1072672,1106197,1150796,1192966,1211896,1252000,1282892,1332659,1438321,1562163,1648190,1756981,1877912,1957973,2050067,2105846,2158522,2136420,2104888,2057463,2048855,2035425,2125961,2154449,2200173,2228237,2244349,2206645,2159864,2075715,2000130,1931529,1880851,1896876,1931068,1978902,1992154,1964845,1876481,1788912,1691938,1615403,1578676,1574166,1576510,1612714,1655334,1687636,1710766,1731579,1720689,1704067,1674947,1655445,1621443,1552874,1475696,1416276,1333822,1255345,1226669,1226359,1210447,1208799,1231254,1239342,1230158,1223734,1224650,1201915,1161840,1107006,1052616,981958,907365,847664,798954,756103,720153,693704,679113
"중위 추계(기본 추계: 출산율-중위 / 기대수명-중위 / 국제순이동-중위)","여자","50 - 54세",436622,443509,454209,459774,460922,465379,477328,488305,491684,495429,512915,526610,543264,571706,599436,622471,640519,657383,674345,694651,717786,746556,777972,807529,839392,872627,908413,941455,970137,997147,1020272,1041324,1061757,1067472,1058177,1045311,1034625,1042467,1074104,1120450,1171759,1202721,1244370,1276020,1322985,1425679,1551725,1638383,1753805,1874127,1961827,2078358,2127006,2174567,2153964,2123620,2058038,2056212,2046854,2138136,2160734,2204543,2231491,2244211,2207260,2159961,2078372,2006066,1939333,1886820,1903214,1937795,1985959,1999599,1972641,1884653,1797323,1700607,1624252,1587656,1583292,1585834,1622222,1665084,1697637,1720986,1741987,1731307,1714822,1685815,1666394,1632498,1563988,1486776,1427293,1344821,1266280,1237539,1237271,1221456,1219857,1242388,1250597,1241495,1235106,1236060,1213367,1173272,1118363,1063855,993061,918300,858430
"중위 추계(기본 추계: 출산율-중위 / 기대수명-중위 / 국제순이동-중위)","여자","55 - 59세",339582,338083,342370,360342,384049,398644,407861,419782,429795,435448,443264,457981,458865,461059,469290,484062,499087,520229,549123,579312,602630,615134,628849,646509,668597,693961,720283,750876,784223,817967,850304,885534,916315,946810,974738,995816,1014089,1041013,1048696,1036565,1025233,1018848,1028871,1057727,1101585,1148617,1188503,1228668,1267806,1314068,1420113,1546118,1633180,1737360,1857434,1951809,2080676,2123676,2176334,2148244,2115505,2045289,2045845,2036303,2128595,2149934,2195822,2223924,2236965,2198286,2151795,2071090,1999482,1933414,1881480,1898159,1933020,1981408,1995378,1968801,1881330,1794419,1698158,1622160,1585808,1581634,1584392,1620929,1663966,1696709,1720240,1741418,1730968,1714656,1685806,1666511,1632780,1564428,1487311,1427885,1345509,1267013,1238274,1238068,1222357,1220812,1243408,1251732,1242732,1236393,1237395,1214772,1174702
"중위 추계(기본 추계: 출산율-중위 / 기대수명-중위 / 국제순이동-중위)","여자","60 - 64세",288034,296408,296126,287995,284472,294344,297123,304716,322400,347400,359282,372700,375932,380591,380855,388218,407984,424128,433835,441973,453668,468221,488143,513822,540057,561022,578822,595683,614469,635925,663628,690840,721916,751807,781897,817825,867689,895248,924350,950969,964753,984412,1013969,1030288,1023359,1017483,1003285,1012370,1038323,1081239,1128921,1176122,1213715,1247802,1297261,1404900,1528218,1615386,1720944,1840431,1937587,2065374,2105499,2156283,2128317,2093298,2027038,2028198,2017734,2107184,2129324,2175663,2204292,2217922,2180177,2134467,2054718,1983906,1918616,1867383,1884408,1919578,1968213,1982582,1956486,1869688,1783343,1687662,1612111,1576055,1572099,1575104,1611795,1654985,1687902,1711618,1732980,1722806,1706737,1678132,1659031,1625520,1557398,1480462,1421160,1338966,1260608,1231927,1231803,1216219,1214745,1237413,1245855
"중위 추계(기본 추계: 출산율-중위 / 기대수명-중위 / 국제순이동-중위)","여자","65 - 69세",204014,202677,212423,227507,229700,229683,241305,246217,242646,242669,249885,270583,266636,278686,297437,312711,323160,334081,344354,351474,360503,369561,378995,386867,395836,408737,425134,445959,470051,498989,525383,539617,554235,572296,596180,623249,650596,686812,717748,746670,786126,823763,851230,880881,909221,925569,946202,981983,1011081,1008828,1007312,982408,991450,1006436,1047495,1095999,1150604,1187813,1224345,1271411,1382094,1500680,1585781,1689360,1808456,1901240,2029453,2069927,2120242,2091831,2058363,1994142,1996155,1986894,2076228,2099081,2145747,2174793,2188982,2152400,2107720,2029298,1959623,1895464,1845261,1862774,1898289,1947110,1961830,1936219,1850286,1764781,1670022,1595203,1559623,1555970,1559289,1596162,1639513,1672620,1696528,1718069,1708222,1692463,1664174,1645338,1612151,1544400,1467807,1408763,1326905,1248858,1220341
"중위 추계(기본 추계: 출산율-중위 / 기대수명-중위 / 국제순이동-중위)","여자","70 - 74세",129687,139524,140591,137508,143992,148942,158980,150465,153739,161327,172559,184812,188283,193449,193268,213140,217260,223699,235418,251294,263595,272834,284084,293362,301002,309324,316059,326889,338528,348366,364560,376332,394923,420774,447930,469728,482888,499887,518663,543965,568802,592322,626942,655781,683079,720174,760361,790845,821775,854731,875369,897257,940767,979241,980699,983369,948477,956466,969497,1009612,1061419,1115186,1152098,1189249,1235014,1341351,1458458,1542767,1644452,1760576,1852958,1979757,2020405,2070817,2043894,2012519,1951180,1954218,1946576,2035437,2059189,2106240,2135753,2150680,2115843,2072646,1996227,1928274,1865856,1817255,1835485,1871460,1920484,1935627,1910695,1826170,1742105,1648957,1575471,1540767,1537616,1541405,1578483,1621948,1655224,1679337,1701102,1691794,1676582,1648852,1630492,1597890,1530852
"중위 추계(기본 추계: 출산율-중위 / 기대수명-중위 / 국제순이동-중위)","여자","75 - 79세",65864,69374,76638,83105,90222,96288,99349,94426,91603,90138,93589,102268,105489,111763,119401,136655,144367,149380,150410,150575,154013,159218,170294,180815,192239,204739,211828,218764,225494,233635,260764,270466,279000,283042,287313,296749,312749,327656,347431,371995,392664,405729,421671,437251,461135,486198,510663,543047,571925,600927,638739,679260,712482,743323,779558,804154,826652,873516,915243,917522,922655,891575,899933,914385,954783,1003597,1054535,1091981,1129185,1173892,1277606,1390287,1472618,1571357,1683664,1774829,1898443,1938399,1988081,1962953,1935007,1878854,1883490,1878605,1966208,1991054,2038201,2067857,2083446,2051410,2010599,1937872,1873164,1814059,1768514,1787964,1824419,1873273,1888742,1864758,1782870,1701600,1611740,1541079,1508201,1506020,1510719,1548132,1591661,1625065,1649354,1671327,1662994
"중위 추계(기본 추계: 출산율-중위 / 기대수명-중위 / 국제순이동-중위)","여자","80세이상",38090,42497,44812,47118,49344,52808,54948,56363,59477,62816,67158,68501,71718,75469,80514,101644,105916,111863,118405,125661,133354,135489,140468,146360,153699,161402,169444,177958,186839,196115,222520,233185,244325,255872,267933,280585,306718,320404,330174,337554,347518,369877,392855,416895,442787,468030,495246,526381,561244,605917,650856,691867,740314,790154,845801,908998,979079,1046208,1110248,1188115,1264777,1339497,1418722,1496593,1552667,1606745,1628863,1708753,1784742,1854732,1929006,1976284,2065589,2151741,2239668,2386685,2516501,2656844,2809077,2974932,3175485,3388574,3530503,3690619,3790728,3918652,4029466,4128714,4234736,4370836,4473722,4582773,4665317,4741869,4803374,4827389,4829897,4818238,4810468,4805708,4831102,4855053,4880372,4880763,4849067,4793373,4739499,4681294,4620029,4566083,4520432,4485427,4479800
"중위 추계(기본 추계: 출산율-중위 / 기대수명-중위 / 국제순이동-중위)","여자","80 - 84세",-,-,-,-,-,-,-,-,-,-,-,-,-,-,-,-,-,-,-,-,-,-,-,-,-,-,-,-,-,-,-,-,-,-,-,-,-,-,-,-,214202,227037,239537,256483,275992,291845,304066,319301,334776,360838,387547,410686,438974,465166,491882,526920,567927,601756,631903,668672,696308,719722,762492,800915,804085,807688,781117,794818,812319,850337,895954,940434,977216,1013554,1056285,1154047,1257024,1334104,1425626,1529117,1616782,1733031,1770462,1817624,1795102,1773051,1726271,1733008,1732635,1816304,1842292,1888857,1918128,1934424,1907654,1871130,1805406,1746757,1694218,1654930,1676546,1713311,1761014,1776650,1754371,1678291,1603435,1521195,1456984,1428091,1427757,1434155,1471905
"중위 추계(기본 추계: 출산율-중위 / 기대수명-중위 / 국제순이동-중위)","여자","85 - 89세",-,-,-,-,-,-,-,-,-,-,-,-,-,-,-,-,-,-,-,-,-,-,-,-,-,-,-,-,-,-,-,-,-,-,-,-,-,-,-,-,96605,104046,112397,117576,121489,126959,136974,147286,162581,176849,188964,198879,210619,221824,244965,267549,287025,309209,330352,354414,385986,421203,445118,468271,499163,522057,542906,582302,616021,619371,622682,601359,617793,637043,669816,708170,740976,774236,806691,843798,928255,1012354,1077878,1154302,1239854,1317567,1416698,1446936,1486760,1467343,1454143,1422959,1432184,1438215,1511929,1537609,1580000,1605730,1621178,1602954,1573772,1520927,1473617,1433560,1405896,1430280,1466067,1509827,1524502,1504902,1440436,1378597,1312037
"중위 추계(기본 추계: 출산율-중위 / 기대수명-중위 / 국제순이동-중위)","여자","90 - 94세",-,-,-,-,-,-,-,-,-,-,-,-,-,-,-,-,-,-,-,-,-,-,-,-,-,-,-,-,-,-,-,-,-,-,-,-,-,-,-,-,30024,31529,33200,34693,36684,39771,44238,49046,52553,55767,60109,66212,72887,84211,88979,92698,99590,107174,114711,130469,145710,158017,168603,180821,196922,218180,240479,259706,276707,296778,311700,325528,351975,373906,375838,377870,363530,379291,396220,418900,444791,462599,487820,511796,538123,598286,652857,697705,748772,805275,862311,931467,949754,976707,961871,958304,944874,954016,964430,1018495,1039603,1071487,1089399,1101484,1093532,1074698,1041037,1010964,988583,976009,1000044,1029912,1063593
"중위 추계(기본 추계: 출산율-중위 / 기대수명-중위 / 국제순이동-중위)","여자","95 - 99세",-,-,-,-,-,-,-,-,-,-,-,-,-,-,-,-,-,-,-,-,-,-,-,-,-,-,-,-,-,-,-,-,-,-,-,-,-,-,-,-,5792,6268,6612,6979,7413,8105,8506,9174,9633,10622,12251,14049,15652,16689,17537,19133,21534,24744,29728,30579,32281,35223,36739,40044,46194,52293,57291,63880,70375,77519,86583,95756,103741,110701,119335,125878,132018,144234,153801,154061,154729,147881,158160,168167,178844,190643,196232,209621,221738,234409,264475,288477,309540,332928,358594,388015,421381,427314,439615,431083,433013,431296,437128,445826,474002,485763,502509,510858,517504,516404,507533,492777,479859
"중위 추계(기본 추계: 출산율-중위 / 기대수명-중위 / 국제순이동-중위)","여자","100세 이상",-,-,-,-,-,-,-,-,-,-,-,-,-,-,-,-,-,-,-,-,-,-,-,-,-,-,-,-,-,-,-,-,-,-,-,-,-,-,-,-,895,997,1109,1164,1209,1350,1462,1574,1701,1841,1985,2041,2182,2264,2438,2698,3003,3325,3554,3981,4492,5332,5770,6542,6303,6527,7070,8047,9320,10727,12087,13207,14864,16537,18394,20720,22953,24979,26739,29056,30928,32709,36183,38730,38805,39105,37408,41444,44831,47505,50501,51013,55711,59595,63326,72331,78236,84421,91027,98246,108168,118032,119214,123243,121266,124341,126451,128450,132456,140677,144662,149986,152406
