Date,population,unemployment_rate,productivity_index,change_qoq,growth_rate_qoq,total_wage,BSI,BSI_Composite,cpi_growth,wage_growth,real_wage_growth,unemployment_rate_MA3,BSI_Composite_MA3,unemployment_rate_change3,BSI_Composite_change3
1995-01-01,31452487.060888886,2.659247767639631,101.82389889891752,2.1585609494227027,-0.5552329429809064,5268008.332981556,91.4193358953989,,0.9,,,,,,
1995-02-01,30838353.965929843,2.620968683991687,92.26023391529554,-4.205559238357567,1.8737632358432137,4350218.022379976,84.47842207246651,,0.4,-17.42196011451892,-17.82196011451892,,,,
1995-03-01,34247020.83444033,3.8699295649404606,95.1580719368268,4.589269592359376,-0.1567907605020215,4374623.836064454,108.36014865943456,,1.0,0.5610250695234464,-0.43897493047655356,3.050048672190593,,,
1995-04-01,30462763.905742757,3.655766401130382,93.41981471119756,1.148974677884176,0.7987466926983724,5325634.381461424,103.84245619134292,,0.6,21.7392530428977,21.1392530428977,3.382221550020843,,0.996518633490751,
1995-05-01,31116395.75804562,3.084023345726939,101.02406535452268,-1.279168715756579,0.308292001129985,4733951.727657141,94.65615412500048,,0.2,-11.11008776464143,-11.310087764641429,3.5365731039325934,,0.463054661735252,
1995-06-01,28690673.63537105,4.6459289631779255,102.41129698141894,3.371797671492065,1.8412053539731867,4129207.738774083,88.92557387403616,,-0.3,-12.774612494461346,-12.474612494461345,3.795239570011749,,0.7759993982374649,
1995-07-01,33173784.151564367,3.59071247432412,102.87848948945896,3.9636879205531974,1.83938859680022,4490408.641900498,90.46250881378973,,0.3,8.747462612129375,8.447462612129375,3.7735549277429947,,-0.06505392680626221,
1995-08-01,31332462.49951098,2.4854739798204495,105.24560618044208,-1.2545775910264654,0.2497341764210112,5266837.712628114,91.9438904685566,,0.6,17.290833254743674,16.690833254743673,3.5740384724408316,,-0.5985493659064893,
1995-09-01,28212731.117116187,3.60696815065414,102.98181110885498,2.8369117896156983,1.106184415555466,4461696.179950065,99.70444514271549,,0.9,-15.287000978738895,-16.187000978738894,3.22771820159957,,-1.0389608125237855,
1995-10-01,35723331.58196147,3.3070229792216823,95.2142748006982,0.2734309920308432,1.6352983204261116,5046847.565530238,86.94147786960596,,-0.5,13.114998466496242,13.614998466496242,3.1331550365654244,,-0.28368949510243757,
1995-11-01,31411942.29560104,3.77498743217898,97.69444979445834,-0.1238199756948221,-0.0831281891394125,5409523.997758034,85.09052129651897,,-0.2,7.1861974731486145,7.386197473148615,3.5629928540182676,,1.2895134523585305,
1995-12-01,31899511.0,3.7840164972155854,96.16773808802442,-3.818373435379354,5.728418404212011,4869522.160899442,79.69855684481098,,0.7,-9.982427974853136,-10.682427974853136,3.6220089695387494,,0.1770483465614454,
1996-01-01,31935095.25,4.856772532139814,87.64533334016517,0.6454633711757287,-4.4241470901872635,4265513.207694763,99.43949354659163,,1.0,-12.403864963479549,-13.403864963479549,4.138592153844793,,1.549749552918132,
1996-02-01,31970679.5,3.646879835166046,97.91266030107931,3.431871413252769,0.7151605059639952,4131476.658740768,83.42119280487547,,0.4,-3.1423311200209247,-3.5423311200209247,4.0958896215071485,,-0.12810759701293417,
1996-03-01,32006263.75,2.8749603535903,106.74832286225508,-4.37742883893483,-2.2633511523667216,5485758.125089687,109.56457485947908,,0.7,32.77959863294231,32.07959863294231,3.792870906965387,,-0.9090561436252855,
1996-04-01,32041848.0,3.094130243391676,94.2532259176055,-3.068712605618729,5.306972031176869,5092783.948150434,84.43123434265443,,0.7,-7.163534519357406,-7.863534519357406,3.2053234773826738,,-1.7626422887481383,
1996-05-01,32077432.25,4.809896399718726,92.6165032936718,4.00551387657269,-0.732447097455112,4211783.597153037,69.48308357482625,,0.6,-17.298993241552164,-17.898993241552166,3.592995665566901,,1.16301656455268,
1996-06-01,32113016.5,3.2008252410799605,99.11541719169932,2.2662728685254754,4.404468323730217,3919123.63929011,84.80860888685825,,0.0,-6.948599117503351,-6.948599117503351,3.7016172947301205,,0.3258648874896606,
1996-07-01,32148600.75,2.704893879467663,99.32510315420616,-0.1681683761887873,3.5738505140722205,4719568.116968173,83.57732693595582,,0.5,20.424068014936392,19.924068014936392,3.571871840088783,,-0.38923636392401306,
1996-08-01,32184185.0,2.5103598281947535,108.75970100281032,3.12268154819121,0.7349540065888724,5094409.492233915,80.14882145201163,,0.5,7.942281284554031,7.442281284554031,2.805359649580792,,-2.2995365715239724,
1996-09-01,32219769.25,3.3302238570321654,108.93400380049478,4.006857183526846,-1.479123078553327,3795553.914626099,97.07095343290408,,0.2,-25.49570425361043,-25.69570425361043,2.8484925215648604,,0.12939861595220492,
1996-10-01,32255353.5,4.084858976180566,103.08754446397587,-7.192609730899537,-0.7561120676048093,3922787.779124554,81.84611924013366,,0.0,3.352181719989833,3.352181719989833,3.3084808871358278,,1.3799650967129033,
1996-11-01,32290937.75,3.702085108576529,91.08874591673248,-0.0989795813309014,-4.452743394014204,5230295.454706436,77.84083740231034,,0.0,33.33108363750634,33.33108363750634,3.705722647263087,,1.1917252803817755,
1996-12-01,32326522.0,4.15135655630171,105.32550435956472,-3.2410856305263764,-0.8190366097407726,4173912.279643939,99.56657479369514,,0.4,-20.19739007500848,-20.59739007500848,3.979433547019602,,0.8211326992695449,
1997-01-01,32365242.416666668,3.446140072018578,101.58837904635628,2.3599486233053564,0.9845160641711788,3519798.0421709884,88.59323588125653,,0.8,-15.671489807369653,-16.471489807369654,3.7665272456322723,,-0.6387189041619883,
1997-02-01,32403962.833333332,3.353973493351591,98.25321237317176,0.0507343591755482,2.455997296500761,5195641.970187338,101.6870569098151,,0.6,47.611934205824504,47.0119342058245,3.6504900405572926,,-0.34811161522493794,
1997-03-01,32442683.25,2.865117462639813,104.31351315084828,3.66249118121446,3.9464681798116983,4320520.259985514,97.62624340659391,,0.4,-16.843379802212777,-17.243379802212775,3.2217436760033267,,-1.2862390936618975,
1997-04-01,32481403.666666668,4.089959965285349,104.32588157845628,0.4131724461853727,-0.4530354278076507,4673860.514213194,103.51236971315244,,0.5,8.178187647912228,7.678187647912228,3.4363503070922508,,0.6438198932667709,
1997-05-01,32520124.083333332,3.427986852469759,103.31363799772684,0.875925041793612,2.537187595281122,3584577.116984392,83.04761095811531,,0.1,-23.305860196646755,-23.405860196646756,3.461021426798306,,0.07401335911816798,
1997-06-01,32558844.5,3.4859727800996523,97.29169651088608,2.015457068904593,2.9861921892970726,5045904.713923229,84.17610305355844,,0.2,40.76708490981531,40.56708490981531,3.6679731992849196,,0.6208553174598395,
1997-07-01,32597564.916666668,1.986771718193016,101.82959195011335,-1.7121667170302186,5.9188236646823835,4710937.346096311,92.01337697778558,,0.2,-6.63840058062608,-6.838400580626081,2.966910450254142,,-2.1031882470923327,
1997-08-01,32636285.333333332,4.884018141336995,99.75738263966768,-4.2417925971527355,0.0354889835815325,4855715.019595566,92.1070877325364,,0.7,3.0732243471508713,2.373224347150871,3.452254213209887,,1.4560312888672358,
1997-09-01,32675005.75,3.1201771253909425,91.90402127325171,2.511809222871072,0.8757720319754592,4279995.761298337,90.24711666132384,,0.5,-11.856528976142034,-12.356528976142034,3.330322328306984,,-0.3657956547087098,
1997-10-01,32713726.166666668,3.40526415482851,100.8068086130911,3.5208671598487524,-3.635514115036284,3802146.2471282817,95.66001991738143,,0.0,-11.164719331990636,-11.164719331990636,3.8031531405188157,,1.4184924366354938,
1997-11-01,32752446.583333332,3.3403832884364624,97.8684478069882,-0.0614943102520359,-1.1515882079246065,3627112.385918236,96.69904706004584,,0.1,-4.6035541463521295,-4.703554146352129,3.288608189551971,,-1.5436348529005324,
1997-12-01,32791167.0,3.115005533343328,106.41576306326374,1.2255520037594572,1.7982942554279733,4222888.967705815,84.9565154181207,,2.5,16.425644380378166,13.925644380378166,3.2868843255361,,-0.005171592047614304,
1998-01-01,32819064.166666668,4.0914786961151055,105.64312373203416,2.969330129192908,1.074508409725262,4398700.509836825,90.87367195668408,,2.4,4.163300135890702,1.763300135890702,3.515622505964965,,0.6862145412865956,
1998-02-01,32846961.333333332,2.4793914948825497,98.24377773769072,-0.2187100391726175,-0.7291976040263874,4120185.9552722913,97.70007204612428,,1.7,-6.331746249641013,-8.031746249641012,3.2286252414469936,,-0.8609917935539126,
1998-03-01,32874858.5,2.587830856415106,97.24092819675428,5.812598310487838,-4.2939561091442995,4021686.38972581,108.9885616587951,,-0.2,-2.3906582522189024,-2.190658252218902,3.052900349137587,,-0.5271746769282224,
1998-04-01,32902755.666666668,2.941516030571261,105.36968523103478,0.3215437968421832,-1.2883923978911271,4386687.957783594,83.18852664061157,,0.3,9.07583368485052,8.77583368485052,2.669579460622972,,-1.1499626655438444,
1998-05-01,32930652.833333332,3.691897003804834,98.08571308342036,-3.4533942516685068,4.986966547316111,4534966.297228356,92.9006749360373,,-0.5,3.3801889004131613,3.8801889004131613,3.0737479635970666,,1.2125055089222845,
1998-06-01,32958550.0,3.7840431026216135,102.00386488714696,-2.3515178853501215,1.054255578422167,4682680.363257983,96.2287001107096,,-0.4,3.257225221715654,3.657225221715654,3.472485378999236,,1.1962122462065077,
1998-07-01,32986447.166666668,2.9041295754521568,104.70140317294404,2.2392531104282214,3.2732235636188816,4680616.017784554,85.22349989296704,,0.0,-0.044084697508439685,-0.044084697508439685,3.4600232272928673,,-0.03738645511910432,
1998-08-01,33014344.333333332,2.3603303884032254,95.77525765956348,2.2966154595160946,-0.9244753845778412,4642428.323479289,100.98892666687304,,0.3,-0.8158689830604748,-1.1158689830604749,3.0161676888256648,,-1.3315666154016088,
1998-09-01,33042241.5,1.9942356274905615,103.6947600949325,-6.67138513990067,-0.5968722523272564,4711244.882806389,91.62007562419144,,0.4,1.4823397267989424,1.0823397267989425,2.4195651971153143,,-1.789807475131052,
1998-10-01,33070138.666666668,4.219265270765307,105.88861481325002,1.4192999399652917,-3.858635528714477,4202621.674740518,94.73379193952312,,0.3,-10.795940790980374,-11.095940790980375,2.8579437622196977,,1.3151356953131503,
1998-11-01,33098035.833333332,3.853738146947507,105.19115672594587,-6.206689591913038,4.096990934706679,4177179.0246072514,87.57876170470928,,-0.3,-0.6053994887569303,-0.3053994887569303,3.3557463484011247,,1.4934077585442815,
1998-12-01,33125933.0,4.414874111491126,100.90785506099968,-1.932820551632063,0.942601175505412,3808020.906105651,100.51661880120074,,-0.2,-8.83749813754534,-8.637498137545341,4.162625843067979,,2.4206384840005644,
1999-01-01,33150455.833333332,3.4600628008772936,92.04245028201154,-1.4381095229306893,3.1991489304115466,4868950.175662089,99.71826421641708,,-0.1,27.860384586003196,27.960384586003197,3.909558353105309,,-0.7592024698880135,
1999-02-01,33174978.666666668,3.809816483094664,111.80522682953628,9.09052294610144,-4.469144894426546,4306788.560617644,87.19150001127568,,0.4,-11.54584858671307,-11.94584858671307,3.8949177984876946,,-0.04392166385284302,
1999-03-01,33199501.5,2.4302098037618505,99.50672240110714,-2.044961896130771,-2.950603730547136,4104268.932872281,92.04924121373514,,0.2,-4.702335043731976,-4.902335043731976,3.2333630292446025,,-1.9846643077292754,
1999-04-01,33224024.333333332,1.9775232407137329,85.9055300736889,-1.0253093992316735,0.3570995131175917,3190564.861361683,84.13169720749595,,0.3,-22.262285597137087,-22.562285597137087,2.739183175856749,,-1.4825395601635607,
1999-05-01,33248547.166666668,3.2890874738237215,96.91608234808784,-4.9023252813407705,-3.5107024226207546,5535599.78935322,91.9084642890353,,-0.2,73.49905204530813,73.69905204530814,2.5656068394331015,,-0.5207290092709425,
1999-06-01,33273070.0,6.7,98.6468435152146,0.3509930938073152,-1.9734584271215527,3529407.524015648,89.61101814739877,,-0.6,-36.241642128756126,-35.641642128756125,3.9888702381791514,,4.26979019623815,
1999-07-01,33297592.833333332,6.7,97.46172960069934,-2.3119262619891594,-2.539329907856065,4303137.430269515,90.96742816996768,,-0.3,21.922373684225114,22.222373684225115,5.563029157941241,,4.722476759286267,
1999-08-01,33322115.666666668,6.2,91.84519305936072,-0.1775307275760793,-3.7496450370630168,3796688.8370529176,83.02099637162964,,1.0,-11.769286977777927,-12.769286977777927,6.533333333333334,,2.9109125261762787,
1999-09-01,33346638.5,5.2,109.22386532716422,-4.610334979609412,1.0898150105692397,4120724.646697857,93.87720086326912,,0.3,8.534694928975629,8.234694928975628,6.033333333333334,,-1.5,
1999-10-01,33371161.333333332,5.0,90.17269386580766,4.367132413973051,-3.7128711390405367,4344047.443863114,99.59683057820192,,0.8,5.419503031929529,4.619503031929529,5.466666666666668,,-1.7000000000000002,
1999-11-01,33395684.166666668,4.8,101.45749773249244,0.0408261536336911,2.8014865431863867,3878157.308676423,107.815510655315,,-0.2,-10.72479389802382,-10.524793898023821,5.0,,-1.4000000000000004,
1999-12-01,33420207.0,5.2,95.58133743948603,2.7838986629985243,-3.226633146049373,4373098.267621165,96.65542960022547,,-0.2,12.762271345657727,12.962271345657726,5.0,,0.0,
2000-01-01,33443688.583333332,5.7,91.1295232058086,-4.5652450398325515,-0.1890060858202824,5073715.4135459885,85.61128997403438,,0.4,16.021070258408308,15.621070258408308,5.233333333333333,,0.7000000000000002,
2000-02-01,33467170.166666668,5.7,95.37691093725378,-0.9482912055745526,-3.707056002573916,4156406.0954599665,92.75152701751858,,0.3,-18.079636781301456,-18.379636781301457,5.533333333333334,,0.9000000000000004,
2000-03-01,33490651.75,5.1,108.3461965801667,-0.5506170254067181,-1.070358818933197,3212468.6253684657,85.98694884111103,,0.5,-22.71042454495873,-23.21042454495873,5.5,,-0.10000000000000053,
2000-04-01,33514133.333333332,4.5,101.79495088805066,2.066967529047705,0.8983344321011549,3412052.144828614,93.13547333369353,,-0.4,6.212777235676703,6.612777235676703,5.1000000000000005,,-1.2000000000000002,
2000-05-01,33537614.916666668,4.1,102.41280945605102,3.734931356402403,1.19199346105437,3875057.019373669,95.79964871439404,,-0.5,13.569689292316234,14.069689292316234,4.566666666666666,,-1.6000000000000005,
2000-06-01,33561096.5,3.9,95.5303911286154,-2.866472900179702,-0.6478968238393947,3601034.743996473,84.8215953614284,,0.5,-7.0714385364447185,-7.5714385364447185,4.166666666666666,,-1.1999999999999997,
2000-07-01,33584578.083333336,4.0,96.14517403089476,5.114750091636407,2.033358256576654,3743734.246228757,79.62629459946375,,0.4,3.962736057189886,3.5627360571898863,4.0,,-0.5,
2000-08-01,33608059.666666664,4.1,96.07781969238334,4.18543919202114,3.6633299560200583,3482650.1132871173,83.24770607361638,,0.5,-6.973896002491154,-7.473896002491154,4.0,,0.0,
2000-09-01,33631541.25,4.0,100.6365504985878,2.852331403625786,-0.7117349857989714,3148811.4065442607,96.91133675157526,,1.3,-9.585766467586987,-10.885766467586988,4.033333333333332,,0.10000000000000009,
2000-10-01,33655022.833333336,3.7,106.37261950568208,1.3135718726712102,-1.071364364328165,3480489.6969102737,102.02591711664272,,-0.1,10.533444133131532,10.633444133131531,3.933333333333333,,-0.2999999999999998,
2000-11-01,33678504.416666664,3.9,92.52972964009729,-1.871158322408905,-3.0886105219168893,3857715.57842745,97.28417806088385,,-0.6,10.838299043150457,11.438299043150456,3.8666666666666667,,-0.19999999999999973,
2000-12-01,33701986.0,4.4,104.54302482307824,-0.4143726990729371,4.3768580017598335,3670595.7874730905,97.58215870191329,,0.4,-4.850533616338726,-5.250533616338727,4.0,,0.40000000000000036,
2001-01-01,33722386.083333336,5.1,100.60649748350012,1.9420513898408456,3.222156348919599,4472025.841851713,85.15896554811316,,1.1,21.833786686992916,20.733786686992914,4.466666666666667,,1.3999999999999995,
2001-02-01,33742786.166666664,5.5,108.80652061839508,3.830307997594397,-0.0107412037210491,4031066.8386169383,97.56189205069956,,0.5,-9.860385848132502,-10.360385848132502,5.0,,1.6,
2001-03-01,33763186.25,5.1,97.1289256133409,-0.4864175960665228,4.4038815512177205,4208462.401636547,91.76102791368066,,0.9,4.400710038349898,3.5007100383498977,5.233333333333333,,0.6999999999999993,
2001-04-01,33783586.333333336,4.1,95.80133000455224,3.74411347085376,1.1890762215280573,4581825.815210958,101.8187053750442,,0.4,8.871729813463958,8.471729813463957,4.8999999999999995,,-1.0,
2001-05-01,33803986.416666664,3.7,109.92793834756542,-1.799868600371605,3.1253829999145815,3217616.27364233,92.55397461770654,,-0.1,-29.774364993092096,-29.674364993092095,4.3,,-1.7999999999999998,
2001-06-01,33824386.5,3.6,102.41513842129132,3.0451515014022332,-0.8325143420460545,4171863.87496722,74.15853941466298,,0.3,29.656973366954187,29.356973366954186,3.8000000000000003,,-1.4999999999999996,
2001-07-01,33844786.583333336,3.6,101.1014751040776,-0.3969145155345157,-1.948570313869761,3782767.8540293816,88.19927397598606,,0.2,-9.32667106596079,-9.52667106596079,3.6333333333333333,,-0.49999999999999956,
2001-08-01,33865186.666666664,3.6,104.64643884476838,-1.019684545972444,3.1402317096063954,3530237.842751336,104.59792243118726,,0.4,-6.675799864616394,-7.075799864616394,3.6,,-0.10000000000000009,
2001-09-01,33885586.75,3.3,110.97402677301072,3.1778905974074845,10.971520950985523,3876529.700150294,95.88591886550924,,-0.1,9.809306704646037,9.909306704646037,3.5,,-0.30000000000000027,
2001-10-01,33905986.833333336,3.3,92.67580598824098,-2.4980685001036753,2.385010645820096,3179517.8841332896,97.5869912329719,,0.0,-17.980303775048633,-17.980303775048633,3.4,,-0.30000000000000027,
2001-11-01,33926386.916666664,3.4,95.94607536974368,-2.119686923685865,2.810200285019284,3626336.2138314946,97.68326526582888,,-0.6,14.053021432210123,14.653021432210123,3.3333333333333335,,-0.20000000000000018,
2001-12-01,33946787.0,3.7,101.27171710885258,-5.786027850638064,-2.395118523171353,2597489.363344193,81.51749456735654,,0.2,-28.37152403472948,-28.571524034729478,3.4666666666666663,,0.40000000000000036,
2002-01-01,33964175.0,4.1,96.75472188398946,5.660024511902012,2.6771546889303295,4616869.213701871,92.94473467656223,,0.6,77.7435272249887,77.1435272249887,3.733333333333333,,0.7999999999999998,
2002-02-01,33981563.0,4.1,86.93030000300655,-3.087885051048771,4.86979106052168,4005572.578781023,86.26437223432622,,0.5,-13.24050144428288,-13.74050144428288,3.9666666666666663,,0.6999999999999997,
2002-03-01,33998951.0,3.8,102.3354291165426,-1.867303409045048,4.22082768796793,2460910.3353792205,112.87873443852826,,0.6,-38.56283247954215,-39.16283247954215,4.0,,0.09999999999999964,
2002-04-01,34016339.0,3.4,107.59820929692668,1.4984934163792067,0.3898394605198198,4084310.824997653,93.28946542205875,,0.6,65.96747822460871,65.36747822460872,3.766666666666666,,-0.6999999999999997,
2002-05-01,34033727.0,3.1,94.0101890979701,1.2668792532788966,-1.051248299524767,3545148.982062969,91.80316868106098,,0.4,-13.200803416693773,-13.600803416693774,3.4333333333333336,,-0.9999999999999996,
2002-06-01,34051115.0,2.9,96.13880421593596,2.897547358290261,-2.6397320451140387,3636597.0479790666,92.75780305776182,,-0.1,2.5795267386163,2.6795267386163,3.1333333333333333,,-0.8999999999999999,
2002-07-01,34068503.0,3.0,96.38752184430894,2.251903291178333,-3.815811060244632,3416683.6861615498,98.2463601568712,,-0.3,-6.047229289253464,-5.747229289253464,3.0,,-0.3999999999999999,
2002-08-01,34085891.0,3.2,99.98278385521058,-6.271895876576554,1.348140947525951,3950469.379626088,83.7674413291982,,0.7,15.622918083593973,14.922918083593974,3.033333333333333,,0.10000000000000009,
2002-09-01,34103279.0,2.7,94.99341533243762,-3.701258575382166,-1.017114555714989,3320587.7742506037,87.22350369777998,,0.6,-15.944475069823284,-16.544475069823285,2.966666666666667,,-0.19999999999999973,
2002-10-01,34120667.0,2.8,88.54902446530008,0.7458535270099245,-2.7809219666888696,3330371.2876423676,85.72387049449515,,-0.3,0.294631976532278,0.5946319765322781,2.9,,-0.20000000000000018,
2002-11-01,34138055.0,2.9,96.7943137391874,-1.9317233120844783,5.077981208449893,3730463.756962128,93.22408610407086,,0.1,12.01344939539739,11.913449395397391,2.8000000000000003,,-0.30000000000000027,
2002-12-01,34155443.0,3.1,103.20048533891034,5.364890014357595,1.919913265961838,3559007.284831634,97.851988331436,,0.5,-4.596116818197382,-5.096116818197382,2.933333333333333,,0.3999999999999999,
2003-01-01,34173119.416666664,3.7,104.60275616211176,0.248949995899365,-4.364737193098696,3792080.215847558,86.42552786893683,,0.6,6.548818599199646,5.9488185991996465,3.233333333333334,,0.9000000000000004,
2003-02-01,34190795.833333336,3.8,106.85712101879288,-2.1281194124507405,-0.3439698884971736,3643302.8777218712,87.03991106995318,,0.5,-3.9233700147989548,-4.423370014798955,3.533333333333333,,0.8999999999999999,
2003-03-01,34208472.25,3.7,108.3979893800702,-0.1950150691185252,1.5114527193791991,3269350.8206073698,94.79413983634456,,1.2,-10.264094687300073,-11.464094687300072,3.733333333333334,,0.6000000000000001,
2003-04-01,34226148.666666664,3.5,106.562207879471,-0.2994328466037275,0.7848251425169795,3228649.734218648,105.39239134443284,,-0.2,-1.2449286914140378,-1.0449286914140379,3.6666666666666665,,-0.20000000000000018,
2003-05-01,34243825.083333336,3.4,104.97475633661882,-1.615985538983835,4.017613481534508,3385848.9846024932,88.53671166471423,,-0.2,4.868885240717757,5.068885240717758,3.5333333333333337,,-0.3999999999999999,
2003-06-01,34261501.5,3.4,103.68244364274624,-4.928855634127338,3.924541996265952,3637590.3165144464,92.27464514716353,,-0.3,7.435102187273368,7.735102187273368,3.433333333333333,,-0.30000000000000027,
2003-07-01,34279177.916666664,3.6,103.60793552768044,-2.2710570116767266,-0.1488215932955107,2516417.9590306226,93.33004290852996,,-0.1,-30.821842481649654,-30.721842481649652,3.4666666666666663,,0.10000000000000009,
2003-08-01,34296854.333333336,3.5,102.4004925453294,-0.2725823594217651,3.795459847064504,2982814.4410523204,88.67657533649553,,0.5,18.534142166167157,18.034142166167157,3.5,,0.10000000000000009,
2003-09-01,34314530.75,3.3,107.92200189845892,-4.702526127320169,2.002560155375635,2788144.195782785,83.66040178154253,,0.9,-6.5263947562509745,-7.426394756250975,3.4666666666666663,,-0.10000000000000009,
2003-10-01,34332207.166666664,3.4,97.68427151417232,2.770827014393528,-2.9772737998899057,4385859.558321795,83.4182205977369,,0.1,57.30390002624826,57.203900026248256,3.4,,-0.20000000000000018,
2003-11-01,34349883.583333336,3.5,110.97170656986695,2.2803457076201092,-1.9228909650108992,3519356.46426432,87.56907257574684,,-0.2,-19.756745115409803,-19.556745115409804,3.4,,0.0,
2003-12-01,34367560.0,3.8,103.04408481408832,-0.6743525542032844,4.102128557657431,2933429.2812661435,100.9993798605138,,0.5,-16.64870236782502,-17.14870236782502,3.5666666666666664,,0.5,
2004-01-01,34380405.25,4.0,86.93555954111254,3.218787837338269,-0.32049239082395,3036550.430074207,87.04652896749867,,0.6,3.5153787230062017,2.9153787230062016,3.766666666666666,,0.6000000000000001,
2004-02-01,34393250.5,4.1,106.10711449896868,1.1622324710131084,-0.6588473804260467,2908204.8895968995,82.25676573421593,,0.4,-4.226688916678755,-4.626688916678756,3.9666666666666663,,0.5999999999999996,
2004-03-01,34406095.75,4.0,106.26198644549088,-2.091359933840184,-2.7543016429109675,4101990.15330896,93.2328743889578,,1.0,41.04887066184422,40.04887066184422,4.033333333333333,,0.20000000000000018,
2004-04-01,34418941.0,3.7,97.91918371920246,-7.404875245308268,1.176319237278383,3896302.440596491,90.75885870467232,,0.0,-5.014339504119647,-5.014339504119647,3.9333333333333336,,-0.2999999999999998,
2004-05-01,34431786.25,3.5,97.39320497302676,2.3097336384743623,1.2984042654023993,3916723.4571888153,87.53592784863417,,-0.1,0.5241127172149973,0.6241127172149973,3.733333333333333,,-0.5999999999999996,
2004-06-01,34444631.5,3.4,102.14928940346812,5.36750680675984,-2.9775076530812297,3560088.158080352,103.02363762004777,,0.0,-9.105450078531563,-9.105450078531563,3.533333333333333,,-0.6000000000000001,
2004-07-01,34457476.75,3.6,104.73893141347386,-1.5803243870297012,-0.3501960545692961,3330990.2040422116,82.10554997518857,,0.6,-6.435176430059897,-7.035176430059897,3.5,,-0.10000000000000009,
2004-08-01,34470322.0,3.6,102.5524223200422,0.7639733026985249,-2.656833756782323,3909815.775193279,102.57178113860331,,0.9,17.376982089249402,16.476982089249404,3.533333333333333,,0.10000000000000009,
2004-09-01,34483167.25,3.3,99.78141763055416,-0.8653007887166274,2.98247289307565,2595029.8493573605,81.15508464605713,,0.0,-33.62782293165522,-33.62782293165522,3.5,,-0.10000000000000009,
2004-10-01,34496012.5,3.4,105.11304964366975,-3.1619296328788784,-2.432733475665404,3378506.854340372,97.38273190137636,,0.0,30.191444818140866,30.191444818140866,3.4333333333333336,,-0.20000000000000018,
2004-11-01,34508857.75,3.5,100.3408903163133,-4.088379108604348,1.748336528186146,2527396.209982739,79.27282969792353,,-0.6,-25.19191705247572,-24.59191705247572,3.4,,-0.10000000000000009,
2004-12-01,34521703.0,3.8,111.20754290560951,-4.929031519162157,-1.1641016524430694,2830336.306912404,77.2491008149773,,0.2,11.986252718632272,11.786252718632273,3.5666666666666664,,0.5,
2005-01-01,34531603.916666664,4.3,109.10954812571322,-4.6376835551145135,-7.259623856174332,3023150.9737564605,83.82765794741523,,1.0,6.812429546734555,5.812429546734555,3.8666666666666667,,0.8999999999999999,
2005-02-01,34541504.833333336,4.3,101.45334866236436,-3.177592279180389,-1.1875567603889898,3046592.162125059,97.27193969729028,,0.4,0.7753892733802559,0.37538927338025585,4.133333333333333,,0.7999999999999998,
2005-03-01,34551405.75,4.1,103.27046158191098,-1.7878523355519274,5.114380422468466,3013115.135326192,87.2329447431232,,0.6,-1.0988351908420957,-1.6988351908420958,4.233333333333333,,0.2999999999999998,
2005-04-01,34561306.666666664,3.8,97.00927110080926,0.9581669529447844,2.0741026540331,2530248.9711025725,97.74473226279468,,0.1,-16.025480027710437,-16.125480027710438,4.066666666666666,,-0.5,
2005-05-01,34571207.583333336,3.6,97.3086951775074,4.02724666867247,8.74165894210036,2636001.4597656336,87.73558669329802,,-0.1,4.179528966154611,4.2795289661546105,3.8333333333333335,,-0.6999999999999997,
2005-06-01,34581108.5,3.6,102.3762246867814,-4.651984078948349,-2.933710742133325,2363620.6423017727,92.03173480515277,,-0.3,-10.333105714140167,-10.033105714140166,3.6666666666666665,,-0.49999999999999956,
2005-07-01,34591009.416666664,3.7,98.26626993246418,-0.5118809041224298,-1.5714586140124895,3111329.293045585,87.20969491387038,,0.4,31.634037940016825,31.234037940016826,3.6333333333333333,,-0.09999999999999964,
2005-08-01,34600910.333333336,3.6,105.38312700321016,1.4435774173940952,-3.9378242501634952,2182320.4270018116,81.93856154070919,,0.3,-29.85890526342826,-30.15890526342826,3.6333333333333333,,0.0,
2005-09-01,34610811.25,3.6,100.40733905750218,6.728019981116308,1.266630293713094,3737540.7994542704,91.540214618659,,0.5,71.26452894862483,70.76452894862483,3.6333333333333333,,0.0,
2005-10-01,34620712.166666664,3.6,107.9273265551413,-1.927675632226857,5.486521665678941,3158261.7038412206,98.29621188946028,,-0.2,-15.498937046991756,-15.298937046991757,3.6,,-0.10000000000000009,
2005-11-01,34630613.083333336,3.3,98.731508648882,2.026216419736988,-4.3987372585522095,3466413.063538702,96.99217384388444,,-0.4,9.756992567230704,10.156992567230704,3.5,,-0.30000000000000027,
2005-12-01,34640514.0,3.5,99.98518050915712,1.5527998668333598,-3.2556897950831933,1761392.53788895,89.42445242423526,,0.3,-49.186882647770055,-49.48688264777005,3.466666666666667,,-0.10000000000000009,
2006-01-01,34664878.916666664,3.8,99.33741746296698,0.7597856832546379,2.863962551780221,2907464.6873802487,91.78705659595823,,0.6,65.06625438897792,64.46625438897793,3.533333333333333,,0.19999999999999973,
2006-02-01,34689243.833333336,4.1,103.3097715465509,0.5692039448407596,0.3500020946221618,2630880.9461597437,90.95140909040416,,0.2,-9.512883937026206,-9.712883937026206,3.7999999999999994,,0.7999999999999998,
2006-03-01,34713608.75,3.9,102.11899787257902,4.839299221235563,-1.5801856414436997,4046925.518806823,91.65353099490584,,0.6,53.823970055127646,53.223970055127644,3.933333333333333,,0.3999999999999999,
2006-04-01,34737973.666666664,3.5,98.01053310056392,0.8845581330861542,-1.2404886158139496,2022060.7099595864,70.92079797662225,,0.1,-50.03464480473657,-50.134644804736574,3.8333333333333335,,-0.2999999999999998,
2006-05-01,34762338.583333336,3.2,96.92834892592988,2.348174422158789,-0.8916563378688754,3232156.600264812,89.8372395414741,,0.2,59.84468638082636,59.64468638082636,3.533333333333333,,-0.8999999999999995,
2006-06-01,34786703.5,3.4,98.76933275020342,-4.525545800732196,4.808399585961743,2276386.6603406677,89.12434333069257,,-0.2,-29.570656936790673,-29.370656936790674,3.3666666666666667,,-0.5,
2006-07-01,34811068.416666664,3.4,86.96052426285397,0.002534494650302,3.888862139289542,2336014.6284035477,92.0204155773323,,0.4,2.619412997876047,2.2194129978760473,3.3333333333333335,,-0.10000000000000009,
2006-08-01,34835433.333333336,3.4,107.058160419262,1.4862345539168669,1.6122444078950844,2165586.952142929,88.4597850134477,,0.6,-7.295659632794771,-7.895659632794771,3.4,,0.19999999999999973,
2006-09-01,34859798.25,3.2,98.5265494266318,-1.3384526848526923,-0.5508373732809477,3018131.066244194,99.95536442159474,,0.3,39.3678080327202,39.0678080327202,3.3333333333333335,,-0.19999999999999973,
2006-10-01,34884163.166666664,3.3,97.73322506322044,6.7973160126112795,0.3482774261501921,3278070.877129059,87.8556247575278,,-0.5,8.612608438119885,9.112608438119885,3.2999999999999994,,-0.10000000000000009,
2006-11-01,34908528.083333336,3.2,96.92219864629816,0.4502947948704458,-0.9396369452978688,2981996.632025217,78.51843838716454,,-0.5,-9.03196593977077,-8.53196593977077,3.233333333333333,,-0.19999999999999973,
2006-12-01,34932893.0,3.3,101.35009530289469,1.9311192978117893,3.102523096823718,3317645.700585256,83.58599167286584,,0.3,11.255850021939274,10.955850021939273,3.266666666666667,,0.09999999999999964,
2007-01-01,34955866.916666664,3.6,101.93366507360328,2.403158248314498,-0.52967827698155,2462824.4548175987,96.95812720207788,,0.2,-25.765899162073293,-25.965899162073292,3.3666666666666667,,0.30000000000000027,
2007-02-01,34978840.833333336,3.7,101.58279595106484,-4.144451576129934,-0.2720189595545337,2569434.417888473,86.1050971143719,,0.7,4.328768250710335,3.628768250710335,3.533333333333333,,0.5,
2007-03-01,35001814.75,3.5,102.58299579470363,0.453652162971996,0.0456599454441258,2601699.3936475315,101.6061771176278,,0.6,1.2557228756036487,0.6557228756036487,3.6,,0.20000000000000018,
2007-04-01,35024788.666666664,3.4,96.97509356610516,-4.4154292412799405,-1.5263771597047948,3947488.297045703,96.65018267562888,,0.4,51.727302035128744,51.327302035128746,3.5333333333333337,,-0.20000000000000018,
2007-05-01,35047762.583333336,3.2,103.1224474122469,-0.4741752071633718,-0.5101518600696575,2670314.5925623532,68.73028359464814,,0.1,-32.35408463247846,-32.45408463247846,3.3666666666666667,,-0.5,
2007-06-01,35070736.5,3.2,98.52613447252692,1.4317463855185637,1.589708142626932,2435299.557888554,82.64832550713379,,0.0,-8.801024243674826,-8.801024243674826,3.266666666666667,,-0.2999999999999998,
2007-07-01,35093710.416666664,3.3,101.72019048754586,-3.1883990800637396,0.2276521746283005,1893663.599533055,92.21707461341003,,0.4,-22.241040392792854,-22.641040392792853,3.233333333333333,,-0.10000000000000009,
2007-08-01,35116684.333333336,3.1,96.87385081324685,-1.899506475809143,-2.094565772401576,3255076.9462964796,79.76116370680315,,0.1,71.89309374163003,71.79309374163003,3.1999999999999997,,-0.10000000000000009,
2007-09-01,35139658.25,3.0,104.4165612222254,-3.59500565500428,-0.0457370226605484,2242728.1498778546,95.99428492122998,,0.6,-31.100610311852762,-31.700610311852763,3.1333333333333333,,-0.20000000000000018,
2007-10-01,35162632.166666664,3.0,108.80540556583315,-3.111402182240215,4.243617510273542,3096185.009179982,77.59842983417442,,0.2,38.054405271927806,37.8544052719278,3.033333333333333,,-0.2999999999999998,
2007-11-01,35185606.083333336,3.0,98.51551803203532,-0.5886772230347487,-2.631668450462811,2666556.1219258513,99.37280806032597,,0.0,-13.876072843848464,-13.876072843848464,3.0,,-0.10000000000000009,
2007-12-01,35208580.0,3.1,100.9893524568334,-2.6581811654203675,0.3686479640975957,3512972.383417133,108.91528171081583,,0.4,31.741925644526802,31.341925644526803,3.0333333333333337,,0.10000000000000009,
2008-01-01,35240139.416666664,3.3,104.17624288405602,2.110922220636205,1.0909550157434222,2506977.0,95.96936222655988,,0.5,-28.636586731108395,-29.136586731108395,3.1333333333333333,,0.2999999999999998,
2008-02-01,35271698.833333336,3.5,93.44516742915076,6.941361636043512,-0.3557698282325465,2802574.0,88.37459096044954,,0.4,11.790973750457233,11.390973750457233,3.3000000000000003,,0.5,
2008-03-01,35303258.25,3.4,95.68912187561033,-1.2947619353712911,-1.744936319938541,2462429.0,88.33624398280668,,0.9,-12.136878455305734,-13.036878455305734,3.4,,0.2999999999999998,
2008-04-01,35334817.666666664,3.2,98.86256488127522,-1.967255583596743,3.120653861663774,2460087.0,89.73349628571549,,0.6,-0.09510934122364256,-0.6951093412236425,3.3666666666666667,,-0.09999999999999964,
2008-05-01,35366377.083333336,3.1,96.59271035461342,3.5250919488761436,0.4044111783133576,2335684.0,95.00288825586271,,0.8,-5.056853680377971,-5.856853680377971,3.233333333333333,,-0.3999999999999999,
2008-06-01,35397936.5,3.1,97.70507195335648,3.296079128414684,3.3878873571366652,2585567.0,85.33333333333333,96.66666666666667,0.6,10.698493460587999,10.098493460588,3.1333333333333333,,-0.2999999999999998,
2008-07-01,35429495.916666664,3.1,93.52251311652545,4.662012574731292,0.687413283949207,2590580.0,90.0,91.66666666666667,0.7,0.19388397206492325,-0.5061160279350767,3.1,,-0.10000000000000009,
2008-08-01,35461055.333333336,3.1,106.64931146655825,-1.0561860544252326,0.9020820721550455,2512826.0,84.0,94.0,-0.2,-3.0014128110307348,-2.8014128110307346,3.1,94.11111111111113,0.0,
2008-09-01,35492614.75,3.0,97.38975271913884,0.9286228798600016,-2.257504529846148,2769733.0,81.66666666666667,88.33333333333333,0.1,10.223827674498743,10.123827674498743,3.066666666666667,91.33333333333333,-0.10000000000000009,-8.333333333333343
2008-10-01,35524174.166666664,3.0,102.81630186064716,1.461013322560864,-0.1085813834656677,2483047.0,77.0,86.66666666666667,-0.1,-10.350672790481974,-10.250672790481975,3.033333333333333,89.66666666666667,-0.10000000000000009,-5.0
2008-11-01,35555733.583333336,3.0,105.26961788453237,-0.4825162464773544,2.516075508545504,2339772.0,65.33333333333333,75.33333333333333,-0.3,-5.770128394669937,-5.4701283946699375,3.0,83.44444444444444,-0.10000000000000009,-18.66666666666667
2008-12-01,35587293.0,3.3,95.49298043952892,0.8273644063891021,2.913826607860305,2980712.0,56.0,60.333333333333336,0.0,27.39326737818899,27.39326737818899,3.1,74.11111111111111,0.2999999999999998,-27.999999999999993
2009-01-01,35613492.333333336,3.6,96.9031325241524,-0.725331325933275,-0.7522831211274399,2871563.0,51.666666666666664,53.666666666666664,0.1,-3.6618432106154453,-3.7618432106154454,3.3000000000000003,63.11111111111111,0.6000000000000001,-33.00000000000001
2009-02-01,35639691.666666664,3.9,99.65215727166418,0.1050457916743443,-1.548176148753546,2551617.0,60.0,55.0,0.7,-11.141876392751959,-11.841876392751958,3.6,56.333333333333336,0.8999999999999999,-20.33333333333333
2009-03-01,35665891.0,4.0,98.94138087459646,-0.7197423335165114,3.7773619907499616,2497739.0,69.33333333333333,66.66666666666667,0.7,-2.1115237906002338,-2.8115237906002335,3.8333333333333335,58.444444444444436,0.7000000000000002,6.333333333333336
2009-04-01,35692090.333333336,3.8,99.58044145956876,1.9748395827530856,-0.4896940728701545,2520384.0,76.0,75.33333333333333,0.3,0.906619947080145,0.606619947080145,3.9,65.66666666666667,0.19999999999999973,21.666666666666664
2009-05-01,35718289.666666664,3.8,100.45113134474056,4.325283883121094,-0.4816422476347703,2391680.0,76.66666666666667,76.0,0.0,-5.106523450394862,-5.106523450394862,3.8666666666666667,72.66666666666667,-0.10000000000000009,21.0
2009-06-01,35744489.0,3.8,95.77201696910112,-1.4262786299980696,-3.454906520928891,2621092.0,73.33333333333333,77.33333333333333,-0.1,9.592085897778958,9.692085897778957,3.8,76.22222222222221,-0.20000000000000018,10.666666666666657
2009-07-01,35770688.333333336,3.7,106.08127807900392,-0.4306316286963194,-1.2658881348368771,2632050.0,75.0,79.0,0.4,0.41807002577551877,0.01807002577551875,3.766666666666667,77.44444444444444,-0.09999999999999964,3.6666666666666714
2009-08-01,35796887.666666664,3.7,97.02346082447056,1.07441651703538,4.296287274807519,2552408.0,77.0,81.0,0.4,-3.0258543720674047,-3.4258543720674046,3.733333333333333,79.1111111111111,-0.09999999999999964,5.0
2009-09-01,35823087.0,3.3,101.41659228495188,0.2634577264689503,1.3671484612093576,2807716.0,86.66666666666667,90.66666666666667,0.1,10.002632807920996,9.902632807920996,3.566666666666667,83.55555555555556,-0.5,13.333333333333343
2009-10-01,35849286.333333336,3.2,96.63353086580366,3.9472938691874586,0.3734032798838955,2593417.0,89.33333333333333,94.0,-0.3,-7.632502717511313,-7.332502717511313,3.4,88.55555555555556,-0.5,15.0
2009-11-01,35875485.666666664,3.3,113.0796284515281,1.353208222173552,0.1508669003165002,2395535.0,83.66666666666667,87.66666666666667,0.2,-7.630165145057655,-7.830165145057655,3.266666666666667,90.77777777777779,-0.40000000000000036,6.666666666666671
2009-12-01,35901685.0,3.5,95.21435137039204,-2.4884182414446507,0.7943810338905355,3206599.0,90.66666666666669,89.0,0.4,33.857322059581676,33.45732205958168,3.3333333333333335,90.22222222222223,0.20000000000000018,-1.6666666666666714
2010-01-01,35927258.25,5.0,99.18650831336332,3.860807879522075,2.136656059564559,2724947.0,87.0,88.33333333333333,0.8,-15.020649604144454,-15.820649604144455,3.9333333333333336,88.33333333333333,1.7999999999999998,-5.666666666666671
2010-02-01,35952831.5,4.8,98.95949630273464,1.1842374463660117,-1.1539101368979936,3059578.0,86.66666666666667,89.66666666666667,0.2,12.280275542973861,12.080275542973862,4.433333333333334,89.0,1.5,2.0
2010-03-01,35978404.75,4.1,99.97591378320692,2.5303110739563692,4.519045689230857,2688558.0,89.66666666666667,93.33333333333333,0.2,-12.126508949927084,-12.326508949927083,4.633333333333333,90.44444444444444,0.5999999999999996,4.333333333333329
2010-04-01,36003978.0,3.7,92.48394223775745,-0.9183027289646803,-3.4144571577146636,2683715.0,88.66666666666667,93.33333333333333,0.4,-0.18013373711855962,-0.5801337371185596,4.2,92.1111111111111,-1.2999999999999998,5.0
2010-05-01,36029551.25,3.2,97.52041424252305,7.252492946063257,4.496706274620699,2534632.0,94.0,95.66666666666667,0.1,-5.555098063691566,-5.6550980636915655,3.6666666666666665,94.1111111111111,-1.5999999999999996,6.0
2010-06-01,36055124.5,3.5,98.30160153237544,0.8997408188872746,-2.9264120718460807,2779569.0,99.66666666666669,101.33333333333333,-0.1,9.663611916838422,9.763611916838421,3.466666666666667,96.77777777777777,-0.5999999999999996,8.0
2010-07-01,36080697.75,3.7,100.67852575633682,0.6311589591848293,1.191228813550279,2880341.0,96.33333333333331,105.33333333333333,0.2,3.6254541621380865,3.4254541621380863,3.466666666666667,100.77777777777779,0.0,12.0
2010-08-01,36106271.0,3.3,101.334858428302,-1.8945222779075472,-0.5888355598702814,2713821.0,92.33333333333331,100.33333333333333,0.5,-5.781259927210003,-6.281259927210003,3.5,102.33333333333333,0.09999999999999964,4.666666666666657
2010-09-01,36131844.25,3.4,106.37453924503538,-4.174418188534507,4.419035094578231,3119490.0,92.33333333333331,103.33333333333333,0.8,14.948259299342137,14.148259299342136,3.466666666666667,103.0,-0.10000000000000009,2.0
2010-10-01,36157417.5,3.3,98.54810743954748,2.3930982194682264,-1.7033615746382376,2651630.0,97.0,105.0,0.0,-14.997964410849207,-14.997964410849207,3.3333333333333335,102.88888888888887,-0.40000000000000036,-0.3333333333333286
2010-11-01,36182990.75,3.0,108.65520009797952,-1.6828888402982964,0.2560633584832433,2576714.0,98.66666666666669,98.66666666666667,-0.5,-2.8252810535406514,-2.3252810535406514,3.233333333333333,102.33333333333333,-0.2999999999999998,-1.6666666666666572
2010-12-01,36208564.0,3.5,104.91523118774369,-5.335134081342439,-3.807694611155548,3394230.0,96.33333333333331,99.33333333333333,0.4,31.727075647510738,31.32707564751074,3.266666666666666,101.0,0.10000000000000009,-4.0
2011-01-01,36245350.25,3.8,95.7,0.062761659092523,3.0466841976059857,2726580.0,90.66666666666669,95.33333333333333,1.2,-19.670146100882967,-20.870146100882966,3.4333333333333336,97.77777777777777,0.5,-9.666666666666671
2011-02-01,36282136.5,4.5,95.13333333333334,-3.8687946458969225,0.2886876664458533,2550340.0,90.33333333333331,97.33333333333333,0.7,-6.46377513221692,-7.16377513221692,3.9333333333333336,97.33333333333333,1.5,-1.3333333333333428
2011-03-01,36318922.75,4.3,94.56666666666666,3.0086539853339738,-2.041193206307189,2509242.0,92.66666666666669,97.33333333333333,0.4,-1.611471411654919,-2.011471411654919,4.2,96.66666666666667,0.7999999999999998,-2.0
2011-04-01,36355709.0,3.7,94.0,-1.7,-1.8,2494914.0,96.66666666666669,98.0,0.1,-0.5710090935828416,-0.6710090935828416,4.166666666666667,97.55555555555556,-0.09999999999999964,2.6666666666666714
2011-05-01,36392495.25,3.2,93.83333333333331,-1.3,-1.3666666666666667,2402915.0,96.66666666666669,103.66666666666667,0.2,-3.687461772229428,-3.887461772229428,3.733333333333333,99.66666666666667,-1.2999999999999998,6.333333333333343
2011-06-01,36429281.5,3.3,93.66666666666669,-0.9,-0.9333333333333332,2561934.0,93.66666666666669,99.0,0.2,6.617753853132546,6.417753853132546,3.4,100.22222222222223,-1.0,1.6666666666666714
2011-07-01,36466067.75,3.3,93.5,-0.5,-0.5,2654356.0,89.0,99.33333333333333,0.5,3.6075090146740596,3.1075090146740596,3.266666666666667,100.66666666666667,-0.40000000000000036,1.3333333333333286
2011-08-01,36502854.0,3.0,93.93333333333334,0.0999999999999999,0.1333333333333333,2648146.0,86.0,93.33333333333333,0.7,-0.23395505350450874,-0.9339550535045087,3.1999999999999997,97.22222222222221,-0.20000000000000018,-10.333333333333343
2011-09-01,36539640.25,3.0,94.36666666666666,0.7,0.7666666666666666,2730221.0,87.33333333333333,92.66666666666667,-0.1,3.0993381784841123,3.1993381784841124,3.1,95.1111111111111,-0.2999999999999998,-6.333333333333329
2011-10-01,36576426.5,2.9,94.8,1.3,1.4,2559302.0,89.0,94.0,-0.2,-6.2602624476187145,-6.060262447618714,2.966666666666667,93.33333333333333,-0.3999999999999999,-5.333333333333329
2011-11-01,36613212.75,2.9,93.36666666666666,-0.5666666666666664,-0.5666666666666669,2421743.0,88.0,92.0,0.1,-5.374863927742801,-5.474863927742801,2.9333333333333336,92.8888888888889,-0.10000000000000009,-1.3333333333333286
2011-12-01,36649999.0,3.0,91.93333333333334,-2.4333333333333327,-2.5333333333333337,3020516.0,88.0,90.0,0.4,24.724877908184318,24.32487790818432,2.9333333333333336,92.0,0.0,-2.6666666666666714
2012-01-01,36667156.833333336,3.5,90.5,-4.3,-4.5,3071099.0,86.0,84.0,0.4,1.674647642985505,1.2746476429855051,3.133333333333333,88.66666666666667,0.6000000000000001,-10.0
2012-02-01,36684314.666666664,4.2,91.4,-1.9666666666666663,-2.0,2641502.0,89.66666666666667,86.33333333333333,0.4,-13.988380055478512,-14.388380055478512,3.5666666666666664,86.77777777777777,1.3000000000000003,-5.666666666666671
2012-03-01,36701472.5,3.7,92.3,0.3666666666666671,0.5,2643494.0,91.66666666666669,93.66666666666667,0.0,0.07541164080133722,0.07541164080133722,3.8000000000000003,88.0,0.7000000000000002,3.6666666666666714
2012-04-01,36718630.333333336,3.5,93.2,2.7,3.0,2614140.0,90.66666666666669,93.66666666666667,0.0,-1.1104243096447308,-1.1104243096447308,3.8000000000000003,91.22222222222221,0.0,9.666666666666671
2012-05-01,36735788.166666664,3.1,92.7,1.3,1.4666666666666668,2517112.0,90.66666666666669,95.33333333333333,0.2,-3.711660431346442,-3.911660431346442,3.4333333333333336,94.22222222222223,-1.1,9.0
2012-06-01,36752946.0,3.2,92.2,-0.1,-0.0666666666666664,2715980.0,89.66666666666667,94.33333333333333,-0.1,7.9006416877755115,8.000641687775511,3.266666666666667,94.44444444444444,-0.5,0.6666666666666572
2012-07-01,36770103.833333336,3.1,91.7,-1.5,-1.6,2746391.0,84.33333333333333,91.33333333333333,-0.2,1.1197063306799038,1.3197063306799037,3.1333333333333333,93.66666666666667,-0.3999999999999999,-2.333333333333343
2012-08-01,36787261.666666664,3.0,93.56666666666666,0.8999999999999999,1.0,2646977.0,82.33333333333333,86.66666666666667,0.5,-3.6198050459675946,-4.119805045967595,3.1,90.77777777777779,-0.10000000000000009,-8.666666666666657
2012-09-01,36804419.5,2.9,95.43333333333334,3.3,3.6,3022210.0,82.33333333333333,88.66666666666667,0.7,14.175907081927797,13.475907081927797,3.0,88.8888888888889,-0.30000000000000027,-5.666666666666657
2012-10-01,36821577.333333336,2.8,97.3,5.7,6.2,2648717.0,82.33333333333333,90.33333333333333,-0.2,-12.358274243020839,-12.15827424302084,2.9,88.55555555555556,-0.30000000000000027,-1.0
2012-11-01,36838735.166666664,2.8,96.36666666666666,2.8666666666666667,3.166666666666667,2522360.0,78.66666666666667,87.33333333333333,-0.4,-4.770498320507633,-4.370498320507632,2.8333333333333335,88.77777777777777,-0.20000000000000018,0.6666666666666572
2012-12-01,36855893.0,2.9,95.43333333333334,0.0333333333333332,0.1333333333333337,3136057.0,76.66666666666667,82.33333333333333,0.2,24.330270064542738,24.13027006454274,2.8333333333333335,86.66666666666667,0.0,-6.333333333333343
2013-01-01,36869068.333333336,3.4,94.5,-2.8,-2.9,2878333.0,69.66666666666667,81.0,0.6,-8.21809042373911,-8.81809042373911,3.033333333333333,83.55555555555556,0.6000000000000001,-9.333333333333329
2013-02-01,36882243.666666664,3.9,94.83333333333331,-1.5333333333333332,-1.6,3024921.0,89.0,75.0,0.3,5.092808927945436,4.792808927945436,3.4,79.44444444444444,1.1,-12.333333333333329
2013-03-01,36895419.0,3.5,95.16666666666669,-0.2666666666666666,-0.2999999999999998,2741080.0,89.0,89.66666666666667,-0.1,-9.38341860828762,-9.28341860828762,3.6,81.8888888888889,0.6000000000000001,7.333333333333343
2013-04-01,36908594.333333336,3.2,95.5,1.0,1.0,2726595.0,91.33333333333331,92.33333333333333,-0.1,-0.5284413442876557,-0.4284413442876557,3.533333333333333,85.66666666666667,-0.19999999999999973,11.333333333333329
2013-05-01,36921769.666666664,3.0,95.86666666666666,1.0666666666666669,1.0666666666666669,2638623.0,92.33333333333331,92.33333333333333,0.0,-3.226441770780042,-3.226441770780042,3.233333333333333,91.44444444444444,-0.8999999999999999,17.33333333333333
2013-06-01,36934945.0,3.1,96.23333333333332,1.1333333333333333,1.1333333333333333,2788249.0,88.66666666666667,85.66666666666667,-0.1,5.670609253387093,5.770609253387093,3.1,90.1111111111111,-0.3999999999999999,-4.0
2013-07-01,36948120.333333336,3.1,96.6,1.2,1.2,2852987.0,88.0,88.33333333333333,0.2,2.321815591075249,2.121815591075249,3.0666666666666664,88.77777777777777,-0.10000000000000009,-4.0
2013-08-01,36961295.666666664,3.0,97.5,1.7000000000000002,1.7333333333333334,2748651.0,87.33333333333333,88.33333333333333,0.4,-3.657079404848318,-4.057079404848318,3.0666666666666664,87.44444444444446,0.0,-4.0
2013-09-01,36974471.0,2.7,98.4,2.2,2.2666666666666666,3089022.0,89.33333333333333,89.66666666666667,0.2,12.383201796081057,12.183201796081057,2.9333333333333336,88.77777777777777,-0.3999999999999999,4.0
2013-10-01,36987646.333333336,2.7,99.3,2.7,2.8,2741630.0,92.33333333333331,92.66666666666667,-0.3,-11.246018966520799,-10.946018966520798,2.8000000000000003,90.22222222222223,-0.3999999999999999,4.333333333333343
2013-11-01,37000821.666666664,2.6,98.26666666666668,0.7666666666666666,0.833333333333333,2609844.0,92.0,90.33333333333333,0.0,-4.806848480648373,-4.806848480648373,2.6666666666666665,90.8888888888889,-0.3999999999999999,2.0
2013-12-01,37013997.0,3.0,97.23333333333332,-1.166666666666667,-1.1333333333333335,3203784.0,88.66666666666667,89.33333333333333,0.1,22.757682068353514,22.657682068353513,2.766666666666667,90.77777777777777,0.2999999999999998,-0.3333333333333428
2014-01-01,37034150.583333336,3.4,96.2,-3.1,-3.1,3319070.0,87.66666666666667,87.33333333333333,0.5,3.5984323537417096,3.0984323537417096,3.0,89.0,0.6999999999999997,-5.333333333333343
2014-02-01,37054304.166666664,4.5,96.96666666666668,-1.3333333333333333,-1.3,2787893.0,87.0,88.0,0.3,-16.003790218344292,-16.303790218344293,3.6333333333333333,88.22222222222223,1.9,-2.3333333333333286
2014-03-01,37074457.75,3.9,97.73333333333332,0.4333333333333335,0.5,2789271.0,92.0,92.33333333333333,0.2,0.0494280088941812,-0.15057199110581881,3.9333333333333336,89.22222222222221,0.8999999999999999,3.0
2014-04-01,37094611.333333336,3.8,98.5,2.2,2.3,2774949.0,96.33333333333331,95.66666666666667,0.1,-0.5134674974213715,-0.6134674974213715,4.066666666666666,92.0,0.3999999999999999,8.333333333333343
2014-05-01,37114764.916666664,3.5,97.86666666666666,0.8333333333333337,0.9000000000000001,2692179.0,91.0,92.66666666666667,0.2,-2.982757520949031,-3.182757520949031,3.733333333333333,93.55555555555556,-1.0,4.666666666666671
2014-06-01,37134918.5,3.5,97.23333333333332,-0.5333333333333328,-0.4999999999999995,2830482.0,90.0,92.0,-0.1,5.137214130264001,5.237214130264,3.5999999999999996,93.44444444444446,-0.3999999999999999,-0.3333333333333286
2014-07-01,37155072.083333336,3.4,96.6,-1.9,-1.9,2901166.0,89.33333333333333,90.66666666666667,0.1,2.4972425191186476,2.3972425191186475,3.466666666666667,91.77777777777777,-0.3999999999999999,-5.0
2014-08-01,37175225.666666664,3.3,97.53333333333332,-0.3333333333333335,-0.3,2880137.0,89.66666666666667,90.33333333333333,0.2,-0.7248464927549825,-0.9248464927549824,3.4,91.0,-0.20000000000000018,-2.333333333333343
2014-09-01,37195379.25,3.1,98.46666666666668,1.233333333333333,1.2999999999999998,3029571.0,89.0,91.66666666666667,-0.1,5.188433744644794,5.288433744644793,3.266666666666667,90.8888888888889,-0.3999999999999999,-0.3333333333333286
2014-10-01,37215532.833333336,3.2,99.4,2.8,2.9,2845273.0,91.66666666666669,93.66666666666667,-0.3,-6.083303543637031,-5.7833035436370315,3.1999999999999997,91.88888888888887,-0.19999999999999973,3.0
2014-11-01,37235686.416666664,3.0,98.2,0.6666666666666665,0.7333333333333334,2730332.0,90.33333333333331,93.33333333333333,-0.2,-4.039717805637633,-3.8397178056376324,3.1,92.8888888888889,-0.2999999999999998,3.0
2014-12-01,37255840.0,3.3,97.0,-1.4666666666666668,-1.4333333333333331,3276944.0,89.33333333333333,89.66666666666667,0.0,20.019982917828315,20.019982917828315,3.1666666666666665,92.22222222222221,0.19999999999999973,-2.0
2015-01-01,37271511.333333336,3.7,95.8,-3.6,-3.6,3026406.0,88.33333333333333,88.0,0.7,-7.6454770054050325,-8.345477005405032,3.3333333333333335,90.33333333333333,0.5,-5.666666666666671
2015-02-01,37287182.666666664,4.5,95.63333333333333,-2.5666666666666664,-2.6,3207266.0,86.33333333333333,89.0,-0.1,5.976065339547976,6.076065339547975,3.8333333333333335,88.8888888888889,1.5,-4.333333333333329
2015-03-01,37302854.0,4.0,95.46666666666668,-1.5333333333333332,-1.6,2882539.0,89.66666666666667,90.66666666666667,0.0,-10.124729286563694,-10.124729286563694,4.066666666666667,89.22222222222223,0.7000000000000002,1.0
2015-04-01,37318525.333333336,3.9,95.3,-0.5,-0.6,2838156.0,93.66666666666669,93.33333333333333,0.0,-1.5397189769158381,-1.5397189769158381,4.133333333333334,91.0,0.19999999999999973,5.333333333333329
2015-05-01,37334196.666666664,3.7,95.33333333333331,-0.2666666666666667,-0.3333333333333333,2774308.0,92.0,95.33333333333333,0.3,-2.24962968913619,-2.54962968913619,3.8666666666666667,93.1111111111111,-0.7999999999999998,6.333333333333329
2015-06-01,37349868.0,3.8,95.36666666666667,-0.0333333333333333,-0.0666666666666666,2922342.0,86.33333333333333,94.66666666666667,0.0,5.335889165874885,5.335889165874885,3.8000000000000003,94.44444444444444,-0.20000000000000018,4.0
2015-07-01,37365539.333333336,3.6,95.4,0.2,0.2,3002242.0,90.66666666666669,91.33333333333333,0.2,2.7341084650598813,2.534108465059881,3.6999999999999997,93.77777777777777,-0.2999999999999998,-2.0
2015-08-01,37381210.666666664,3.4,96.13333333333334,0.8666666666666667,0.8999999999999999,2908695.0,90.66666666666669,91.0,0.1,-3.11590471387716,-3.21590471387716,3.6,92.33333333333333,-0.30000000000000027,-4.333333333333329
2015-09-01,37396882.0,3.2,96.86666666666666,1.5333333333333332,1.5999999999999996,3202426.0,92.33333333333331,94.33333333333333,-0.3,10.09837745105624,10.398377451056241,3.4,92.22222222222221,-0.5999999999999996,-0.3333333333333428
2015-10-01,37412553.333333336,3.1,97.6,2.2,2.3,2863369.0,92.66666666666669,94.33333333333333,0.0,-10.587504598076581,-10.587504598076581,3.233333333333333,93.22222222222223,-0.5,3.0
2015-11-01,37428224.666666664,3.0,97.13333333333333,1.0000000000000002,1.0333333333333332,2796705.0,94.0,92.66666666666667,-0.2,-2.328166575806334,-2.128166575806334,3.1,93.77777777777779,-0.3999999999999999,1.6666666666666714
2015-12-01,37443896.0,3.2,96.66666666666669,-0.1999999999999997,-0.2333333333333334,3469831.0,92.33333333333331,94.33333333333333,0.3,24.068537797157717,23.768537797157716,3.1,93.77777777777777,0.0,0.0
2016-01-01,37456584.416666664,3.7,96.2,-1.4,-1.5,3202856.0,90.33333333333331,93.0,0.2,-7.694178765478776,-7.8941787654787765,3.3000000000000003,93.33333333333333,0.6000000000000001,-1.3333333333333286
2016-02-01,37469272.833333336,4.9,96.63333333333334,-0.4666666666666667,-0.5333333333333333,3378088.0,87.66666666666667,91.33333333333333,0.4,5.471117028052452,5.071117028052452,3.9333333333333336,92.88888888888887,1.9000000000000004,-1.3333333333333428
2016-03-01,37481961.25,4.2,97.06666666666666,0.4666666666666665,0.4333333333333333,2977677.0,90.0,91.66666666666667,-0.3,-11.85318440490597,-11.55318440490597,4.266666666666667,92.0,1.0,-2.666666666666657
2016-04-01,37494649.666666664,3.9,97.5,1.4,1.4,2940236.0,93.66666666666669,93.0,0.2,-1.2573895691171288,-1.4573895691171288,4.333333333333333,92.0,0.19999999999999973,0.0
2016-05-01,37507338.083333336,3.6,97.73333333333332,1.1333333333333333,1.1333333333333333,2866530.0,89.33333333333333,93.66666666666667,0.1,-2.5068055761510277,-2.606805576151028,3.9,92.77777777777779,-1.3000000000000003,2.333333333333343
2016-06-01,37520026.5,3.6,97.96666666666668,0.8666666666666666,0.8666666666666666,2999452.0,93.33333333333331,93.0,0.0,4.637035021437064,4.637035021437064,3.6999999999999997,93.22222222222221,-0.6000000000000001,1.3333333333333286
2016-07-01,37532714.916666664,3.5,98.2,0.6,0.6,3102290.0,92.0,94.0,-0.2,3.4285596168900145,3.6285596168900147,3.5666666666666664,93.55555555555554,-0.3999999999999999,1.0
2016-08-01,37545403.333333336,3.6,98.6,0.7999999999999999,0.7999999999999999,3038101.0,92.66666666666669,92.0,0.3,-2.06908445051881,-2.36908445051881,3.5666666666666664,93.0,0.0,-1.6666666666666714
2016-09-01,37558091.75,3.5,99.0,1.0,1.0,3309239.0,93.66666666666669,94.0,0.6,8.924588089731046,8.324588089731046,3.5333333333333337,93.33333333333333,-0.10000000000000009,1.0
2016-10-01,37570780.166666664,3.3,99.4,1.2,1.2,2992505.0,95.66666666666669,96.66666666666667,0.1,-9.571203530479366,-9.671203530479366,3.466666666666667,94.22222222222223,-0.20000000000000018,2.6666666666666714
2016-11-01,37583468.583333336,3.1,98.23333333333332,-0.3333333333333332,-0.3333333333333332,2921903.0,92.66666666666669,95.33333333333333,-0.1,-2.3592943036018332,-2.259294303601833,3.3000000000000003,95.33333333333333,-0.5,3.3333333333333286
2016-12-01,37596157.0,3.2,97.06666666666668,-1.8666666666666665,-1.8666666666666665,3545269.0,92.0,92.66666666666667,0.1,21.33424689320624,21.23424689320624,3.1999999999999997,94.8888888888889,-0.2999999999999998,-1.3333333333333286
2017-01-01,37594107.916666664,3.7,95.9,-3.4,-3.4,3715429.0,91.33333333333331,94.33333333333333,1.1,4.7996357963246306,3.6996357963246305,3.3333333333333335,94.1111111111111,0.40000000000000036,-2.333333333333343
2017-02-01,37592058.833333336,4.9,97.5,-0.7000000000000002,-0.6333333333333329,3072011.0,89.66666666666667,92.66666666666667,0.3,-17.31746185972064,-17.617461859720642,3.9333333333333336,93.22222222222223,1.8000000000000003,-2.666666666666657
2017-03-01,37590009.75,4.1,99.1,1.9999999999999996,2.133333333333334,3102611.0,91.66666666666669,94.0,-0.1,0.9960901832708258,1.0960901832708259,4.233333333333333,93.66666666666667,0.8999999999999995,1.3333333333333286
2017-04-01,37587960.666666664,4.2,100.7,4.7,4.9,3056823.0,96.66666666666669,94.33333333333333,-0.1,-1.4757892626565128,-1.3757892626565127,4.3999999999999995,93.66666666666667,0.5,0.0
2017-05-01,37585911.583333336,3.6,100.1,2.5333333333333337,2.7,2972304.0,94.33333333333331,96.66666666666667,0.1,-2.7649294708918415,-2.8649294708918416,3.966666666666667,95.0,-1.3000000000000003,4.0
2017-06-01,37583862.5,3.8,99.5,0.3666666666666671,0.5,3108580.0,99.0,98.33333333333333,-0.2,4.584860767942978,4.784860767942978,3.8666666666666667,96.44444444444444,-0.2999999999999998,4.333333333333329
2017-07-01,37581813.416666664,3.4,98.9,-1.8,-1.7,3202685.0,97.0,99.0,0.2,3.0272664689343642,2.827266468934364,3.6,98.0,-0.8000000000000003,4.666666666666671
2017-08-01,37579764.333333336,3.6,102.4,2.3000000000000007,2.3999999999999995,3086065.0,96.0,96.66666666666667,0.6,-3.6413197051848645,-4.241319705184864,3.6,98.0,0.0,0.0
2017-09-01,37577715.25,3.3,105.9,6.400000000000001,6.499999999999999,3484332.0,98.66666666666669,99.33333333333333,0.1,12.90533413910595,12.80533413910595,3.433333333333333,98.33333333333333,-0.5,1.0
2017-10-01,37575666.166666664,3.2,109.4,10.5,10.6,3066083.0,99.33333333333331,97.66666666666667,-0.1,-12.003706879826604,-11.903706879826604,3.3666666666666667,97.8888888888889,-0.19999999999999973,-1.3333333333333286
2017-11-01,37573617.083333336,3.1,106.1,3.7,4.033333333333333,3007110.0,96.33333333333331,98.66666666666667,-0.7,-1.923398681640387,-1.223398681640387,3.2000000000000006,98.55555555555554,-0.5,2.0
2017-12-01,37571568.0,3.3,102.8,-3.0999999999999996,-2.533333333333333,3608145.0,98.66666666666669,98.0,0.4,19.987130500713302,19.587130500713304,3.1999999999999997,98.11111111111113,0.0,-1.3333333333333286
2018-01-01,37575930.583333336,3.7,99.5,-9.9,-9.1,3626186.0,96.33333333333331,94.66666666666667,0.4,0.5000076216449267,0.10000762164492671,3.366666666666667,97.1111111111111,0.5,-3.0
2018-02-01,37580293.166666664,4.6,100.63333333333334,-5.466666666666667,-4.8999999999999995,3767989.0,95.0,97.0,0.8,3.910527479836934,3.110527479836934,3.8666666666666667,96.55555555555556,1.4999999999999996,-1.6666666666666714
2018-03-01,37584655.75,4.5,101.76666666666668,-1.0333333333333332,-0.6999999999999993,3277528.0,95.0,100.33333333333333,-0.1,-13.016518891111417,-12.916518891111417,4.266666666666667,97.33333333333333,1.2000000000000002,2.3333333333333286
2018-04-01,37589018.333333336,4.1,102.9,3.4,3.5,3175124.0,100.66666666666669,101.0,0.2,-3.1244279225074556,-3.324427922507456,4.3999999999999995,99.44444444444444,0.39999999999999947,6.333333333333329
2018-05-01,37593380.916666664,4.0,103.43333333333334,2.8,2.8666666666666667,3122052.0,101.66666666666669,104.66666666666667,0.0,-1.671493774731314,-1.671493774731314,4.2,102.0,-0.5999999999999996,7.666666666666671
2018-06-01,37597743.5,3.7,103.96666666666668,2.2,2.2333333333333334,3224385.0,100.66666666666669,104.66666666666667,-0.2,3.277748096444255,3.4777480964442553,3.9333333333333336,103.44444444444446,-0.7999999999999998,4.333333333333343
2018-07-01,37602106.083333336,3.7,104.5,1.6,1.6,3387269.0,97.33333333333331,100.0,-0.2,5.0516300007598325,5.251630000759833,3.8000000000000003,103.11111111111113,-0.39999999999999947,-1.0
2018-08-01,37606468.666666664,4.0,105.1,1.6666666666666667,1.6333333333333333,3236170.0,98.66666666666669,99.33333333333333,0.9,-4.460791274622711,-5.360791274622711,3.8000000000000003,101.33333333333333,0.0,-5.333333333333343
2018-09-01,37610831.25,3.6,105.7,1.7333333333333334,1.6666666666666667,3628521.0,98.33333333333331,101.33333333333333,0.8,12.123930448647634,11.323930448647634,3.766666666666667,100.22222222222221,-0.10000000000000009,-3.333333333333343
2018-10-01,37615193.833333336,3.5,106.3,1.8,1.7,3166601.0,98.33333333333331,101.66666666666667,-0.2,-12.730255660639688,-12.530255660639689,3.6999999999999997,100.77777777777777,-0.20000000000000018,1.6666666666666714
2018-11-01,37619556.416666664,3.2,104.83333333333331,-0.2666666666666668,-0.2666666666666668,3102895.0,97.66666666666669,100.66666666666667,-0.7,-2.0118101396418453,-1.3118101396418453,3.4333333333333336,101.22222222222223,-0.7999999999999998,1.3333333333333428
2018-12-01,37623919.0,3.4,103.36666666666667,-2.333333333333334,-2.2333333333333334,3808010.0,98.0,99.33333333333333,-0.3,22.72442348194186,23.02442348194186,3.366666666666667,100.55555555555556,-0.20000000000000018,-2.0
2019-01-01,37624238.083333336,4.5,101.9,-4.4,-4.2,3940764.0,96.0,97.33333333333333,-0.1,3.486177819911185,3.586177819911185,3.7000000000000006,99.1111111111111,1.0,-4.333333333333343
2019-02-01,37624557.166666664,4.7,101.9,-2.9333333333333336,-2.8,3644108.0,94.66666666666669,98.33333333333333,0.4,-7.527880380555652,-7.927880380555652,4.2,98.33333333333333,1.5,-2.333333333333343
2019-03-01,37624876.25,4.3,101.9,-1.4666666666666668,-1.4,3396664.0,98.0,102.66666666666667,-0.2,-6.790248807115484,-6.590248807115484,4.5,99.44444444444446,0.8999999999999999,3.333333333333343
2019-04-01,37625195.333333336,4.4,101.9,0.0,0.0,3304599.0,100.66666666666669,101.66666666666667,0.4,-2.7104535508958194,-3.1104535508958193,4.466666666666666,100.8888888888889,-0.09999999999999964,4.333333333333343
2019-05-01,37625514.416666664,4.0,102.2,0.3,0.3,3247215.0,97.33333333333331,101.0,0.2,-1.7364890566147317,-1.9364890566147317,4.233333333333333,101.77777777777779,-0.7000000000000002,2.6666666666666714
2019-06-01,37625833.5,4.0,102.5,0.6,0.6,3329311.0,97.66666666666669,101.0,-0.2,2.5281972397885655,2.7281972397885657,4.133333333333333,101.22222222222223,-0.2999999999999998,-1.6666666666666714
2019-07-01,37626152.583333336,3.9,102.8,0.9,0.9,3483591.0,100.33333333333331,98.0,-0.3,4.633991837950857,4.933991837950857,3.966666666666667,100.0,-0.5000000000000004,-3.6666666666666714
2019-08-01,37626471.666666664,3.0,104.56666666666666,2.3666666666666667,2.3333333333333335,3374106.0,93.0,96.66666666666667,0.2,-3.1428775651332175,-3.3428775651332177,3.6333333333333333,98.55555555555554,-1.0,-4.333333333333329
2019-09-01,37626790.75,3.1,106.33333333333331,3.833333333333333,3.7666666666666666,3745193.0,86.0,89.66666666666667,0.4,10.998083640525813,10.598083640525813,3.3333333333333335,94.77777777777777,-0.8999999999999999,-11.333333333333329
2019-10-01,37627109.833333336,3.0,108.1,5.3,5.2,3322895.0,86.33333333333333,84.0,0.2,-11.275733987540825,-11.475733987540824,3.033333333333333,90.1111111111111,-0.8999999999999999,-14.0
2019-11-01,37627428.916666664,3.1,103.96666666666668,-0.5999999999999996,-0.3333333333333339,3220069.0,94.66666666666669,82.66666666666667,-0.6,-3.094470333850452,-2.494470333850452,3.0666666666666664,85.44444444444446,0.10000000000000009,-14.0
2019-12-01,37627748.0,3.4,99.83333333333331,-6.499999999999999,-5.866666666666668,3885631.0,91.33333333333331,95.33333333333333,0.2,20.669184418097863,20.469184418097864,3.1666666666666665,87.33333333333333,0.2999999999999998,5.666666666666657
2020-01-01,37606977.5,4.1,95.7,-12.4,-11.4,3885631.0,105.33333333333331,100.0,0.4,0.0,-0.4,3.533333333333333,92.66666666666667,1.0999999999999996,16.0
2020-02-01,37586207.0,4.1,96.76666666666668,-7.233333333333333,-6.500000000000001,3885631.0,97.66666666666669,101.66666666666667,0.1,0.0,-0.1,3.8666666666666667,99.0,0.9999999999999996,19.0
2020-03-01,37565436.5,4.2,97.83333333333334,-2.0666666666666664,-1.6000000000000014,3885631.0,94.33333333333331,102.0,-0.2,0.0,0.2,4.133333333333333,101.22222222222223,0.8000000000000003,6.666666666666671
2020-04-01,37544666.0,4.2,98.9,3.1,3.3,3885631.0,74.33333333333333,31.666666666666668,-0.4,0.0,0.4,4.166666666666667,78.44444444444444,0.10000000000000053,-68.33333333333333
2020-05-01,37523895.5,4.5,98.66666666666669,1.8333333333333337,1.9666666666666663,3885631.0,82.0,74.66666666666667,-0.1,0.0,0.1,4.3,69.44444444444444,0.40000000000000036,-27.0
2020-06-01,37503125.0,4.3,98.43333333333334,0.5666666666666669,0.6333333333333333,3885631.0,78.0,80.33333333333333,0.3,0.0,-0.3,4.333333333333333,62.22222222222223,0.09999999999999964,-21.66666666666667
2020-07-01,37482354.5,4.0,98.2,-0.7,-0.7,3885631.0,94.66666666666669,81.0,-0.1,0.0,0.1,4.266666666666667,78.66666666666667,-0.20000000000000018,49.33333333333333
2020-08-01,37461584.0,3.1,101.23333333333332,2.5666666666666664,2.6333333333333337,3885631.0,89.0,105.33333333333333,0.6,0.0,-0.6,3.8000000000000003,88.88888888888887,-1.4,30.666666666666657
2020-09-01,37440813.5,3.6,104.26666666666668,5.833333333333332,5.966666666666667,3885631.0,93.66666666666669,89.66666666666667,0.5,0.0,-0.5,3.5666666666666664,92.0,-0.6999999999999997,9.333333333333343
2020-10-01,37420043.0,3.7,107.3,9.1,9.3,3885631.0,88.0,92.33333333333333,-0.6,0.0,0.6,3.466666666666667,95.77777777777779,-0.2999999999999998,11.333333333333329
2020-11-01,37399272.5,3.4,105.8,4.566666666666666,4.800000000000001,3885631.0,93.66666666666669,79.33333333333333,-0.1,0.0,0.1,3.566666666666667,87.1111111111111,0.2999999999999998,-26.0
2020-12-01,37378502.0,4.1,104.3,0.0333333333333332,0.3000000000000007,3885631.0,95.0,92.66666666666667,0.2,0.0,-0.2,3.733333333333333,88.1111111111111,0.49999999999999956,3.0
2021-01-01,37351237.916666664,5.7,102.8,-4.5,-4.2,3885631.0,89.66666666666667,94.33333333333333,0.7,0.0,-0.7,4.3999999999999995,88.77777777777777,2.0,2.0
2021-02-01,37323973.833333336,4.9,102.43333333333334,-3.3666666666666667,-3.166666666666667,3885631.0,92.66666666666669,84.0,0.5,0.0,-0.5,4.8999999999999995,90.33333333333333,1.5000000000000004,4.666666666666671
2021-03-01,37296709.75,4.3,102.06666666666666,-2.2333333333333334,-2.1333333333333333,3885631.0,89.66666666666667,104.33333333333333,0.3,0.0,-0.3,4.966666666666667,94.22222222222221,0.20000000000000018,11.666666666666657
2021-04-01,37269445.666666664,4.0,101.7,-1.1,-1.1,3885631.0,98.0,92.66666666666667,0.1,0.0,-0.1,4.3999999999999995,93.66666666666667,-1.7000000000000002,-1.6666666666666572
2021-05-01,37242181.583333336,4.0,102.5,0.0666666666666666,0.0666666666666666,3885631.0,94.66666666666669,100.33333333333333,0.1,0.0,-0.1,4.1000000000000005,99.11111111111113,-0.9000000000000004,16.33333333333333
2021-06-01,37214917.5,3.8,103.3,1.2333333333333334,1.2333333333333334,3885631.0,86.0,99.66666666666667,0.0,0.0,0.0,3.9333333333333336,97.55555555555556,-0.5,-4.666666666666657
2021-07-01,37187653.416666664,3.2,104.1,2.4,2.4,3885631.0,88.33333333333333,88.0,0.2,0.0,-0.2,3.6666666666666665,96.0,-0.7999999999999998,-4.666666666666671
2021-08-01,37160389.333333336,2.6,104.43333333333332,1.9333333333333331,1.9333333333333331,3885631.0,86.33333333333333,90.0,0.5,0.0,-0.5,3.1999999999999997,92.55555555555556,-1.4,-10.333333333333329
2021-09-01,37133125.25,2.7,104.76666666666668,1.4666666666666668,1.4666666666666668,3885631.0,86.0,90.0,0.4,0.0,-0.4,2.8333333333333335,89.33333333333333,-1.0999999999999996,-9.666666666666671
2021-10-01,37105861.166666664,2.8,105.1,1.0,1.0,3885631.0,84.66666666666667,89.66666666666667,0.2,0.0,-0.2,2.6999999999999997,89.88888888888887,-0.40000000000000036,1.6666666666666714
2021-11-01,37078597.083333336,2.6,104.7,0.2666666666666666,0.2999999999999999,3885631.0,86.66666666666667,90.66666666666667,0.5,0.0,-0.5,2.7000000000000006,90.1111111111111,0.0,0.6666666666666714
2021-12-01,37051333.0,3.5,104.3,-0.4666666666666668,-0.4000000000000001,3885631.0,87.0,98.0,0.2,0.0,-0.2,2.9666666666666663,92.77777777777777,0.7999999999999998,8.0
2022-01-01,37025677.916666664,4.1,103.9,-1.2,-1.1,3885631.0,86.66666666666667,100.33333333333333,0.8,0.0,-0.8,3.4,96.33333333333333,1.2999999999999998,10.666666666666657
2022-02-01,37000022.833333336,3.4,103.76666666666668,-0.9333333333333332,-0.8666666666666667,3885631.0,84.66666666666667,103.33333333333333,0.5,0.0,-0.5,3.6666666666666665,100.55555555555554,0.7999999999999998,12.666666666666657
2022-03-01,36974367.75,3.0,103.63333333333334,-0.6666666666666666,-0.6333333333333333,3885631.0,84.33333333333333,102.33333333333333,0.6,0.0,-0.6,3.5,102.0,-0.5,4.333333333333329
2022-04-01,36948712.666666664,3.0,103.5,-0.4,-0.4,3885631.0,91.33333333333331,103.0,0.7,0.0,-0.7,3.1333333333333333,102.88888888888887,-1.0999999999999996,2.6666666666666714
2022-05-01,36923057.583333336,3.0,103.53333333333332,-0.2333333333333333,-0.2333333333333333,3885631.0,105.0,111.33333333333333,0.6,0.0,-0.6,3.0,105.55555555555556,-0.3999999999999999,8.0
2022-06-01,36897402.5,3.0,103.56666666666666,-0.0666666666666667,-0.0666666666666667,3885631.0,104.66666666666669,105.33333333333333,0.7,0.0,-0.7,3.0,106.55555555555554,0.0,3.0
2022-07-01,36871747.416666664,2.9,103.6,0.1,0.1,3885631.0,104.66666666666669,102.66666666666667,0.5,0.0,-0.5,2.9666666666666663,106.44444444444444,-0.10000000000000009,-0.3333333333333286
2022-08-01,36846092.333333336,2.1,104.36666666666666,0.8333333333333333,0.8,3885631.0,102.66666666666669,102.33333333333333,-0.1,0.0,0.1,2.6666666666666665,103.44444444444446,-0.8999999999999999,-9.0
2022-09-01,36820437.25,2.4,105.13333333333334,1.5666666666666669,1.5000000000000002,3885631.0,97.0,102.33333333333333,0.2,0.0,-0.2,2.4666666666666663,102.44444444444444,-0.6000000000000001,-3.0
2022-10-01,36794782.166666664,2.4,105.9,2.3,2.2,3885631.0,104.66666666666669,100.66666666666667,0.3,0.0,-0.3,2.3000000000000003,101.77777777777777,-0.5,-2.0
2022-11-01,36769127.083333336,2.3,103.93333333333334,-0.4333333333333331,-0.3666666666666667,3885631.0,98.0,104.0,-0.1,0.0,0.1,2.3666666666666667,102.33333333333333,0.19999999999999973,1.6666666666666714
2022-12-01,36743472.0,3.0,101.96666666666668,-3.166666666666666,-2.9333333333333336,3885631.0,98.66666666666669,100.66666666666667,0.2,0.0,-0.2,2.5666666666666664,101.77777777777779,0.6000000000000001,-1.6666666666666572
2023-01-01,36729146.666666664,3.6,100.0,-5.9,-5.5,3885631.0,101.33333333333331,102.0,0.7,0.0,-0.7,2.9666666666666663,102.22222222222223,1.2000000000000002,1.3333333333333286
2023-02-01,36714821.333333336,3.1,102.03333333333332,-1.9333333333333336,-1.6666666666666663,3885631.0,101.0,101.0,0.2,0.0,-0.2,3.233333333333334,101.22222222222223,0.8000000000000003,-3.0
2023-03-01,36700496.0,2.9,104.06666666666666,2.033333333333333,2.166666666666667,3885631.0,106.0,102.33333333333333,0.2,0.0,-0.2,3.2000000000000006,101.77777777777777,-0.10000000000000009,1.6666666666666572
2023-04-01,36686170.666666664,2.8,106.1,6.0,6.0,3885631.0,102.0,103.66666666666667,0.2,0.0,-0.2,2.9333333333333336,102.33333333333333,-0.8000000000000003,1.6666666666666714
2023-05-01,36671845.333333336,2.7,106.46666666666668,4.4,4.366666666666666,3885631.0,98.33333333333331,100.33333333333333,0.3,0.0,-0.3,2.8000000000000003,102.1111111111111,-0.3999999999999999,-0.6666666666666714
2023-06-01,36657520.0,2.7,106.83333333333331,2.8000000000000003,2.733333333333333,3885631.0,97.0,99.33333333333333,0.0,0.0,0.0,2.733333333333333,101.1111111111111,-0.19999999999999973,-3.0
2023-07-01,36643194.666666664,2.7,107.2,1.2,1.1,3885631.0,97.0,98.33333333333333,0.1,0.0,-0.1,2.7,99.33333333333333,-0.09999999999999964,-5.333333333333343
2023-08-01,36628869.333333336,2.0,109.13333333333334,2.7333333333333334,2.5333333333333337,3885631.0,98.0,98.33333333333333,0.9,0.0,-0.9,2.466666666666667,98.66666666666667,-0.7000000000000002,-2.0
2023-09-01,36614544.0,2.3,111.06666666666666,4.266666666666667,3.9666666666666672,3885631.0,97.0,96.0,0.5,0.0,-0.5,2.3333333333333335,97.55555555555556,-0.40000000000000036,-3.3333333333333286
2023-10-01,36600218.666666664,2.1,113.0,5.8,5.4,3885631.0,96.33333333333331,98.33333333333333,0.4,0.0,-0.4,2.1333333333333333,97.55555555555554,-0.6000000000000001,0.0
2023-11-01,36585893.333333336,2.3,110.1,0.9666666666666668,1.0333333333333332,3885631.0,97.0,97.66666666666667,-0.5,0.0,0.5,2.233333333333333,97.33333333333333,0.2999999999999998,-0.6666666666666572
2023-12-01,36571568.0,3.3,107.2,-3.8666666666666663,-3.333333333333334,3885631.0,99.66666666666669,97.66666666666667,0.0,0.0,0.0,2.5666666666666664,97.8888888888889,1.0,1.6666666666666714
2024-01-01,36551236.083333336,3.7,104.3,-8.7,-7.7,3885631.0,101.0,99.33333333333333,0.4,0.0,-0.4,3.1,98.22222222222223,1.6,1.0
2024-02-01,36530904.166666664,3.2,105.56666666666666,-4.533333333333332,-3.9,3885631.0,99.0,102.0,0.5,0.0,-0.5,3.4,99.66666666666667,0.9000000000000004,4.333333333333329
2024-03-01,36510572.25,3.0,106.83333333333331,-0.3666666666666653,-0.0999999999999996,3885631.0,94.33333333333331,99.0,0.1,0.0,-0.1,3.3000000000000003,100.1111111111111,-0.2999999999999998,1.3333333333333286
2024-04-01,36490240.333333336,3.0,108.1,3.8,3.7,3885631.0,101.33333333333331,98.33333333333333,0.1,0.0,-0.1,3.0666666666666664,99.77777777777779,-0.7000000000000002,-1.0
2024-05-01,36469908.416666664,3.0,107.4,1.833333333333333,1.8,3885631.0,99.33333333333331,98.0,0.1,0.0,-0.1,3.0,98.44444444444446,-0.20000000000000018,-4.0
2024-06-01,36449576.5,2.9,106.7,-0.1333333333333337,-0.1,3885631.0,99.66666666666669,101.66666666666667,-0.2,0.0,0.2,2.966666666666667,99.33333333333333,-0.10000000000000009,2.6666666666666714
2024-07-01,36429244.583333336,2.5,106.0,-2.1,-2.0,3885631.0,97.66666666666669,100.66666666666667,0.3,0.0,-0.3,2.8000000000000003,100.11111111111113,-0.5,2.333333333333343
2024-08-01,36408912.666666664,1.9,107.4,0.0,-0.0333333333333332,3885631.0,99.0,100.33333333333333,0.4,0.0,-0.4,2.4333333333333336,100.8888888888889,-1.1,2.3333333333333286
2024-09-01,36388580.75,2.1,108.8,2.1,1.9333333333333336,3885631.0,95.66666666666669,101.0,0.1,0.0,-0.1,2.1666666666666665,100.66666666666667,-0.7999999999999998,-0.6666666666666714
2024-10-01,36368248.833333336,2.3,110.2,4.2,3.9,3885631.0,95.66666666666669,100.66666666666667,0.0,0.0,0.0,2.1,100.66666666666667,-0.20000000000000018,0.0
2024-11-01,36347916.916666664,2.2,109.33333333333331,1.9333333333333331,1.8333333333333337,3885631.0,97.66666666666669,100.0,-0.3,0.0,0.3,2.2,100.55555555555556,0.30000000000000027,-0.3333333333333286
2024-12-01,36327585.0,3.8,108.46666666666668,-0.3333333333333339,-0.2333333333333329,3885631.0,96.33333333333331,100.33333333333333,0.4,0.0,-0.4,2.766666666666667,100.33333333333333,1.6999999999999997,-0.6666666666666714
2025-01-01,36292968.833333336,3.7,107.6,-2.6,-2.3,3885631.0,93.66666666666669,98.0,0.7,0.0,-0.7,3.233333333333333,99.44444444444444,1.4000000000000004,-2.6666666666666714
2025-02-01,36258352.666666664,3.2,107.6,-2.6,-2.3,3885631.0,95.33333333333331,99.33333333333333,0.3,0.0,-0.3,3.5666666666666664,99.22222222222221,1.0,-0.6666666666666714
2025-03-01,36223736.5,3.1,107.6,-2.6,-2.3,3885631.0,98.0,100.0,0.2,0.0,-0.2,3.3333333333333335,99.11111111111113,-0.6999999999999997,-0.3333333333333286
2025-04-01,36189120.333333336,2.9,107.6,-2.6,-2.3,3885631.0,97.33333333333331,100.66666666666667,0.1,0.0,-0.1,3.0666666666666664,100.0,-0.8000000000000003,2.6666666666666714
2025-05-01,36154504.166666664,2.8,107.6,-2.6,-2.3,3885631.0,96.66666666666669,99.66666666666667,-0.1,0.0,0.1,2.9333333333333336,100.11111111111113,-0.40000000000000036,0.3333333333333428
2025-06-01,36119888.0,2.8,107.6,-2.6,-2.3,3885631.0,96.66666666666669,100.66666666666667,0.0,0.0,0.0,2.8333333333333335,100.33333333333333,-0.30000000000000027,0.6666666666666714
2025-07-01,36085271.833333336,2.4,107.6,-2.6,-2.3,3885631.0,96.66666666666669,100.0,0.2,0.0,-0.2,2.6666666666666665,100.1111111111111,-0.5,-0.6666666666666714
2025-08-01,36050655.666666664,2.4,107.6,-2.6,-2.3,3885631.0,99.66666666666669,,-0.1,0.0,0.1,2.533333333333333,,-0.3999999999999999,
2025-09-01,36016039.5,2.4,107.6,-2.6,-2.3,3885631.0,99.66666666666669,,,0.0,,2.4,,-0.3999999999999999,
2025-10-01,35981423.333333336,2.4,107.6,-2.6,-2.3,3885631.0,99.66666666666669,,,0.0,,2.4,,0.0,
2025-11-01,35946807.166666664,2.4,107.6,-2.6,-2.3,3885631.0,99.66666666666669,,,0.0,,2.4,,0.0,
2025-12-01,35912191.0,2.4,107.6,-2.6,-2.3,3885631.0,99.66666666666669,,,0.0,,2.4,,0.0,
